[?2026h[?25l[1Gpulling manifest ⠋ [K[?25h[?2026l[?2026h[?25l[1Gpulling manifest ⠹ [K[?25h[?2026l[?2026h[?25l[1Gpulling manifest ⠹ [K[?25h[?2026l[?2026h[?25l[1Gpulling manifest ⠸ [K[?25h[?2026l[?2026h[?25l[1Gpulling manifest [K
pulling 518db88bbc10:  23% ▕████              ▏ 872 MB/3.8 GB                  [K[?25h[?2026l[?2026h[?25l[A[1Gpulling manifest [K
pulling 518db88bbc10:  23% ▕████              ▏ 872 MB/3.8 GB                  [K[?25h[?2026l[?2026h[?25l[A[1Gpulling manifest [K
pulling 518db88bbc10:  23% ▕████              ▏ 872 MB/3.8 GB                  [K[?25h[?2026l[?2026h[?25l[A[1Gpulling manifest [K
pulling 518db88bbc10:  23% ▕████              ▏ 874 MB/3.8 GB                  [K[?25h[?2026l[?2026h[?25l[A[1Gpulling manifest [K
pulling 518db88bbc10:  23% ▕████              ▏ 877 MB/3.8 GB                  [K[?25h[?2026l[?2026h[?25l[A[1Gpulling manifest [K
pulling 518db88bbc10:  23% ▕████              ▏ 879 MB/3.8 GB                  [K[?25h[?2026l[?2026h[?25l[A[1Gpulling manifest [K
pulling 518db88bbc10:  23% ▕████              ▏ 881 MB/3.8 GB                  [K[?25h[?2026l[?2026h[?25l[A[1Gpulling manifest [K
pulling 518db88bbc10:  23% ▕████              ▏ 884 MB/3.8 GB                  [K[?25h[?2026l[?2026h[?25l[A[1Gpulling manifest [K
pulling 518db88bbc10:  23% ▕████              ▏ 885 MB/3.8 GB                  [K[?25h[?2026l[?2026h[?25l[A[1Gpulling manifest [K
pulling 518db88bbc10:  23% ▕████              ▏ 888 MB/3.8 GB                  [K[?25h[?2026l[?2026h[?25l[A[1Gpulling manifest [K
pulling 518db88bbc10:  23% ▕████              ▏ 890 MB/3.8 GB   17 MB/s   2m44s[K[?25h[?2026l[?2026h[?25l[A[1Gpulling manifest [K
pulling 518db88bbc10:  23% ▕████              ▏ 891 MB/3.8 GB   17 MB/s   2m44s[K[?25h[?2026l[?2026h[?25l[A[1Gpulling manifest [K
pulling 518db88bbc10:  23% ▕████              ▏ 892 MB/3.8 GB   17 MB/s   2m44s[K[?25h[?2026l[?2026h[?25l[A[1Gpulling manifest [K
pulling 518db88bbc10:  23% ▕████              ▏ 895 MB/3.8 GB   17 MB/s   2m44s[K[?25h[?2026l[?2026h[?25l[A[1Gpulling manifest [K
pulling 518db88bbc10:  23% ▕████              ▏ 896 MB/3.8 GB   17 MB/s   2m44s[K[?25h[?2026l[?2026h[?25l[A[1Gpulling manifest [K
pulling 518db88bbc10:  23% ▕████              ▏ 899 MB/3.8 GB   17 MB/s   2m44s[K[?25h[?2026l[?2026h[?25l[A[1Gpulling manifest [K
pulling 518db88bbc10:  23% ▕████              ▏ 901 MB/3.8 GB   17 MB/s   2m44s[K[?25h[?2026l[?2026h[?25l[A[1Gpulling manifest [K
pulling 518db88bbc10:  23% ▕████              ▏ 902 MB/3.8 GB   17 MB/s   2m44s[K[?25h[?2026l[?2026h[?25l[A[1Gpulling manifest [K
pulling 518db88bbc10:  24% ▕████              ▏ 905 MB/3.8 GB   17 MB/s   2m44s[K[?25h[?2026l[?2026h[?25l[A[1Gpulling manifest [K
pulling 518db88bbc10:  24% ▕████              ▏ 907 MB/3.8 GB   17 MB/s   2m44s[K[?25h[?2026l[?2026h[?25l[A[1Gpulling manifest [K
pulling 518db88bbc10:  24% ▕████              ▏ 909 MB/3.8 GB   17 MB/s   2m43s[K[?25h[?2026l[?2026h[?25l[A[1Gpulling manifest [K
pulling 518db88bbc10:  24% ▕████              ▏ 910 MB/3.8 GB   18 MB/s   2m35s[K[?25h[?2026l[?2026h[?25l[A[1Gpulling manifest [K
pulling 518db88bbc10:  24% ▕████              ▏ 913 MB/3.8 GB   18 MB/s   2m35s[K[?25h[?2026l[?2026h[?25l[A[1Gpulling manifest [K
pulling 518db88bbc10:  24% ▕████              ▏ 914 MB/3.8 GB   18 MB/s   2m35s[K[?25h[?2026l[?2026h[?25l[A[1Gpulling manifest [K
pulling 518db88bbc10:  24% ▕████              ▏ 916 MB/3.8 GB   18 MB/s   2m34s[K[?25h[?2026l[?2026h[?25l[A[1Gpulling manifest [K
pulling 518db88bbc10:  24% ▕████              ▏ 919 MB/3.8 GB   18 MB/s   2m34s[K[?25h[?2026l[?2026h[?25l[A[1Gpulling manifest [K
pulling 518db88bbc10:  24% ▕████              ▏ 920 MB/3.8 GB   18 MB/s   2m34s[K[?25h[?2026l[?2026h[?25l[A[1Gpulling manifest [K
pulling 518db88bbc10:  24% ▕████              ▏ 922 MB/3.8 GB   18 MB/s   2m34s[K[?25h[?2026l[?2026h[?25l[A[1Gpulling manifest [K
pulling 518db88bbc10:  24% ▕████              ▏ 925 MB/3.8 GB   18 MB/s   2m34s[K[?25h[?2026l[?2026h[?25l[A[1Gpulling manifest [K
pulling 518db88bbc10:  24% ▕████              ▏ 926 MB/3.8 GB   18 MB/s   2m34s[K[?25h[?2026l[?2026h[?25l[A[1Gpulling manifest [K
pulling 518db88bbc10:  24% ▕████              ▏ 929 MB/3.8 GB   18 MB/s   2m34s[K[?25h[?2026l[?2026h[?25l[A[1Gpulling manifest [K
pulling 518db88bbc10:  24% ▕████              ▏ 931 MB/3.8 GB   19 MB/s   2m29s[K[?25h[?2026l[?2026h[?25l[A[1Gpulling manifest [K
pulling 518db88bbc10:  24% ▕████              ▏ 933 MB/3.8 GB   19 MB/s   2m29s[K[?25h[?2026l[?2026h[?25l[A[1Gpulling manifest [K
pulling 518db88bbc10:  24% ▕████              ▏ 935 MB/3.8 GB   19 MB/s   2m29s[K[?25h[?2026l[?2026h[?25l[A[1Gpulling manifest [K
pulling 518db88bbc10:  24% ▕████              ▏ 937 MB/3.8 GB   19 MB/s   2m29s[K[?25h[?2026l[?2026h[?25l[A[1Gpulling manifest [K
pulling 518db88bbc10:  24% ▕████              ▏ 938 MB/3.8 GB   19 MB/s   2m29s[K[?25h[?2026l[?2026h[?25l[A[1Gpulling manifest [K
pulling 518db88bbc10:  24% ▕████              ▏ 941 MB/3.8 GB   19 MB/s   2m29s[K[?25h[?2026l[?2026h[?25l[A[1Gpulling manifest [K
pulling 518db88bbc10:  25% ▕████              ▏ 942 MB/3.8 GB   19 MB/s   2m29s[K[?25h[?2026l[?2026h[?25l[A[1Gpulling manifest [K
pulling 518db88bbc10:  25% ▕████              ▏ 944 MB/3.8 GB   19 MB/s   2m29s[K[?25h[?2026l[?2026h[?25l[A[1Gpulling manifest [K
pulling 518db88bbc10:  25% ▕████              ▏ 947 MB/3.8 GB   19 MB/s   2m29s[K[?25h[?2026l[?2026h[?25l[A[1Gpulling manifest [K
pulling 518db88bbc10:  25% ▕████              ▏ 950 MB/3.8 GB   19 MB/s   2m28s[K[?25h[?2026l[?2026h[?25l[A[1Gpulling manifest [K
pulling 518db88bbc10:  25% ▕████              ▏ 951 MB/3.8 GB   19 MB/s   2m26s[K[?25h[?2026l[?2026h[?25l[A[1Gpulling manifest [K
pulling 518db88bbc10:  25% ▕████              ▏ 954 MB/3.8 GB   19 MB/s   2m26s[K[?25h[?2026l[?2026h[?25l[A[1Gpulling manifest [K
pulling 518db88bbc10:  25% ▕████              ▏ 957 MB/3.8 GB   19 MB/s   2m26s[K[?25h[?2026l[?2026h[?25l[A[1Gpulling manifest [K
pulling 518db88bbc10:  25% ▕████              ▏ 958 MB/3.8 GB   19 MB/s   2m26s[K[?25h[?2026l[?2026h[?25l[A[1Gpulling manifest [K
pulling 518db88bbc10:  25% ▕████              ▏ 961 MB/3.8 GB   19 MB/s   2m26s[K[?25h[?2026l[?2026h[?25l[A[1Gpulling manifest [K
pulling 518db88bbc10:  25% ▕████              ▏ 963 MB/3.8 GB   19 MB/s   2m25s[K[?25h[?2026l[?2026h[?25l[A[1Gpulling manifest [K
pulling 518db88bbc10:  25% ▕████              ▏ 965 MB/3.8 GB   19 MB/s   2m25s[K[?25h[?2026l[?2026h[?25l[A[1Gpulling manifest [K
pulling 518db88bbc10:  25% ▕████              ▏ 968 MB/3.8 GB   19 MB/s   2m25s[K[?25h[?2026l[?2026h[?25l[A[1Gpulling manifest [K
pulling 518db88bbc10:  25% ▕████              ▏ 970 MB/3.8 GB   19 MB/s   2m25s[K[?25h[?2026l[?2026h[?25l[A[1Gpulling manifest [K
pulling 518db88bbc10:  25% ▕████              ▏ 971 MB/3.8 GB   19 MB/s   2m25s[K[?25h[?2026l[?2026h[?25l[A[1Gpulling manifest [K
pulling 518db88bbc10:  25% ▕████              ▏ 974 MB/3.8 GB   20 MB/s   2m20s[K[?25h[?2026l[?2026h[?25l[A[1Gpulling manifest [K
pulling 518db88bbc10:  25% ▕████              ▏ 976 MB/3.8 GB   20 MB/s   2m20s[K[?25h[?2026l[?2026h[?25l[A[1Gpulling manifest [K
pulling 518db88bbc10:  25% ▕████              ▏ 978 MB/3.8 GB   20 MB/s   2m20s[K[?25h[?2026l[?2026h[?25l[A[1Gpulling manifest [K
pulling 518db88bbc10:  26% ▕████              ▏ 980 MB/3.8 GB   20 MB/s   2m19s[K[?25h[?2026l[?2026h[?25l[A[1Gpulling manifest [K
pulling 518db88bbc10:  26% ▕████              ▏ 983 MB/3.8 GB   20 MB/s   2m19s[K[?25h[?2026l[?2026h[?25l[A[1Gpulling manifest [K
pulling 518db88bbc10:  26% ▕████              ▏ 984 MB/3.8 GB   20 MB/s   2m19s[K[?25h[?2026l[?2026h[?25l[A[1Gpulling manifest [K
pulling 518db88bbc10:  26% ▕████              ▏ 987 MB/3.8 GB   20 MB/s   2m19s[K[?25h[?2026l[?2026h[?25l[A[1Gpulling manifest [K
pulling 518db88bbc10:  26% ▕████              ▏ 989 MB/3.8 GB   20 MB/s   2m19s[K[?25h[?2026l[?2026h[?25l[A[1Gpulling manifest [K
pulling 518db88bbc10:  26% ▕████              ▏ 990 MB/3.8 GB   20 MB/s   2m19s[K[?25h[?2026l[?2026h[?25l[A[1Gpulling manifest [K
pulling 518db88bbc10:  26% ▕████              ▏ 992 MB/3.8 GB   20 MB/s   2m19s[K[?25h[?2026l[?2026h[?25l[A[1Gpulling manifest [K
pulling 518db88bbc10:  26% ▕████              ▏ 995 MB/3.8 GB   20 MB/s   2m19s[K[?25h[?2026l[?2026h[?25l[A[1Gpulling manifest [K
pulling 518db88bbc10:  26% ▕████              ▏ 996 MB/3.8 GB   20 MB/s   2m19s[K[?25h[?2026l[?2026h[?25l[A[1Gpulling manifest [K
pulling 518db88bbc10:  26% ▕████              ▏ 998 MB/3.8 GB   20 MB/s   2m19s[K[?25h[?2026l[?2026h[?25l[A[1Gpulling manifest [K
pulling 518db88bbc10:  26% ▕████              ▏ 1.0 GB/3.8 GB   20 MB/s   2m19s[K[?25h[?2026l[?2026h[?25l[A[1Gpulling manifest [K
pulling 518db88bbc10:  26% ▕████              ▏ 1.0 GB/3.8 GB   20 MB/s   2m19s[K[?25h[?2026l[?2026h[?25l[A[1Gpulling manifest [K
pulling 518db88bbc10:  26% ▕████              ▏ 1.0 GB/3.8 GB   20 MB/s   2m19s[K[?25h[?2026l[?2026h[?25l[A[1Gpulling manifest [K
pulling 518db88bbc10:  26% ▕████              ▏ 1.0 GB/3.8 GB   20 MB/s   2m18s[K[?25h[?2026l[?2026h[?25l[A[1Gpulling manifest [K
pulling 518db88bbc10:  26% ▕████              ▏ 1.0 GB/3.8 GB   20 MB/s   2m18s[K[?25h[?2026l[?2026h[?25l[A[1Gpulling manifest [K
pulling 518db88bbc10:  26% ▕████              ▏ 1.0 GB/3.8 GB   20 MB/s   2m18s[K[?25h[?2026l[?2026h[?25l[A[1Gpulling manifest [K
pulling 518db88bbc10:  26% ▕████              ▏ 1.0 GB/3.8 GB   20 MB/s   2m18s[K[?25h[?2026l[?2026h[?25l[A[1Gpulling manifest [K
pulling 518db88bbc10:  26% ▕████              ▏ 1.0 GB/3.8 GB   20 MB/s   2m18s[K[?25h[?2026l[?2026h[?25l[A[1Gpulling manifest [K
pulling 518db88bbc10:  26% ▕████              ▏ 1.0 GB/3.8 GB   20 MB/s   2m17s[K[?25h[?2026l[?2026h[?25l[A[1Gpulling manifest [K
pulling 518db88bbc10:  27% ▕████              ▏ 1.0 GB/3.8 GB   20 MB/s   2m17s[K[?25h[?2026l[?2026h[?25l[A[1Gpulling manifest [K
pulling 518db88bbc10:  27% ▕████              ▏ 1.0 GB/3.8 GB   20 MB/s   2m17s[K[?25h[?2026l[?2026h[?25l[A[1Gpulling manifest [K
pulling 518db88bbc10:  27% ▕████              ▏ 1.0 GB/3.8 GB   20 MB/s   2m17s[K[?25h[?2026l[?2026h[?25l[A[1Gpulling manifest [K
pulling 518db88bbc10:  27% ▕████              ▏ 1.0 GB/3.8 GB   20 MB/s   2m17s[K[?25h[?2026l[?2026h[?25l[A[1Gpulling manifest [K
pulling 518db88bbc10:  27% ▕████              ▏ 1.0 GB/3.8 GB   20 MB/s   2m17s[K[?25h[?2026l[?2026h[?25l[A[1Gpulling manifest [K
pulling 518db88bbc10:  27% ▕████              ▏ 1.0 GB/3.8 GB   20 MB/s   2m17s[K[?25h[?2026l[?2026h[?25l[A[1Gpulling manifest [K
pulling 518db88bbc10:  27% ▕████              ▏ 1.0 GB/3.8 GB   20 MB/s   2m17s[K[?25h[?2026l[?2026h[?25l[A[1Gpulling manifest [K
pulling 518db88bbc10:  27% ▕████              ▏ 1.0 GB/3.8 GB   20 MB/s   2m17s[K[?25h[?2026l[?2026h[?25l[A[1Gpulling manifest [K
pulling 518db88bbc10:  27% ▕████              ▏ 1.0 GB/3.8 GB   20 MB/s   2m16s[K[?25h[?2026l[?2026h[?25l[A[1Gpulling manifest [K
pulling 518db88bbc10:  27% ▕████              ▏ 1.0 GB/3.8 GB   20 MB/s   2m15s[K[?25h[?2026l[?2026h[?25l[A[1Gpulling manifest [K
pulling 518db88bbc10:  27% ▕████              ▏ 1.0 GB/3.8 GB   20 MB/s   2m15s[K[?25h[?2026l[?2026h[?25l[A[1Gpulling manifest [K
pulling 518db88bbc10:  27% ▕████              ▏ 1.0 GB/3.8 GB   20 MB/s   2m15s[K[?25h[?2026l[?2026h[?25l[A[1Gpulling manifest [K
pulling 518db88bbc10:  27% ▕████              ▏ 1.0 GB/3.8 GB   20 MB/s   2m15s[K[?25h[?2026l[?2026h[?25l[A[1Gpulling manifest [K
pulling 518db88bbc10:  27% ▕████              ▏ 1.0 GB/3.8 GB   20 MB/s   2m15s[K[?25h[?2026l[?2026h[?25l[A[1Gpulling manifest [K
pulling 518db88bbc10:  27% ▕████              ▏ 1.0 GB/3.8 GB   20 MB/s   2m15s[K[?25h[?2026l[?2026h[?25l[A[1Gpulling manifest [K
pulling 518db88bbc10:  27% ▕████              ▏ 1.1 GB/3.8 GB   20 MB/s   2m15s[K[?25h[?2026l[?2026h[?25l[A[1Gpulling manifest [K
pulling 518db88bbc10:  27% ▕████              ▏ 1.1 GB/3.8 GB   20 MB/s   2m15s[K[?25h[?2026l[?2026h[?25l[A[1Gpulling manifest [K
pulling 518db88bbc10:  27% ▕████              ▏ 1.1 GB/3.8 GB   20 MB/s   2m15s[K[?25h[?2026l[?2026h[?25l[A[1Gpulling manifest [K
pulling 518db88bbc10:  27% ▕████              ▏ 1.1 GB/3.8 GB   20 MB/s   2m14s[K[?25h[?2026l[?2026h[?25l[A[1Gpulling manifest [K
pulling 518db88bbc10:  28% ▕████              ▏ 1.1 GB/3.8 GB   20 MB/s   2m14s[K[?25h[?2026l[?2026h[?25l[A[1Gpulling manifest [K
pulling 518db88bbc10:  28% ▕████              ▏ 1.1 GB/3.8 GB   20 MB/s   2m14s[K[?25h[?2026l[?2026h[?25l[A[1Gpulling manifest [K
pulling 518db88bbc10:  28% ▕████              ▏ 1.1 GB/3.8 GB   20 MB/s   2m14s[K[?25h[?2026l[?2026h[?25l[A[1Gpulling manifest [K
pulling 518db88bbc10:  28% ▕████              ▏ 1.1 GB/3.8 GB   20 MB/s   2m14s[K[?25h[?2026l[?2026h[?25l[A[1Gpulling manifest [K
pulling 518db88bbc10:  28% ▕████              ▏ 1.1 GB/3.8 GB   20 MB/s   2m14s[K[?25h[?2026l[?2026h[?25l[A[1Gpulling manifest [K
pulling 518db88bbc10:  28% ▕█████             ▏ 1.1 GB/3.8 GB   20 MB/s   2m14s[K[?25h[?2026l[?2026h[?25l[A[1Gpulling manifest [K
pulling 518db88bbc10:  28% ▕█████             ▏ 1.1 GB/3.8 GB   20 MB/s   2m14s[K[?25h[?2026l[?2026h[?25l[A[1Gpulling manifest [K
pulling 518db88bbc10:  28% ▕█████             ▏ 1.1 GB/3.8 GB   20 MB/s   2m14s[K[?25h[?2026l[?2026h[?25l[A[1Gpulling manifest [K
pulling 518db88bbc10:  28% ▕█████             ▏ 1.1 GB/3.8 GB   20 MB/s   2m13s[K[?25h[?2026l[?2026h[?25l[A[1Gpulling manifest [K
pulling 518db88bbc10:  28% ▕█████             ▏ 1.1 GB/3.8 GB   20 MB/s   2m13s[K[?25h[?2026l[?2026h[?25l[A[1Gpulling manifest [K
pulling 518db88bbc10:  28% ▕█████             ▏ 1.1 GB/3.8 GB   20 MB/s   2m12s[K[?25h[?2026l[?2026h[?25l[A[1Gpulling manifest [K
pulling 518db88bbc10:  28% ▕█████             ▏ 1.1 GB/3.8 GB   20 MB/s   2m12s[K[?25h[?2026l[?2026h[?25l[A[1Gpulling manifest [K
pulling 518db88bbc10:  28% ▕█████             ▏ 1.1 GB/3.8 GB   20 MB/s   2m12s[K[?25h[?2026l[?2026h[?25l[A[1Gpulling manifest [K
pulling 518db88bbc10:  28% ▕█████             ▏ 1.1 GB/3.8 GB   20 MB/s   2m12s[K[?25h[?2026l[?2026h[?25l[A[1Gpulling manifest [K
pulling 518db88bbc10:  28% ▕█████             ▏ 1.1 GB/3.8 GB   20 MB/s   2m12s[K[?25h[?2026l[?2026h[?25l[A[1Gpulling manifest [K
pulling 518db88bbc10:  28% ▕█████             ▏ 1.1 GB/3.8 GB   20 MB/s   2m12s[K[?25h[?2026l[?2026h[?25l[A[1Gpulling manifest [K
pulling 518db88bbc10:  28% ▕█████             ▏ 1.1 GB/3.8 GB   20 MB/s   2m11s[K[?25h[?2026l[?2026h[?25l[A[1Gpulling manifest [K
pulling 518db88bbc10:  28% ▕█████             ▏ 1.1 GB/3.8 GB   20 MB/s   2m11s[K[?25h[?2026l[?2026h[?25l[A[1Gpulling manifest [K
pulling 518db88bbc10:  28% ▕█████             ▏ 1.1 GB/3.8 GB   20 MB/s   2m11s[K[?25h[?2026l[?2026h[?25l[A[1Gpulling manifest [K
pulling 518db88bbc10:  28% ▕█████             ▏ 1.1 GB/3.8 GB   20 MB/s   2m11s[K[?25h[?2026l[?2026h[?25l[A[1Gpulling manifest [K
pulling 518db88bbc10:  28% ▕█████             ▏ 1.1 GB/3.8 GB   20 MB/s   2m13s[K[?25h[?2026l[?2026h[?25l[A[1Gpulling manifest [K
pulling 518db88bbc10:  29% ▕█████             ▏ 1.1 GB/3.8 GB   20 MB/s   2m13s[K[?25h[?2026l[?2026h[?25l[A[1Gpulling manifest [K
pulling 518db88bbc10:  29% ▕█████             ▏ 1.1 GB/3.8 GB   20 MB/s   2m13s[K[?25h[?2026l[?2026h[?25l[A[1Gpulling manifest [K
pulling 518db88bbc10:  29% ▕█████             ▏ 1.1 GB/3.8 GB   20 MB/s   2m13s[K[?25h[?2026l[?2026h[?25l[A[1Gpulling manifest [K
pulling 518db88bbc10:  29% ▕█████             ▏ 1.1 GB/3.8 GB   20 MB/s   2m13s[K[?25h[?2026l[?2026h[?25l[A[1Gpulling manifest [K
pulling 518db88bbc10:  29% ▕█████             ▏ 1.1 GB/3.8 GB   20 MB/s   2m12s[K[?25h[?2026l[?2026h[?25l[A[1Gpulling manifest [K
pulling 518db88bbc10:  29% ▕█████             ▏ 1.1 GB/3.8 GB   20 MB/s   2m12s[K[?25h[?2026l[?2026h[?25l[A[1Gpulling manifest [K
pulling 518db88bbc10:  29% ▕█████             ▏ 1.1 GB/3.8 GB   20 MB/s   2m12s[K[?25h[?2026l[?2026h[?25l[A[1Gpulling manifest [K
pulling 518db88bbc10:  29% ▕█████             ▏ 1.1 GB/3.8 GB   20 MB/s   2m12s[K[?25h[?2026l[?2026h[?25l[A[1Gpulling manifest [K
pulling 518db88bbc10:  29% ▕█████             ▏ 1.1 GB/3.8 GB   20 MB/s   2m12s[K[?25h[?2026l[?2026h[?25l[A[1Gpulling manifest [K
pulling 518db88bbc10:  29% ▕█████             ▏ 1.1 GB/3.8 GB   20 MB/s   2m12s[K[?25h[?2026l[?2026h[?25l[A[1Gpulling manifest [K
pulling 518db88bbc10:  29% ▕█████             ▏ 1.1 GB/3.8 GB   20 MB/s   2m13s[K[?25h[?2026l[?2026h[?25l[A[1Gpulling manifest [K
pulling 518db88bbc10:  29% ▕█████             ▏ 1.1 GB/3.8 GB   20 MB/s   2m13s[K[?25h[?2026l[?2026h[?25l[A[1Gpulling manifest [K
pulling 518db88bbc10:  29% ▕█████             ▏ 1.1 GB/3.8 GB   20 MB/s   2m13s[K[?25h[?2026l[?2026h[?25l[A[1Gpulling manifest [K
pulling 518db88bbc10:  29% ▕█████             ▏ 1.1 GB/3.8 GB   20 MB/s   2m13s[K[?25h[?2026l[?2026h[?25l[A[1Gpulling manifest [K
pulling 518db88bbc10:  29% ▕█████             ▏ 1.1 GB/3.8 GB   20 MB/s   2m13s[K[?25h[?2026l[?2026h[?25l[A[1Gpulling manifest [K
pulling 518db88bbc10:  29% ▕█████             ▏ 1.1 GB/3.8 GB   20 MB/s   2m13s[K[?25h[?2026l[?2026h[?25l[A[1Gpulling manifest [K
pulling 518db88bbc10:  29% ▕█████             ▏ 1.1 GB/3.8 GB   20 MB/s   2m12s[K[?25h[?2026l[?2026h[?25l[A[1Gpulling manifest [K
pulling 518db88bbc10:  29% ▕█████             ▏ 1.1 GB/3.8 GB   20 MB/s   2m12s[K[?25h[?2026l[?2026h[?25l[A[1Gpulling manifest [K
pulling 518db88bbc10:  29% ▕█████             ▏ 1.1 GB/3.8 GB   20 MB/s   2m12s[K[?25h[?2026l[?2026h[?25l[A[1Gpulling manifest [K
pulling 518db88bbc10:  30% ▕█████             ▏ 1.1 GB/3.8 GB   20 MB/s   2m12s[K[?25h[?2026l[?2026h[?25l[A[1Gpulling manifest [K
pulling 518db88bbc10:  30% ▕█████             ▏ 1.1 GB/3.8 GB   20 MB/s   2m11s[K[?25h[?2026l[?2026h[?25l[A[1Gpulling manifest [K
pulling 518db88bbc10:  30% ▕█████             ▏ 1.1 GB/3.8 GB   20 MB/s   2m11s[K[?25h[?2026l[?2026h[?25l[A[1Gpulling manifest [K
pulling 518db88bbc10:  30% ▕█████             ▏ 1.1 GB/3.8 GB   20 MB/s   2m11s[K[?25h[?2026l[?2026h[?25l[A[1Gpulling manifest [K
pulling 518db88bbc10:  30% ▕█████             ▏ 1.1 GB/3.8 GB   20 MB/s   2m11s[K[?25h[?2026l[?2026h[?25l[A[1Gpulling manifest [K
pulling 518db88bbc10:  30% ▕█████             ▏ 1.1 GB/3.8 GB   20 MB/s   2m11s[K[?25h[?2026l[?2026h[?25l[A[1Gpulling manifest [K
pulling 518db88bbc10:  30% ▕█████             ▏ 1.1 GB/3.8 GB   20 MB/s   2m10s[K[?25h[?2026l[?2026h[?25l[A[1Gpulling manifest [K
pulling 518db88bbc10:  30% ▕█████             ▏ 1.1 GB/3.8 GB   20 MB/s   2m10s[K[?25h[?2026l[?2026h[?25l[A[1Gpulling manifest [K
pulling 518db88bbc10:  30% ▕█████             ▏ 1.1 GB/3.8 GB   20 MB/s   2m10s[K[?25h[?2026l[?2026h[?25l[A[1Gpulling manifest [K
pulling 518db88bbc10:  30% ▕█████             ▏ 1.2 GB/3.8 GB   20 MB/s   2m10s[K[?25h[?2026l[?2026h[?25l[A[1Gpulling manifest [K
pulling 518db88bbc10:  30% ▕█████             ▏ 1.2 GB/3.8 GB   20 MB/s   2m10s[K[?25h[?2026l[?2026h[?25l[A[1Gpulling manifest [K
pulling 518db88bbc10:  30% ▕█████             ▏ 1.2 GB/3.8 GB   20 MB/s   2m13s[K[?25h[?2026l[?2026h[?25l[A[1Gpulling manifest [K
pulling 518db88bbc10:  30% ▕█████             ▏ 1.2 GB/3.8 GB   20 MB/s   2m13s[K[?25h[?2026l[?2026h[?25l[A[1Gpulling manifest [K
pulling 518db88bbc10:  30% ▕█████             ▏ 1.2 GB/3.8 GB   20 MB/s   2m13s[K[?25h[?2026l[?2026h[?25l[A[1Gpulling manifest [K
pulling 518db88bbc10:  30% ▕█████             ▏ 1.2 GB/3.8 GB   20 MB/s   2m13s[K[?25h[?2026l[?2026h[?25l[A[1Gpulling manifest [K
pulling 518db88bbc10:  30% ▕█████             ▏ 1.2 GB/3.8 GB   20 MB/s   2m13s[K[?25h[?2026l[?2026h[?25l[A[1Gpulling manifest [K
pulling 518db88bbc10:  30% ▕█████             ▏ 1.2 GB/3.8 GB   20 MB/s   2m13s[K[?25h[?2026l[?2026h[?25l[A[1Gpulling manifest [K
pulling 518db88bbc10:  30% ▕█████             ▏ 1.2 GB/3.8 GB   20 MB/s   2m13s[K[?25h[?2026l[?2026h[?25l[A[1Gpulling manifest [K
pulling 518db88bbc10:  30% ▕█████             ▏ 1.2 GB/3.8 GB   20 MB/s   2m13s[K[?25h[?2026l[?2026h[?25l[A[1Gpulling manifest [K
pulling 518db88bbc10:  30% ▕█████             ▏ 1.2 GB/3.8 GB   20 MB/s   2m13s[K[?25h[?2026l[?2026h[?25l[A[1Gpulling manifest [K
pulling 518db88bbc10:  30% ▕█████             ▏ 1.2 GB/3.8 GB   20 MB/s   2m13s[K[?25h[?2026l[?2026h[?25l[A[1Gpulling manifest [K
pulling 518db88bbc10:  30% ▕█████             ▏ 1.2 GB/3.8 GB   18 MB/s   2m24s[K[?25h[?2026l[?2026h[?25l[A[1Gpulling manifest [K
pulling 518db88bbc10:  30% ▕█████             ▏ 1.2 GB/3.8 GB   18 MB/s   2m24s[K[?25h[?2026l[?2026h[?25l[A[1Gpulling manifest [K
pulling 518db88bbc10:  30% ▕█████             ▏ 1.2 GB/3.8 GB   18 MB/s   2m24s[K[?25h[?2026l[?2026h[?25l[A[1Gpulling manifest [K
pulling 518db88bbc10:  30% ▕█████             ▏ 1.2 GB/3.8 GB   18 MB/s   2m24s[K[?25h[?2026l[?2026h[?25l[A[1Gpulling manifest [K
pulling 518db88bbc10:  30% ▕█████             ▏ 1.2 GB/3.8 GB   18 MB/s   2m23s[K[?25h[?2026l[?2026h[?25l[A[1Gpulling manifest [K
pulling 518db88bbc10:  30% ▕█████             ▏ 1.2 GB/3.8 GB   18 MB/s   2m23s[K[?25h[?2026l[?2026h[?25l[A[1Gpulling manifest [K
pulling 518db88bbc10:  30% ▕█████             ▏ 1.2 GB/3.8 GB   18 MB/s   2m23s[K[?25h[?2026l[?2026h[?25l[A[1Gpulling manifest [K
pulling 518db88bbc10:  30% ▕█████             ▏ 1.2 GB/3.8 GB   18 MB/s   2m23s[K[?25h[?2026l[?2026h[?25l[A[1Gpulling manifest [K
pulling 518db88bbc10:  30% ▕█████             ▏ 1.2 GB/3.8 GB   18 MB/s   2m23s[K[?25h[?2026l[?2026h[?25l[A[1Gpulling manifest [K
pulling 518db88bbc10:  30% ▕█████             ▏ 1.2 GB/3.8 GB   18 MB/s   2m23s[K[?25h[?2026l[?2026h[?25l[A[1Gpulling manifest [K
pulling 518db88bbc10:  30% ▕█████             ▏ 1.2 GB/3.8 GB   17 MB/s   2m36s[K[?25h[?2026l[?2026h[?25l[A[1Gpulling manifest [K
pulling 518db88bbc10:  30% ▕█████             ▏ 1.2 GB/3.8 GB   17 MB/s   2m36s[K[?25h[?2026l[?2026h[?25l[A[1Gpulling manifest [K
pulling 518db88bbc10:  30% ▕█████             ▏ 1.2 GB/3.8 GB   17 MB/s   2m36s[K[?25h[?2026l[?2026h[?25l[A[1Gpulling manifest [K
pulling 518db88bbc10:  31% ▕█████             ▏ 1.2 GB/3.8 GB   17 MB/s   2m36s[K[?25h[?2026l[?2026h[?25l[A[1Gpulling manifest [K
pulling 518db88bbc10:  31% ▕█████             ▏ 1.2 GB/3.8 GB   17 MB/s   2m36s[K[?25h[?2026l[?2026h[?25l[A[1Gpulling manifest [K
pulling 518db88bbc10:  31% ▕█████             ▏ 1.2 GB/3.8 GB   17 MB/s   2m36s[K[?25h[?2026l[?2026h[?25l[A[1Gpulling manifest [K
pulling 518db88bbc10:  31% ▕█████             ▏ 1.2 GB/3.8 GB   17 MB/s   2m35s[K[?25h[?2026l[?2026h[?25l[A[1Gpulling manifest [K
pulling 518db88bbc10:  31% ▕█████             ▏ 1.2 GB/3.8 GB   17 MB/s   2m35s[K[?25h[?2026l[?2026h[?25l[A[1Gpulling manifest [K
pulling 518db88bbc10:  31% ▕█████             ▏ 1.2 GB/3.8 GB   17 MB/s   2m35s[K[?25h[?2026l[?2026h[?25l[A[1Gpulling manifest [K
pulling 518db88bbc10:  31% ▕█████             ▏ 1.2 GB/3.8 GB   17 MB/s   2m35s[K[?25h[?2026l[?2026h[?25l[A[1Gpulling manifest [K
pulling 518db88bbc10:  31% ▕█████             ▏ 1.2 GB/3.8 GB   17 MB/s   2m35s[K[?25h[?2026l[?2026h[?25l[A[1Gpulling manifest [K
pulling 518db88bbc10:  31% ▕█████             ▏ 1.2 GB/3.8 GB   16 MB/s   2m44s[K[?25h[?2026l[?2026h[?25l[A[1Gpulling manifest [K
pulling 518db88bbc10:  31% ▕█████             ▏ 1.2 GB/3.8 GB   16 MB/s   2m44s[K[?25h[?2026l[?2026h[?25l[A[1Gpulling manifest [K
pulling 518db88bbc10:  31% ▕█████             ▏ 1.2 GB/3.8 GB   16 MB/s   2m44s[K[?25h[?2026l[?2026h[?25l[A[1Gpulling manifest [K
pulling 518db88bbc10:  31% ▕█████             ▏ 1.2 GB/3.8 GB   16 MB/s   2m44s[K[?25h[?2026l[?2026h[?25l[A[1Gpulling manifest [K
pulling 518db88bbc10:  31% ▕█████             ▏ 1.2 GB/3.8 GB   16 MB/s   2m44s[K[?25h[?2026l[?2026h[?25l[A[1Gpulling manifest [K
pulling 518db88bbc10:  31% ▕█████             ▏ 1.2 GB/3.8 GB   16 MB/s   2m44s[K[?25h[?2026l[?2026h[?25l[A[1Gpulling manifest [K
pulling 518db88bbc10:  31% ▕█████             ▏ 1.2 GB/3.8 GB   16 MB/s   2m43s[K[?25h[?2026l[?2026h[?25l[A[1Gpulling manifest [K
pulling 518db88bbc10:  31% ▕█████             ▏ 1.2 GB/3.8 GB   16 MB/s   2m43s[K[?25h[?2026l[?2026h[?25l[A[1Gpulling manifest [K
pulling 518db88bbc10:  31% ▕█████             ▏ 1.2 GB/3.8 GB   16 MB/s   2m43s[K[?25h[?2026l[?2026h[?25l[A[1Gpulling manifest [K
pulling 518db88bbc10:  31% ▕█████             ▏ 1.2 GB/3.8 GB   16 MB/s   2m43s[K[?25h[?2026l[?2026h[?25l[A[1Gpulling manifest [K
pulling 518db88bbc10:  31% ▕█████             ▏ 1.2 GB/3.8 GB   15 MB/s   2m52s[K[?25h[?2026l[?2026h[?25l[A[1Gpulling manifest [K
pulling 518db88bbc10:  31% ▕█████             ▏ 1.2 GB/3.8 GB   15 MB/s   2m52s[K[?25h[?2026l[?2026h[?25l[A[1Gpulling manifest [K
pulling 518db88bbc10:  31% ▕█████             ▏ 1.2 GB/3.8 GB   15 MB/s   2m52s[K[?25h[?2026l[?2026h[?25l[A[1Gpulling manifest [K
pulling 518db88bbc10:  31% ▕█████             ▏ 1.2 GB/3.8 GB   15 MB/s   2m51s[K[?25h[?2026l[?2026h[?25l[A[1Gpulling manifest [K
pulling 518db88bbc10:  31% ▕█████             ▏ 1.2 GB/3.8 GB   15 MB/s   2m51s[K[?25h[?2026l[?2026h[?25l[A[1Gpulling manifest [K
pulling 518db88bbc10:  31% ▕█████             ▏ 1.2 GB/3.8 GB   15 MB/s   2m51s[K[?25h[?2026l[?2026h[?25l[A[1Gpulling manifest [K
pulling 518db88bbc10:  31% ▕█████             ▏ 1.2 GB/3.8 GB   15 MB/s   2m51s[K[?25h[?2026l[?2026h[?25l[A[1Gpulling manifest [K
pulling 518db88bbc10:  31% ▕█████             ▏ 1.2 GB/3.8 GB   15 MB/s   2m51s[K[?25h[?2026l[?2026h[?25l[A[1Gpulling manifest [K
pulling 518db88bbc10:  32% ▕█████             ▏ 1.2 GB/3.8 GB   15 MB/s   2m51s[K[?25h[?2026l[?2026h[?25l[A[1Gpulling manifest [K
pulling 518db88bbc10:  32% ▕█████             ▏ 1.2 GB/3.8 GB   15 MB/s   2m51s[K[?25h[?2026l[?2026h[?25l[A[1Gpulling manifest [K
pulling 518db88bbc10:  32% ▕█████             ▏ 1.2 GB/3.8 GB   15 MB/s   2m52s[K[?25h[?2026l[?2026h[?25l[A[1Gpulling manifest [K
pulling 518db88bbc10:  32% ▕█████             ▏ 1.2 GB/3.8 GB   15 MB/s   2m52s[K[?25h[?2026l[?2026h[?25l[A[1Gpulling manifest [K
pulling 518db88bbc10:  32% ▕█████             ▏ 1.2 GB/3.8 GB   15 MB/s   2m52s[K[?25h[?2026l[?2026h[?25l[A[1Gpulling manifest [K
pulling 518db88bbc10:  32% ▕█████             ▏ 1.2 GB/3.8 GB   15 MB/s   2m52s[K[?25h[?2026l[?2026h[?25l[A[1Gpulling manifest [K
pulling 518db88bbc10:  32% ▕█████             ▏ 1.2 GB/3.8 GB   15 MB/s   2m52s[K[?25h[?2026l[?2026h[?25l[A[1Gpulling manifest [K
pulling 518db88bbc10:  32% ▕█████             ▏ 1.2 GB/3.8 GB   15 MB/s   2m52s[K[?25h[?2026l[?2026h[?25l[A[1Gpulling manifest [K
pulling 518db88bbc10:  32% ▕█████             ▏ 1.2 GB/3.8 GB   15 MB/s   2m52s[K[?25h[?2026l[?2026h[?25l[A[1Gpulling manifest [K
pulling 518db88bbc10:  32% ▕█████             ▏ 1.2 GB/3.8 GB   15 MB/s   2m52s[K[?25h[?2026l[?2026h[?25l[A[1Gpulling manifest [K
pulling 518db88bbc10:  32% ▕█████             ▏ 1.2 GB/3.8 GB   15 MB/s   2m51s[K[?25h[?2026l[?2026h[?25l[A[1Gpulling manifest [K
pulling 518db88bbc10:  32% ▕█████             ▏ 1.2 GB/3.8 GB   15 MB/s   2m51s[K[?25h[?2026l[?2026h[?25l[A[1Gpulling manifest [K
pulling 518db88bbc10:  32% ▕█████             ▏ 1.2 GB/3.8 GB   15 MB/s   2m50s[K[?25h[?2026l[?2026h[?25l[A[1Gpulling manifest [K
pulling 518db88bbc10:  32% ▕█████             ▏ 1.2 GB/3.8 GB   15 MB/s   2m49s[K[?25h[?2026l[?2026h[?25l[A[1Gpulling manifest [K
pulling 518db88bbc10:  32% ▕█████             ▏ 1.2 GB/3.8 GB   15 MB/s   2m49s[K[?25h[?2026l[?2026h[?25l[A[1Gpulling manifest [K
pulling 518db88bbc10:  32% ▕█████             ▏ 1.2 GB/3.8 GB   15 MB/s   2m49s[K[?25h[?2026l[?2026h[?25l[A[1Gpulling manifest [K
pulling 518db88bbc10:  32% ▕█████             ▏ 1.2 GB/3.8 GB   15 MB/s   2m49s[K[?25h[?2026l[?2026h[?25l[A[1Gpulling manifest [K
pulling 518db88bbc10:  32% ▕█████             ▏ 1.2 GB/3.8 GB   15 MB/s   2m49s[K[?25h[?2026l[?2026h[?25l[A[1Gpulling manifest [K
pulling 518db88bbc10:  32% ▕█████             ▏ 1.2 GB/3.8 GB   15 MB/s   2m49s[K[?25h[?2026l[?2026h[?25l[A[1Gpulling manifest [K
pulling 518db88bbc10:  32% ▕█████             ▏ 1.2 GB/3.8 GB   15 MB/s   2m49s[K[?25h[?2026l[?2026h[?25l[A[1Gpulling manifest [K
pulling 518db88bbc10:  32% ▕█████             ▏ 1.2 GB/3.8 GB   15 MB/s   2m49s[K[?25h[?2026l[?2026h[?25l[A[1Gpulling manifest [K
pulling 518db88bbc10:  32% ▕█████             ▏ 1.2 GB/3.8 GB   15 MB/s   2m49s[K[?25h[?2026l[?2026h[?25l[A[1Gpulling manifest [K
pulling 518db88bbc10:  32% ▕█████             ▏ 1.2 GB/3.8 GB   14 MB/s   2m56s[K[?25h[?2026l[?2026h[?25l[A[1Gpulling manifest [K
pulling 518db88bbc10:  32% ▕█████             ▏ 1.2 GB/3.8 GB   14 MB/s   2m56s[K[?25h[?2026l[?2026h[?25l[A[1Gpulling manifest [K
pulling 518db88bbc10:  33% ▕█████             ▏ 1.3 GB/3.8 GB   14 MB/s   2m55s[K[?25h[?2026l[?2026h[?25l[A[1Gpulling manifest [K
pulling 518db88bbc10:  33% ▕█████             ▏ 1.3 GB/3.8 GB   14 MB/s   2m55s[K[?25h[?2026l[?2026h[?25l[A[1Gpulling manifest [K
pulling 518db88bbc10:  33% ▕█████             ▏ 1.3 GB/3.8 GB   14 MB/s   2m55s[K[?25h[?2026l[?2026h[?25l[A[1Gpulling manifest [K
pulling 518db88bbc10:  33% ▕█████             ▏ 1.3 GB/3.8 GB   14 MB/s   2m55s[K[?25h[?2026l[?2026h[?25l[A[1Gpulling manifest [K
pulling 518db88bbc10:  33% ▕█████             ▏ 1.3 GB/3.8 GB   14 MB/s   2m55s[K[?25h[?2026l[?2026h[?25l[A[1Gpulling manifest [K
pulling 518db88bbc10:  33% ▕█████             ▏ 1.3 GB/3.8 GB   14 MB/s   2m55s[K[?25h[?2026l[?2026h[?25l[A[1Gpulling manifest [K
pulling 518db88bbc10:  33% ▕█████             ▏ 1.3 GB/3.8 GB   14 MB/s   2m55s[K[?25h[?2026l[?2026h[?25l[A[1Gpulling manifest [K
pulling 518db88bbc10:  33% ▕█████             ▏ 1.3 GB/3.8 GB   14 MB/s   2m54s[K[?25h[?2026l[?2026h[?25l[A[1Gpulling manifest [K
pulling 518db88bbc10:  33% ▕█████             ▏ 1.3 GB/3.8 GB   14 MB/s   2m54s[K[?25h[?2026l[?2026h[?25l[A[1Gpulling manifest [K
pulling 518db88bbc10:  33% ▕█████             ▏ 1.3 GB/3.8 GB   14 MB/s   2m57s[K[?25h[?2026l[?2026h[?25l[A[1Gpulling manifest [K
pulling 518db88bbc10:  33% ▕█████             ▏ 1.3 GB/3.8 GB   14 MB/s   2m57s[K[?25h[?2026l[?2026h[?25l[A[1Gpulling manifest [K
pulling 518db88bbc10:  33% ▕█████             ▏ 1.3 GB/3.8 GB   14 MB/s   2m56s[K[?25h[?2026l[?2026h[?25l[A[1Gpulling manifest [K
pulling 518db88bbc10:  33% ▕█████             ▏ 1.3 GB/3.8 GB   14 MB/s   2m56s[K[?25h[?2026l[?2026h[?25l[A[1Gpulling manifest [K
pulling 518db88bbc10:  33% ▕█████             ▏ 1.3 GB/3.8 GB   14 MB/s   2m56s[K[?25h[?2026l[?2026h[?25l[A[1Gpulling manifest [K
pulling 518db88bbc10:  33% ▕█████             ▏ 1.3 GB/3.8 GB   14 MB/s   2m56s[K[?25h[?2026l[?2026h[?25l[A[1Gpulling manifest [K
pulling 518db88bbc10:  33% ▕█████             ▏ 1.3 GB/3.8 GB   14 MB/s   2m56s[K[?25h[?2026l[?2026h[?25l[A[1Gpulling manifest [K
pulling 518db88bbc10:  33% ▕█████             ▏ 1.3 GB/3.8 GB   14 MB/s   2m56s[K[?25h[?2026l[?2026h[?25l[A[1Gpulling manifest [K
pulling 518db88bbc10:  33% ▕█████             ▏ 1.3 GB/3.8 GB   14 MB/s   2m56s[K[?25h[?2026l[?2026h[?25l[A[1Gpulling manifest [K
pulling 518db88bbc10:  33% ▕█████             ▏ 1.3 GB/3.8 GB   14 MB/s   2m56s[K[?25h[?2026l[?2026h[?25l[A[1Gpulling manifest [K
pulling 518db88bbc10:  33% ▕█████             ▏ 1.3 GB/3.8 GB   13 MB/s    3m4s[K[?25h[?2026l[?2026h[?25l[A[1Gpulling manifest [K
pulling 518db88bbc10:  33% ▕██████            ▏ 1.3 GB/3.8 GB   13 MB/s    3m4s[K[?25h[?2026l[?2026h[?25l[A[1Gpulling manifest [K
pulling 518db88bbc10:  33% ▕██████            ▏ 1.3 GB/3.8 GB   13 MB/s    3m4s[K[?25h[?2026l[?2026h[?25l[A[1Gpulling manifest [K
pulling 518db88bbc10:  33% ▕██████            ▏ 1.3 GB/3.8 GB   13 MB/s    3m4s[K[?25h[?2026l[?2026h[?25l[A[1Gpulling manifest [K
pulling 518db88bbc10:  33% ▕██████            ▏ 1.3 GB/3.8 GB   13 MB/s    3m4s[K[?25h[?2026l[?2026h[?25l[A[1Gpulling manifest [K
pulling 518db88bbc10:  33% ▕██████            ▏ 1.3 GB/3.8 GB   13 MB/s    3m4s[K[?25h[?2026l[?2026h[?25l[A[1Gpulling manifest [K
pulling 518db88bbc10:  33% ▕██████            ▏ 1.3 GB/3.8 GB   13 MB/s    3m4s[K[?25h[?2026l[?2026h[?25l[A[1Gpulling manifest [K
pulling 518db88bbc10:  33% ▕██████            ▏ 1.3 GB/3.8 GB   13 MB/s    3m4s[K[?25h[?2026l[?2026h[?25l[A[1Gpulling manifest [K
pulling 518db88bbc10:  34% ▕██████            ▏ 1.3 GB/3.8 GB   13 MB/s    3m4s[K[?25h[?2026l[?2026h[?25l[A[1Gpulling manifest [K
pulling 518db88bbc10:  34% ▕██████            ▏ 1.3 GB/3.8 GB   13 MB/s    3m3s[K[?25h[?2026l[?2026h[?25l[A[1Gpulling manifest [K
pulling 518db88bbc10:  34% ▕██████            ▏ 1.3 GB/3.8 GB   14 MB/s   2m58s[K[?25h[?2026l[?2026h[?25l[A[1Gpulling manifest [K
pulling 518db88bbc10:  34% ▕██████            ▏ 1.3 GB/3.8 GB   14 MB/s   2m58s[K[?25h[?2026l[?2026h[?25l[A[1Gpulling manifest [K
pulling 518db88bbc10:  34% ▕██████            ▏ 1.3 GB/3.8 GB   14 MB/s   2m57s[K[?25h[?2026l[?2026h[?25l[A[1Gpulling manifest [K
pulling 518db88bbc10:  34% ▕██████            ▏ 1.3 GB/3.8 GB   14 MB/s   2m57s[K[?25h[?2026l[?2026h[?25l[A[1Gpulling manifest [K
pulling 518db88bbc10:  34% ▕██████            ▏ 1.3 GB/3.8 GB   14 MB/s   2m57s[K[?25h[?2026l[?2026h[?25l[A[1Gpulling manifest [K
pulling 518db88bbc10:  34% ▕██████            ▏ 1.3 GB/3.8 GB   14 MB/s   2m57s[K[?25h[?2026l[?2026h[?25l[A[1Gpulling manifest [K
pulling 518db88bbc10:  34% ▕██████            ▏ 1.3 GB/3.8 GB   14 MB/s   2m57s[K[?25h[?2026l[?2026h[?25l[A[1Gpulling manifest [K
pulling 518db88bbc10:  34% ▕██████            ▏ 1.3 GB/3.8 GB   14 MB/s   2m57s[K[?25h[?2026l[?2026h[?25l[A[1Gpulling manifest [K
pulling 518db88bbc10:  34% ▕██████            ▏ 1.3 GB/3.8 GB   14 MB/s   2m57s[K[?25h[?2026l[?2026h[?25l[A[1Gpulling manifest [K
pulling 518db88bbc10:  34% ▕██████            ▏ 1.3 GB/3.8 GB   14 MB/s   2m57s[K[?25h[?2026l[?2026h[?25l[A[1Gpulling manifest [K
pulling 518db88bbc10:  34% ▕██████            ▏ 1.3 GB/3.8 GB   14 MB/s   2m55s[K[?25h[?2026l[?2026h[?25l[A[1Gpulling manifest [K
pulling 518db88bbc10:  34% ▕██████            ▏ 1.3 GB/3.8 GB   14 MB/s   2m55s[K[?25h[?2026l[?2026h[?25l[A[1Gpulling manifest [K
pulling 518db88bbc10:  34% ▕██████            ▏ 1.3 GB/3.8 GB   14 MB/s   2m55s[K[?25h[?2026l[?2026h[?25l[A[1Gpulling manifest [K
pulling 518db88bbc10:  34% ▕██████            ▏ 1.3 GB/3.8 GB   14 MB/s   2m55s[K[?25h[?2026l[?2026h[?25l[A[1Gpulling manifest [K
pulling 518db88bbc10:  34% ▕██████            ▏ 1.3 GB/3.8 GB   14 MB/s   2m55s[K[?25h[?2026l[?2026h[?25l[A[1Gpulling manifest [K
pulling 518db88bbc10:  34% ▕██████            ▏ 1.3 GB/3.8 GB   14 MB/s   2m55s[K[?25h[?2026l[?2026h[?25l[A[1Gpulling manifest [K
pulling 518db88bbc10:  34% ▕██████            ▏ 1.3 GB/3.8 GB   14 MB/s   2m55s[K[?25h[?2026l[?2026h[?25l[A[1Gpulling manifest [K
pulling 518db88bbc10:  34% ▕██████            ▏ 1.3 GB/3.8 GB   14 MB/s   2m54s[K[?25h[?2026l[?2026h[?25l[A[1Gpulling manifest [K
pulling 518db88bbc10:  34% ▕██████            ▏ 1.3 GB/3.8 GB   14 MB/s   2m54s[K[?25h[?2026l[?2026h[?25l[A[1Gpulling manifest [K
pulling 518db88bbc10:  34% ▕██████            ▏ 1.3 GB/3.8 GB   14 MB/s   2m54s[K[?25h[?2026l[?2026h[?25l[A[1Gpulling manifest [K
pulling 518db88bbc10:  34% ▕██████            ▏ 1.3 GB/3.8 GB   13 MB/s    3m1s[K[?25h[?2026l[?2026h[?25l[A[1Gpulling manifest [K
pulling 518db88bbc10:  34% ▕██████            ▏ 1.3 GB/3.8 GB   13 MB/s    3m1s[K[?25h[?2026l[?2026h[?25l[A[1Gpulling manifest [K
pulling 518db88bbc10:  34% ▕██████            ▏ 1.3 GB/3.8 GB   13 MB/s    3m1s[K[?25h[?2026l[?2026h[?25l[A[1Gpulling manifest [K
pulling 518db88bbc10:  34% ▕██████            ▏ 1.3 GB/3.8 GB   13 MB/s    3m1s[K[?25h[?2026l[?2026h[?25l[A[1Gpulling manifest [K
pulling 518db88bbc10:  34% ▕██████            ▏ 1.3 GB/3.8 GB   13 MB/s    3m1s[K[?25h[?2026l[?2026h[?25l[A[1Gpulling manifest [K
pulling 518db88bbc10:  34% ▕██████            ▏ 1.3 GB/3.8 GB   13 MB/s    3m1s[K[?25h[?2026l[?2026h[?25l[A[1Gpulling manifest [K
pulling 518db88bbc10:  34% ▕██████            ▏ 1.3 GB/3.8 GB   13 MB/s    3m1s[K[?25h[?2026l[?2026h[?25l[A[1Gpulling manifest [K
pulling 518db88bbc10:  34% ▕██████            ▏ 1.3 GB/3.8 GB   13 MB/s    3m1s[K[?25h[?2026l[?2026h[?25l[A[1Gpulling manifest [K
pulling 518db88bbc10:  34% ▕██████            ▏ 1.3 GB/3.8 GB   13 MB/s    3m1s[K[?25h[?2026l[?2026h[?25l[A[1Gpulling manifest [K
pulling 518db88bbc10:  34% ▕██████            ▏ 1.3 GB/3.8 GB   13 MB/s    3m1s[K[?25h[?2026l[?2026h[?25l[A[1Gpulling manifest [K
pulling 518db88bbc10:  34% ▕██████            ▏ 1.3 GB/3.8 GB   13 MB/s    3m1s[K[?25h[?2026l[?2026h[?25l[A[1Gpulling manifest [K
pulling 518db88bbc10:  34% ▕██████            ▏ 1.3 GB/3.8 GB   12 MB/s   3m22s[K[?25h[?2026l[?2026h[?25l[A[1Gpulling manifest [K
pulling 518db88bbc10:  34% ▕██████            ▏ 1.3 GB/3.8 GB   12 MB/s   3m22s[K[?25h[?2026l[?2026h[?25l[A[1Gpulling manifest [K
pulling 518db88bbc10:  34% ▕██████            ▏ 1.3 GB/3.8 GB   12 MB/s   3m22s[K[?25h[?2026l[?2026h[?25l[A[1Gpulling manifest [K
pulling 518db88bbc10:  34% ▕██████            ▏ 1.3 GB/3.8 GB   12 MB/s   3m22s[K[?25h[?2026l[?2026h[?25l[A[1Gpulling manifest [K
pulling 518db88bbc10:  34% ▕██████            ▏ 1.3 GB/3.8 GB   12 MB/s   3m22s[K[?25h[?2026l[?2026h[?25l[A[1Gpulling manifest [K
pulling 518db88bbc10:  34% ▕██████            ▏ 1.3 GB/3.8 GB   12 MB/s   3m22s[K[?25h[?2026l[?2026h[?25l[A[1Gpulling manifest [K
pulling 518db88bbc10:  34% ▕██████            ▏ 1.3 GB/3.8 GB   12 MB/s   3m22s[K[?25h[?2026l[?2026h[?25l[A[1Gpulling manifest [K
pulling 518db88bbc10:  34% ▕██████            ▏ 1.3 GB/3.8 GB   12 MB/s   3m22s[K[?25h[?2026l[?2026h[?25l[A[1Gpulling manifest [K
pulling 518db88bbc10:  34% ▕██████            ▏ 1.3 GB/3.8 GB   12 MB/s   3m22s[K[?25h[?2026l[?2026h[?25l[A[1Gpulling manifest [K
pulling 518db88bbc10:  34% ▕██████            ▏ 1.3 GB/3.8 GB   12 MB/s   3m22s[K[?25h[?2026l[?2026h[?25l[A[1Gpulling manifest [K
pulling 518db88bbc10:  34% ▕██████            ▏ 1.3 GB/3.8 GB   11 MB/s   3m48s[K[?25h[?2026l[?2026h[?25l[A[1Gpulling manifest [K
pulling 518db88bbc10:  34% ▕██████            ▏ 1.3 GB/3.8 GB   11 MB/s   3m48s[K[?25h[?2026l[?2026h[?25l[A[1Gpulling manifest [K
pulling 518db88bbc10:  34% ▕██████            ▏ 1.3 GB/3.8 GB   11 MB/s   3m48s[K[?25h[?2026l[?2026h[?25l[A[1Gpulling manifest [K
pulling 518db88bbc10:  34% ▕██████            ▏ 1.3 GB/3.8 GB   11 MB/s   3m47s[K[?25h[?2026l[?2026h[?25l[A[1Gpulling manifest [K
pulling 518db88bbc10:  34% ▕██████            ▏ 1.3 GB/3.8 GB   11 MB/s   3m47s[K[?25h[?2026l[?2026h[?25l[A[1Gpulling manifest [K
pulling 518db88bbc10:  34% ▕██████            ▏ 1.3 GB/3.8 GB   11 MB/s   3m47s[K[?25h[?2026l[?2026h[?25l[A[1Gpulling manifest [K
pulling 518db88bbc10:  34% ▕██████            ▏ 1.3 GB/3.8 GB   11 MB/s   3m47s[K[?25h[?2026l[?2026h[?25l[A[1Gpulling manifest [K
pulling 518db88bbc10:  34% ▕██████            ▏ 1.3 GB/3.8 GB   11 MB/s   3m47s[K[?25h[?2026l[?2026h[?25l[A[1Gpulling manifest [K
pulling 518db88bbc10:  34% ▕██████            ▏ 1.3 GB/3.8 GB   11 MB/s   3m47s[K[?25h[?2026l[?2026h[?25l[A[1Gpulling manifest [K
pulling 518db88bbc10:  34% ▕██████            ▏ 1.3 GB/3.8 GB   11 MB/s   3m47s[K[?25h[?2026l[?2026h[?25l[A[1Gpulling manifest [K
pulling 518db88bbc10:  34% ▕██████            ▏ 1.3 GB/3.8 GB   10 MB/s    4m7s[K[?25h[?2026l[?2026h[?25l[A[1Gpulling manifest [K
pulling 518db88bbc10:  35% ▕██████            ▏ 1.3 GB/3.8 GB   10 MB/s    4m7s[K[?25h[?2026l[?2026h[?25l[A[1Gpulling manifest [K
pulling 518db88bbc10:  35% ▕██████            ▏ 1.3 GB/3.8 GB   10 MB/s    4m7s[K[?25h[?2026l[?2026h[?25l[A[1Gpulling manifest [K
pulling 518db88bbc10:  35% ▕██████            ▏ 1.3 GB/3.8 GB   10 MB/s    4m7s[K[?25h[?2026l[?2026h[?25l[A[1Gpulling manifest [K
pulling 518db88bbc10:  35% ▕██████            ▏ 1.3 GB/3.8 GB   10 MB/s    4m7s[K[?25h[?2026l[?2026h[?25l[A[1Gpulling manifest [K
pulling 518db88bbc10:  35% ▕██████            ▏ 1.3 GB/3.8 GB   10 MB/s    4m7s[K[?25h[?2026l[?2026h[?25l[A[1Gpulling manifest [K
pulling 518db88bbc10:  35% ▕██████            ▏ 1.3 GB/3.8 GB   10 MB/s    4m7s[K[?25h[?2026l[?2026h[?25l[A[1Gpulling manifest [K
pulling 518db88bbc10:  35% ▕██████            ▏ 1.3 GB/3.8 GB   10 MB/s    4m7s[K[?25h[?2026l[?2026h[?25l[A[1Gpulling manifest [K
pulling 518db88bbc10:  35% ▕██████            ▏ 1.3 GB/3.8 GB   10 MB/s    4m6s[K[?25h[?2026l[?2026h[?25l[A[1Gpulling manifest [K
pulling 518db88bbc10:  35% ▕██████            ▏ 1.3 GB/3.8 GB   10 MB/s    4m6s[K[?25h[?2026l[?2026h[?25l[A[1Gpulling manifest [K
pulling 518db88bbc10:  35% ▕██████            ▏ 1.3 GB/3.8 GB   10 MB/s    4m4s[K[?25h[?2026l[?2026h[?25l[A[1Gpulling manifest [K
pulling 518db88bbc10:  35% ▕██████            ▏ 1.3 GB/3.8 GB   10 MB/s    4m4s[K[?25h[?2026l[?2026h[?25l[A[1Gpulling manifest [K
pulling 518db88bbc10:  35% ▕██████            ▏ 1.3 GB/3.8 GB   10 MB/s    4m4s[K[?25h[?2026l[?2026h[?25l[A[1Gpulling manifest [K
pulling 518db88bbc10:  35% ▕██████            ▏ 1.3 GB/3.8 GB   10 MB/s    4m4s[K[?25h[?2026l[?2026h[?25l[A[1Gpulling manifest [K
pulling 518db88bbc10:  35% ▕██████            ▏ 1.3 GB/3.8 GB   10 MB/s    4m4s[K[?25h[?2026l[?2026h[?25l[A[1Gpulling manifest [K
pulling 518db88bbc10:  35% ▕██████            ▏ 1.3 GB/3.8 GB   10 MB/s    4m4s[K[?25h[?2026l[?2026h[?25l[A[1Gpulling manifest [K
pulling 518db88bbc10:  35% ▕██████            ▏ 1.3 GB/3.8 GB   10 MB/s    4m4s[K[?25h[?2026l[?2026h[?25l[A[1Gpulling manifest [K
pulling 518db88bbc10:  35% ▕██████            ▏ 1.3 GB/3.8 GB   10 MB/s    4m4s[K[?25h[?2026l[?2026h[?25l[A[1Gpulling manifest [K
pulling 518db88bbc10:  35% ▕██████            ▏ 1.3 GB/3.8 GB   10 MB/s    4m4s[K[?25h[?2026l[?2026h[?25l[A[1Gpulling manifest [K
pulling 518db88bbc10:  35% ▕██████            ▏ 1.3 GB/3.8 GB   10 MB/s    4m4s[K[?25h[?2026l[?2026h[?25l[A[1Gpulling manifest [K
pulling 518db88bbc10:  35% ▕██████            ▏ 1.3 GB/3.8 GB  8.8 MB/s   4m44s[K[?25h[?2026l[?2026h[?25l[A[1Gpulling manifest [K
pulling 518db88bbc10:  35% ▕██████            ▏ 1.3 GB/3.8 GB  8.8 MB/s   4m44s[K[?25h[?2026l[?2026h[?25l[A[1Gpulling manifest [K
pulling 518db88bbc10:  35% ▕██████            ▏ 1.4 GB/3.8 GB  8.8 MB/s   4m44s[K[?25h[?2026l[?2026h[?25l[A[1Gpulling manifest [K
pulling 518db88bbc10:  35% ▕██████            ▏ 1.4 GB/3.8 GB  8.8 MB/s   4m44s[K[?25h[?2026l[?2026h[?25l[A[1Gpulling manifest [K
pulling 518db88bbc10:  35% ▕██████            ▏ 1.4 GB/3.8 GB  8.8 MB/s   4m44s[K[?25h[?2026l[?2026h[?25l[A[1Gpulling manifest [K
pulling 518db88bbc10:  35% ▕██████            ▏ 1.4 GB/3.8 GB  8.8 MB/s   4m43s[K[?25h[?2026l[?2026h[?25l[A[1Gpulling manifest [K
pulling 518db88bbc10:  35% ▕██████            ▏ 1.4 GB/3.8 GB  8.8 MB/s   4m43s[K[?25h[?2026l[?2026h[?25l[A[1Gpulling manifest [K
pulling 518db88bbc10:  35% ▕██████            ▏ 1.4 GB/3.8 GB  8.8 MB/s   4m43s[K[?25h[?2026l[?2026h[?25l[A[1Gpulling manifest [K
pulling 518db88bbc10:  35% ▕██████            ▏ 1.4 GB/3.8 GB  8.8 MB/s   4m43s[K[?25h[?2026l[?2026h[?25l[A[1Gpulling manifest [K
pulling 518db88bbc10:  35% ▕██████            ▏ 1.4 GB/3.8 GB  8.8 MB/s   4m43s[K[?25h[?2026l[?2026h[?25l[A[1Gpulling manifest [K
pulling 518db88bbc10:  35% ▕██████            ▏ 1.4 GB/3.8 GB  8.8 MB/s   4m43s[K[?25h[?2026l[?2026h[?25l[A[1Gpulling manifest [K
pulling 518db88bbc10:  35% ▕██████            ▏ 1.4 GB/3.8 GB  8.8 MB/s   4m42s[K[?25h[?2026l[?2026h[?25l[A[1Gpulling manifest [K
pulling 518db88bbc10:  35% ▕██████            ▏ 1.4 GB/3.8 GB  8.8 MB/s   4m42s[K[?25h[?2026l[?2026h[?25l[A[1Gpulling manifest [K
pulling 518db88bbc10:  35% ▕██████            ▏ 1.4 GB/3.8 GB  8.8 MB/s   4m42s[K[?25h[?2026l[?2026h[?25l[A[1Gpulling manifest [K
pulling 518db88bbc10:  35% ▕██████            ▏ 1.4 GB/3.8 GB  8.8 MB/s   4m42s[K[?25h[?2026l[?2026h[?25l[A[1Gpulling manifest [K
pulling 518db88bbc10:  36% ▕██████            ▏ 1.4 GB/3.8 GB  8.8 MB/s   4m41s[K[?25h[?2026l[?2026h[?25l[A[1Gpulling manifest [K
pulling 518db88bbc10:  36% ▕██████            ▏ 1.4 GB/3.8 GB  8.8 MB/s   4m41s[K[?25h[?2026l[?2026h[?25l[A[1Gpulling manifest [K
pulling 518db88bbc10:  36% ▕██████            ▏ 1.4 GB/3.8 GB  8.8 MB/s   4m41s[K[?25h[?2026l[?2026h[?25l[A[1Gpulling manifest [K
pulling 518db88bbc10:  36% ▕██████            ▏ 1.4 GB/3.8 GB  8.8 MB/s   4m41s[K[?25h[?2026l[?2026h[?25l[A[1Gpulling manifest [K
pulling 518db88bbc10:  36% ▕██████            ▏ 1.4 GB/3.8 GB  8.8 MB/s   4m41s[K[?25h[?2026l[?2026h[?25l[A[1Gpulling manifest [K
pulling 518db88bbc10:  36% ▕██████            ▏ 1.4 GB/3.8 GB  8.8 MB/s   4m41s[K[?25h[?2026l[?2026h[?25l[A[1Gpulling manifest [K
pulling 518db88bbc10:  36% ▕██████            ▏ 1.4 GB/3.8 GB  9.0 MB/s   4m36s[K[?25h[?2026l[?2026h[?25l[A[1Gpulling manifest [K
pulling 518db88bbc10:  36% ▕██████            ▏ 1.4 GB/3.8 GB  9.0 MB/s   4m36s[K[?25h[?2026l[?2026h[?25l[A[1Gpulling manifest [K
pulling 518db88bbc10:  36% ▕██████            ▏ 1.4 GB/3.8 GB  9.0 MB/s   4m35s[K[?25h[?2026l[?2026h[?25l[A[1Gpulling manifest [K
pulling 518db88bbc10:  36% ▕██████            ▏ 1.4 GB/3.8 GB  9.0 MB/s   4m35s[K[?25h[?2026l[?2026h[?25l[A[1Gpulling manifest [K
pulling 518db88bbc10:  36% ▕██████            ▏ 1.4 GB/3.8 GB  9.0 MB/s   4m35s[K[?25h[?2026l[?2026h[?25l[A[1Gpulling manifest [K
pulling 518db88bbc10:  36% ▕██████            ▏ 1.4 GB/3.8 GB  9.0 MB/s   4m35s[K[?25h[?2026l[?2026h[?25l[A[1Gpulling manifest [K
pulling 518db88bbc10:  36% ▕██████            ▏ 1.4 GB/3.8 GB  9.0 MB/s   4m35s[K[?25h[?2026l[?2026h[?25l[A[1Gpulling manifest [K
pulling 518db88bbc10:  36% ▕██████            ▏ 1.4 GB/3.8 GB  9.0 MB/s   4m35s[K[?25h[?2026l[?2026h[?25l[A[1Gpulling manifest [K
pulling 518db88bbc10:  36% ▕██████            ▏ 1.4 GB/3.8 GB  9.0 MB/s   4m35s[K[?25h[?2026l[?2026h[?25l[A[1Gpulling manifest [K
pulling 518db88bbc10:  36% ▕██████            ▏ 1.4 GB/3.8 GB  9.0 MB/s   4m34s[K[?25h[?2026l[?2026h[?25l[A[1Gpulling manifest [K
pulling 518db88bbc10:  36% ▕██████            ▏ 1.4 GB/3.8 GB  9.4 MB/s   4m21s[K[?25h[?2026l[?2026h[?25l[A[1Gpulling manifest [K
pulling 518db88bbc10:  36% ▕██████            ▏ 1.4 GB/3.8 GB  9.4 MB/s   4m21s[K[?25h[?2026l[?2026h[?25l[A[1Gpulling manifest [K
pulling 518db88bbc10:  36% ▕██████            ▏ 1.4 GB/3.8 GB  9.4 MB/s   4m21s[K[?25h[?2026l[?2026h[?25l[A[1Gpulling manifest [K
pulling 518db88bbc10:  36% ▕██████            ▏ 1.4 GB/3.8 GB  9.4 MB/s   4m21s[K[?25h[?2026l[?2026h[?25l[A[1Gpulling manifest [K
pulling 518db88bbc10:  36% ▕██████            ▏ 1.4 GB/3.8 GB  9.4 MB/s   4m21s[K[?25h[?2026l[?2026h[?25l[A[1Gpulling manifest [K
pulling 518db88bbc10:  36% ▕██████            ▏ 1.4 GB/3.8 GB  9.4 MB/s   4m21s[K[?25h[?2026l[?2026h[?25l[A[1Gpulling manifest [K
pulling 518db88bbc10:  36% ▕██████            ▏ 1.4 GB/3.8 GB  9.4 MB/s   4m20s[K[?25h[?2026l[?2026h[?25l[A[1Gpulling manifest [K
pulling 518db88bbc10:  36% ▕██████            ▏ 1.4 GB/3.8 GB  9.4 MB/s   4m20s[K[?25h[?2026l[?2026h[?25l[A[1Gpulling manifest [K
pulling 518db88bbc10:  36% ▕██████            ▏ 1.4 GB/3.8 GB  9.4 MB/s   4m20s[K[?25h[?2026l[?2026h[?25l[A[1Gpulling manifest [K
pulling 518db88bbc10:  36% ▕██████            ▏ 1.4 GB/3.8 GB  9.4 MB/s   4m20s[K[?25h[?2026l[?2026h[?25l[A[1Gpulling manifest [K
pulling 518db88bbc10:  36% ▕██████            ▏ 1.4 GB/3.8 GB  9.7 MB/s   4m12s[K[?25h[?2026l[?2026h[?25l[A[1Gpulling manifest [K
pulling 518db88bbc10:  36% ▕██████            ▏ 1.4 GB/3.8 GB  9.7 MB/s   4m12s[K[?25h[?2026l[?2026h[?25l[A[1Gpulling manifest [K
pulling 518db88bbc10:  36% ▕██████            ▏ 1.4 GB/3.8 GB  9.7 MB/s   4m12s[K[?25h[?2026l[?2026h[?25l[A[1Gpulling manifest [K
pulling 518db88bbc10:  36% ▕██████            ▏ 1.4 GB/3.8 GB  9.7 MB/s   4m12s[K[?25h[?2026l[?2026h[?25l[A[1Gpulling manifest [K
pulling 518db88bbc10:  36% ▕██████            ▏ 1.4 GB/3.8 GB  9.7 MB/s   4m12s[K[?25h[?2026l[?2026h[?25l[A[1Gpulling manifest [K
pulling 518db88bbc10:  36% ▕██████            ▏ 1.4 GB/3.8 GB  9.7 MB/s   4m12s[K[?25h[?2026l[?2026h[?25l[A[1Gpulling manifest [K
pulling 518db88bbc10:  36% ▕██████            ▏ 1.4 GB/3.8 GB  9.7 MB/s   4m11s[K[?25h[?2026l[?2026h[?25l[A[1Gpulling manifest [K
pulling 518db88bbc10:  37% ▕██████            ▏ 1.4 GB/3.8 GB  9.7 MB/s   4m11s[K[?25h[?2026l[?2026h[?25l[A[1Gpulling manifest [K
pulling 518db88bbc10:  37% ▕██████            ▏ 1.4 GB/3.8 GB  9.7 MB/s   4m11s[K[?25h[?2026l[?2026h[?25l[A[1Gpulling manifest [K
pulling 518db88bbc10:  37% ▕██████            ▏ 1.4 GB/3.8 GB  9.7 MB/s   4m11s[K[?25h[?2026l[?2026h[?25l[A[1Gpulling manifest [K
pulling 518db88bbc10:  37% ▕██████            ▏ 1.4 GB/3.8 GB   10 MB/s   3m46s[K[?25h[?2026l[?2026h[?25l[A[1Gpulling manifest [K
pulling 518db88bbc10:  37% ▕██████            ▏ 1.4 GB/3.8 GB   10 MB/s   3m46s[K[?25h[?2026l[?2026h[?25l[A[1Gpulling manifest [K
pulling 518db88bbc10:  37% ▕██████            ▏ 1.4 GB/3.8 GB   10 MB/s   3m46s[K[?25h[?2026l[?2026h[?25l[A[1Gpulling manifest [K
pulling 518db88bbc10:  37% ▕██████            ▏ 1.4 GB/3.8 GB   10 MB/s   3m46s[K[?25h[?2026l[?2026h[?25l[A[1Gpulling manifest [K
pulling 518db88bbc10:  37% ▕██████            ▏ 1.4 GB/3.8 GB   10 MB/s   3m46s[K[?25h[?2026l[?2026h[?25l[A[1Gpulling manifest [K
pulling 518db88bbc10:  37% ▕██████            ▏ 1.4 GB/3.8 GB   10 MB/s   3m46s[K[?25h[?2026l[?2026h[?25l[A[1Gpulling manifest [K
pulling 518db88bbc10:  37% ▕██████            ▏ 1.4 GB/3.8 GB   10 MB/s   3m46s[K[?25h[?2026l[?2026h[?25l[A[1Gpulling manifest [K
pulling 518db88bbc10:  37% ▕██████            ▏ 1.4 GB/3.8 GB   10 MB/s   3m46s[K[?25h[?2026l[?2026h[?25l[A[1Gpulling manifest [K
pulling 518db88bbc10:  37% ▕██████            ▏ 1.4 GB/3.8 GB   10 MB/s   3m46s[K[?25h[?2026l[?2026h[?25l[A[1Gpulling manifest [K
pulling 518db88bbc10:  37% ▕██████            ▏ 1.4 GB/3.8 GB   10 MB/s   3m45s[K[?25h[?2026l[?2026h[?25l[A[1Gpulling manifest [K
pulling 518db88bbc10:  37% ▕██████            ▏ 1.4 GB/3.8 GB   10 MB/s   3m45s[K[?25h[?2026l[?2026h[?25l[A[1Gpulling manifest [K
pulling 518db88bbc10:  37% ▕██████            ▏ 1.4 GB/3.8 GB   10 MB/s   3m41s[K[?25h[?2026l[?2026h[?25l[A[1Gpulling manifest [K
pulling 518db88bbc10:  37% ▕██████            ▏ 1.4 GB/3.8 GB   10 MB/s   3m40s[K[?25h[?2026l[?2026h[?25l[A[1Gpulling manifest [K
pulling 518db88bbc10:  37% ▕██████            ▏ 1.4 GB/3.8 GB   10 MB/s   3m40s[K[?25h[?2026l[?2026h[?25l[A[1Gpulling manifest [K
pulling 518db88bbc10:  37% ▕██████            ▏ 1.4 GB/3.8 GB   10 MB/s   3m40s[K[?25h[?2026l[?2026h[?25l[A[1Gpulling manifest [K
pulling 518db88bbc10:  37% ▕██████            ▏ 1.4 GB/3.8 GB   10 MB/s   3m40s[K[?25h[?2026l[?2026h[?25l[A[1Gpulling manifest [K
pulling 518db88bbc10:  37% ▕██████            ▏ 1.4 GB/3.8 GB   10 MB/s   3m40s[K[?25h[?2026l[?2026h[?25l[A[1Gpulling manifest [K
pulling 518db88bbc10:  37% ▕██████            ▏ 1.4 GB/3.8 GB   10 MB/s   3m40s[K[?25h[?2026l[?2026h[?25l[A[1Gpulling manifest [K
pulling 518db88bbc10:  37% ▕██████            ▏ 1.4 GB/3.8 GB   10 MB/s   3m40s[K[?25h[?2026l[?2026h[?25l[A[1Gpulling manifest [K
pulling 518db88bbc10:  37% ▕██████            ▏ 1.4 GB/3.8 GB   10 MB/s   3m40s[K[?25h[?2026l[?2026h[?25l[A[1Gpulling manifest [K
pulling 518db88bbc10:  37% ▕██████            ▏ 1.4 GB/3.8 GB   10 MB/s   3m40s[K[?25h[?2026l[?2026h[?25l[A[1Gpulling manifest [K
pulling 518db88bbc10:  37% ▕██████            ▏ 1.4 GB/3.8 GB   10 MB/s   3m47s[K[?25h[?2026l[?2026h[?25l[A[1Gpulling manifest [K
pulling 518db88bbc10:  37% ▕██████            ▏ 1.4 GB/3.8 GB   10 MB/s   3m47s[K[?25h[?2026l[?2026h[?25l[A[1Gpulling manifest [K
pulling 518db88bbc10:  37% ▕██████            ▏ 1.4 GB/3.8 GB   10 MB/s   3m47s[K[?25h[?2026l[?2026h[?25l[A[1Gpulling manifest [K
pulling 518db88bbc10:  37% ▕██████            ▏ 1.4 GB/3.8 GB   10 MB/s   3m47s[K[?25h[?2026l[?2026h[?25l[A[1Gpulling manifest [K
pulling 518db88bbc10:  37% ▕██████            ▏ 1.4 GB/3.8 GB   10 MB/s   3m47s[K[?25h[?2026l[?2026h[?25l[A[1Gpulling manifest [K
pulling 518db88bbc10:  37% ▕██████            ▏ 1.4 GB/3.8 GB   10 MB/s   3m47s[K[?25h[?2026l[?2026h[?25l[A[1Gpulling manifest [K
pulling 518db88bbc10:  37% ▕██████            ▏ 1.4 GB/3.8 GB   10 MB/s   3m47s[K[?25h[?2026l[?2026h[?25l[A[1Gpulling manifest [K
pulling 518db88bbc10:  37% ▕██████            ▏ 1.4 GB/3.8 GB   10 MB/s   3m47s[K[?25h[?2026l[?2026h[?25l[A[1Gpulling manifest [K
pulling 518db88bbc10:  37% ▕██████            ▏ 1.4 GB/3.8 GB   10 MB/s   3m47s[K[?25h[?2026l[?2026h[?25l[A[1Gpulling manifest [K
pulling 518db88bbc10:  37% ▕██████            ▏ 1.4 GB/3.8 GB   10 MB/s   3m47s[K[?25h[?2026l[?2026h[?25l[A[1Gpulling manifest [K
pulling 518db88bbc10:  37% ▕██████           ▏ 1.4 GB/3.8 GB  10.0 MB/s    4m2s[K[?25h[?2026l[?2026h[?25l[A[1Gpulling manifest [K
pulling 518db88bbc10:  37% ▕██████           ▏ 1.4 GB/3.8 GB  10.0 MB/s    4m2s[K[?25h[?2026l[?2026h[?25l[A[1Gpulling manifest [K
pulling 518db88bbc10:  37% ▕██████           ▏ 1.4 GB/3.8 GB  10.0 MB/s    4m2s[K[?25h[?2026l[?2026h[?25l[A[1Gpulling manifest [K
pulling 518db88bbc10:  37% ▕██████           ▏ 1.4 GB/3.8 GB  10.0 MB/s    4m2s[K[?25h[?2026l[?2026h[?25l[A[1Gpulling manifest [K
pulling 518db88bbc10:  37% ▕██████           ▏ 1.4 GB/3.8 GB  10.0 MB/s    4m2s[K[?25h[?2026l[?2026h[?25l[A[1Gpulling manifest [K
pulling 518db88bbc10:  37% ▕██████           ▏ 1.4 GB/3.8 GB  10.0 MB/s    4m2s[K[?25h[?2026l[?2026h[?25l[A[1Gpulling manifest [K
pulling 518db88bbc10:  37% ▕██████           ▏ 1.4 GB/3.8 GB  10.0 MB/s    4m2s[K[?25h[?2026l[?2026h[?25l[A[1Gpulling manifest [K
pulling 518db88bbc10:  37% ▕██████           ▏ 1.4 GB/3.8 GB  10.0 MB/s    4m2s[K[?25h[?2026l[?2026h[?25l[A[1Gpulling manifest [K
pulling 518db88bbc10:  37% ▕██████           ▏ 1.4 GB/3.8 GB  10.0 MB/s    4m2s[K[?25h[?2026l[?2026h[?25l[A[1Gpulling manifest [K
pulling 518db88bbc10:  37% ▕██████           ▏ 1.4 GB/3.8 GB  10.0 MB/s    4m1s[K[?25h[?2026l[?2026h[?25l[A[1Gpulling manifest [K
pulling 518db88bbc10:  37% ▕██████            ▏ 1.4 GB/3.8 GB   10 MB/s   3m55s[K[?25h[?2026l[?2026h[?25l[A[1Gpulling manifest [K
pulling 518db88bbc10:  37% ▕██████            ▏ 1.4 GB/3.8 GB   10 MB/s   3m55s[K[?25h[?2026l[?2026h[?25l[A[1Gpulling manifest [K
pulling 518db88bbc10:  37% ▕██████            ▏ 1.4 GB/3.8 GB   10 MB/s   3m55s[K[?25h[?2026l[?2026h[?25l[A[1Gpulling manifest [K
pulling 518db88bbc10:  37% ▕██████            ▏ 1.4 GB/3.8 GB   10 MB/s   3m55s[K[?25h[?2026l[?2026h[?25l[A[1Gpulling manifest [K
pulling 518db88bbc10:  38% ▕██████            ▏ 1.4 GB/3.8 GB   10 MB/s   3m55s[K[?25h[?2026l[?2026h[?25l[A[1Gpulling manifest [K
pulling 518db88bbc10:  38% ▕██████            ▏ 1.4 GB/3.8 GB   10 MB/s   3m55s[K[?25h[?2026l[?2026h[?25l[A[1Gpulling manifest [K
pulling 518db88bbc10:  38% ▕██████            ▏ 1.4 GB/3.8 GB   10 MB/s   3m55s[K[?25h[?2026l[?2026h[?25l[A[1Gpulling manifest [K
pulling 518db88bbc10:  38% ▕██████            ▏ 1.4 GB/3.8 GB   10 MB/s   3m55s[K[?25h[?2026l[?2026h[?25l[A[1Gpulling manifest [K
pulling 518db88bbc10:  38% ▕██████            ▏ 1.4 GB/3.8 GB   10 MB/s   3m55s[K[?25h[?2026l[?2026h[?25l[A[1Gpulling manifest [K
pulling 518db88bbc10:  38% ▕██████            ▏ 1.4 GB/3.8 GB   10 MB/s   3m55s[K[?25h[?2026l[?2026h[?25l[A[1Gpulling manifest [K
pulling 518db88bbc10:  38% ▕██████            ▏ 1.4 GB/3.8 GB  9.6 MB/s   4m11s[K[?25h[?2026l[?2026h[?25l[A[1Gpulling manifest [K
pulling 518db88bbc10:  38% ▕██████            ▏ 1.4 GB/3.8 GB  9.6 MB/s   4m10s[K[?25h[?2026l[?2026h[?25l[A[1Gpulling manifest [K
pulling 518db88bbc10:  38% ▕██████            ▏ 1.4 GB/3.8 GB  9.6 MB/s   4m10s[K[?25h[?2026l[?2026h[?25l[A[1Gpulling manifest [K
pulling 518db88bbc10:  38% ▕██████            ▏ 1.4 GB/3.8 GB  9.6 MB/s   4m10s[K[?25h[?2026l[?2026h[?25l[A[1Gpulling manifest [K
pulling 518db88bbc10:  38% ▕██████            ▏ 1.4 GB/3.8 GB  9.6 MB/s   4m10s[K[?25h[?2026l[?2026h[?25l[A[1Gpulling manifest [K
pulling 518db88bbc10:  38% ▕██████            ▏ 1.4 GB/3.8 GB  9.6 MB/s   4m10s[K[?25h[?2026l[?2026h[?25l[A[1Gpulling manifest [K
pulling 518db88bbc10:  38% ▕██████            ▏ 1.4 GB/3.8 GB  9.6 MB/s   4m10s[K[?25h[?2026l[?2026h[?25l[A[1Gpulling manifest [K
pulling 518db88bbc10:  38% ▕██████            ▏ 1.5 GB/3.8 GB  9.6 MB/s   4m10s[K[?25h[?2026l[?2026h[?25l[A[1Gpulling manifest [K
pulling 518db88bbc10:  38% ▕██████            ▏ 1.5 GB/3.8 GB  9.6 MB/s   4m10s[K[?25h[?2026l[?2026h[?25l[A[1Gpulling manifest [K
pulling 518db88bbc10:  38% ▕██████            ▏ 1.5 GB/3.8 GB  9.6 MB/s   4m10s[K[?25h[?2026l[?2026h[?25l[A[1Gpulling manifest [K
pulling 518db88bbc10:  38% ▕██████            ▏ 1.5 GB/3.8 GB  9.6 MB/s   4m10s[K[?25h[?2026l[?2026h[?25l[A[1Gpulling manifest [K
pulling 518db88bbc10:  38% ▕██████            ▏ 1.5 GB/3.8 GB  8.9 MB/s   4m28s[K[?25h[?2026l[?2026h[?25l[A[1Gpulling manifest [K
pulling 518db88bbc10:  38% ▕██████            ▏ 1.5 GB/3.8 GB  8.9 MB/s   4m28s[K[?25h[?2026l[?2026h[?25l[A[1Gpulling manifest [K
pulling 518db88bbc10:  38% ▕██████            ▏ 1.5 GB/3.8 GB  8.9 MB/s   4m28s[K[?25h[?2026l[?2026h[?25l[A[1Gpulling manifest [K
pulling 518db88bbc10:  38% ▕██████            ▏ 1.5 GB/3.8 GB  8.9 MB/s   4m28s[K[?25h[?2026l[?2026h[?25l[A[1Gpulling manifest [K
pulling 518db88bbc10:  38% ▕██████            ▏ 1.5 GB/3.8 GB  8.9 MB/s   4m28s[K[?25h[?2026l[?2026h[?25l[A[1Gpulling manifest [K
pulling 518db88bbc10:  38% ▕██████            ▏ 1.5 GB/3.8 GB  8.9 MB/s   4m28s[K[?25h[?2026l[?2026h[?25l[A[1Gpulling manifest [K
pulling 518db88bbc10:  38% ▕██████            ▏ 1.5 GB/3.8 GB  8.9 MB/s   4m27s[K[?25h[?2026l[?2026h[?25l[A[1Gpulling manifest [K
pulling 518db88bbc10:  38% ▕██████            ▏ 1.5 GB/3.8 GB  8.9 MB/s   4m27s[K[?25h[?2026l[?2026h[?25l[A[1Gpulling manifest [K
pulling 518db88bbc10:  38% ▕██████            ▏ 1.5 GB/3.8 GB  8.9 MB/s   4m27s[K[?25h[?2026l[?2026h[?25l[A[1Gpulling manifest [K
pulling 518db88bbc10:  38% ▕██████            ▏ 1.5 GB/3.8 GB  8.9 MB/s   4m27s[K[?25h[?2026l[?2026h[?25l[A[1Gpulling manifest [K
pulling 518db88bbc10:  38% ▕██████            ▏ 1.5 GB/3.8 GB  8.2 MB/s   4m52s[K[?25h[?2026l[?2026h[?25l[A[1Gpulling manifest [K
pulling 518db88bbc10:  38% ▕██████            ▏ 1.5 GB/3.8 GB  8.2 MB/s   4m52s[K[?25h[?2026l[?2026h[?25l[A[1Gpulling manifest [K
pulling 518db88bbc10:  38% ▕██████            ▏ 1.5 GB/3.8 GB  8.2 MB/s   4m52s[K[?25h[?2026l[?2026h[?25l[A[1Gpulling manifest [K
pulling 518db88bbc10:  38% ▕██████            ▏ 1.5 GB/3.8 GB  8.2 MB/s   4m52s[K[?25h[?2026l[?2026h[?25l[A[1Gpulling manifest [K
pulling 518db88bbc10:  38% ▕██████            ▏ 1.5 GB/3.8 GB  8.2 MB/s   4m52s[K[?25h[?2026l[?2026h[?25l[A[1Gpulling manifest [K
pulling 518db88bbc10:  38% ▕██████            ▏ 1.5 GB/3.8 GB  8.2 MB/s   4m52s[K[?25h[?2026l[?2026h[?25l[A[1Gpulling manifest [K
pulling 518db88bbc10:  38% ▕██████            ▏ 1.5 GB/3.8 GB  8.2 MB/s   4m52s[K[?25h[?2026l[?2026h[?25l[A[1Gpulling manifest [K
pulling 518db88bbc10:  38% ▕██████            ▏ 1.5 GB/3.8 GB  8.2 MB/s   4m52s[K[?25h[?2026l[?2026h[?25l[A[1Gpulling manifest [K
pulling 518db88bbc10:  38% ▕██████            ▏ 1.5 GB/3.8 GB  8.2 MB/s   4m52s[K[?25h[?2026l[?2026h[?25l[A[1Gpulling manifest [K
pulling 518db88bbc10:  38% ▕██████            ▏ 1.5 GB/3.8 GB  8.2 MB/s   4m52s[K[?25h[?2026l[?2026h[?25l[A[1Gpulling manifest [K
pulling 518db88bbc10:  38% ▕██████            ▏ 1.5 GB/3.8 GB  7.5 MB/s   5m18s[K[?25h[?2026l[?2026h[?25l[A[1Gpulling manifest [K
pulling 518db88bbc10:  38% ▕██████            ▏ 1.5 GB/3.8 GB  7.5 MB/s   5m18s[K[?25h[?2026l[?2026h[?25l[A[1Gpulling manifest [K
pulling 518db88bbc10:  38% ▕██████            ▏ 1.5 GB/3.8 GB  7.5 MB/s   5m17s[K[?25h[?2026l[?2026h[?25l[A[1Gpulling manifest [K
pulling 518db88bbc10:  38% ▕██████            ▏ 1.5 GB/3.8 GB  7.5 MB/s   5m17s[K[?25h[?2026l[?2026h[?25l[A[1Gpulling manifest [K
pulling 518db88bbc10:  38% ▕██████            ▏ 1.5 GB/3.8 GB  7.5 MB/s   5m17s[K[?25h[?2026l[?2026h[?25l[A[1Gpulling manifest [K
pulling 518db88bbc10:  38% ▕██████            ▏ 1.5 GB/3.8 GB  7.5 MB/s   5m17s[K[?25h[?2026l[?2026h[?25l[A[1Gpulling manifest [K
pulling 518db88bbc10:  38% ▕██████            ▏ 1.5 GB/3.8 GB  7.5 MB/s   5m17s[K[?25h[?2026l[?2026h[?25l[A[1Gpulling manifest [K
pulling 518db88bbc10:  38% ▕██████            ▏ 1.5 GB/3.8 GB  7.5 MB/s   5m17s[K[?25h[?2026l[?2026h[?25l[A[1Gpulling manifest [K
pulling 518db88bbc10:  38% ▕██████            ▏ 1.5 GB/3.8 GB  7.5 MB/s   5m17s[K[?25h[?2026l[?2026h[?25l[A[1Gpulling manifest [K
pulling 518db88bbc10:  38% ▕██████            ▏ 1.5 GB/3.8 GB  7.5 MB/s   5m17s[K[?25h[?2026l[?2026h[?25l[A[1Gpulling manifest [K
pulling 518db88bbc10:  38% ▕██████            ▏ 1.5 GB/3.8 GB  7.1 MB/s   5m32s[K[?25h[?2026l[?2026h[?25l[A[1Gpulling manifest [K
pulling 518db88bbc10:  38% ▕██████            ▏ 1.5 GB/3.8 GB  7.1 MB/s   5m32s[K[?25h[?2026l[?2026h[?25l[A[1Gpulling manifest [K
pulling 518db88bbc10:  38% ▕██████            ▏ 1.5 GB/3.8 GB  7.1 MB/s   5m32s[K[?25h[?2026l[?2026h[?25l[A[1Gpulling manifest [K
pulling 518db88bbc10:  38% ▕██████            ▏ 1.5 GB/3.8 GB  7.1 MB/s   5m32s[K[?25h[?2026l[?2026h[?25l[A[1Gpulling manifest [K
pulling 518db88bbc10:  38% ▕██████            ▏ 1.5 GB/3.8 GB  7.1 MB/s   5m31s[K[?25h[?2026l[?2026h[?25l[A[1Gpulling manifest [K
pulling 518db88bbc10:  38% ▕██████            ▏ 1.5 GB/3.8 GB  7.1 MB/s   5m31s[K[?25h[?2026l[?2026h[?25l[A[1Gpulling manifest [K
pulling 518db88bbc10:  38% ▕██████            ▏ 1.5 GB/3.8 GB  7.1 MB/s   5m31s[K[?25h[?2026l[?2026h[?25l[A[1Gpulling manifest [K
pulling 518db88bbc10:  38% ▕██████            ▏ 1.5 GB/3.8 GB  7.1 MB/s   5m31s[K[?25h[?2026l[?2026h[?25l[A[1Gpulling manifest [K
pulling 518db88bbc10:  38% ▕██████            ▏ 1.5 GB/3.8 GB  7.1 MB/s   5m31s[K[?25h[?2026l[?2026h[?25l[A[1Gpulling manifest [K
pulling 518db88bbc10:  38% ▕██████            ▏ 1.5 GB/3.8 GB  7.1 MB/s   5m31s[K[?25h[?2026l[?2026h[?25l[A[1Gpulling manifest [K
pulling 518db88bbc10:  38% ▕██████            ▏ 1.5 GB/3.8 GB  7.1 MB/s   5m33s[K[?25h[?2026l[?2026h[?25l[A[1Gpulling manifest [K
pulling 518db88bbc10:  38% ▕██████            ▏ 1.5 GB/3.8 GB  7.1 MB/s   5m33s[K[?25h[?2026l[?2026h[?25l[A[1Gpulling manifest [K
pulling 518db88bbc10:  38% ▕██████            ▏ 1.5 GB/3.8 GB  7.1 MB/s   5m32s[K[?25h[?2026l[?2026h[?25l[A[1Gpulling manifest [K
pulling 518db88bbc10:  39% ▕██████            ▏ 1.5 GB/3.8 GB  7.1 MB/s   5m32s[K[?25h[?2026l[?2026h[?25l[A[1Gpulling manifest [K
pulling 518db88bbc10:  39% ▕██████            ▏ 1.5 GB/3.8 GB  7.1 MB/s   5m32s[K[?25h[?2026l[?2026h[?25l[A[1Gpulling manifest [K
pulling 518db88bbc10:  39% ▕██████            ▏ 1.5 GB/3.8 GB  7.1 MB/s   5m32s[K[?25h[?2026l[?2026h[?25l[A[1Gpulling manifest [K
pulling 518db88bbc10:  39% ▕██████            ▏ 1.5 GB/3.8 GB  7.1 MB/s   5m32s[K[?25h[?2026l[?2026h[?25l[A[1Gpulling manifest [K
pulling 518db88bbc10:  39% ▕██████            ▏ 1.5 GB/3.8 GB  7.1 MB/s   5m32s[K[?25h[?2026l[?2026h[?25l[A[1Gpulling manifest [K
pulling 518db88bbc10:  39% ▕██████            ▏ 1.5 GB/3.8 GB  7.1 MB/s   5m32s[K[?25h[?2026l[?2026h[?25l[A[1Gpulling manifest [K
pulling 518db88bbc10:  39% ▕██████            ▏ 1.5 GB/3.8 GB  7.1 MB/s   5m32s[K[?25h[?2026l[?2026h[?25l[A[1Gpulling manifest [K
pulling 518db88bbc10:  39% ▕██████            ▏ 1.5 GB/3.8 GB  7.1 MB/s   5m32s[K[?25h[?2026l[?2026h[?25l[A[1Gpulling manifest [K
pulling 518db88bbc10:  39% ▕██████            ▏ 1.5 GB/3.8 GB  7.2 MB/s   5m26s[K[?25h[?2026l[?2026h[?25l[A[1Gpulling manifest [K
pulling 518db88bbc10:  39% ▕██████            ▏ 1.5 GB/3.8 GB  7.2 MB/s   5m25s[K[?25h[?2026l[?2026h[?25l[A[1Gpulling manifest [K
pulling 518db88bbc10:  39% ▕██████            ▏ 1.5 GB/3.8 GB  7.2 MB/s   5m25s[K[?25h[?2026l[?2026h[?25l[A[1Gpulling manifest [K
pulling 518db88bbc10:  39% ▕██████            ▏ 1.5 GB/3.8 GB  7.2 MB/s   5m25s[K[?25h[?2026l[?2026h[?25l[A[1Gpulling manifest [K
pulling 518db88bbc10:  39% ▕██████            ▏ 1.5 GB/3.8 GB  7.2 MB/s   5m25s[K[?25h[?2026l[?2026h[?25l[A[1Gpulling manifest [K
pulling 518db88bbc10:  39% ▕██████            ▏ 1.5 GB/3.8 GB  7.2 MB/s   5m25s[K[?25h[?2026l[?2026h[?25l[A[1Gpulling manifest [K
pulling 518db88bbc10:  39% ▕██████            ▏ 1.5 GB/3.8 GB  7.2 MB/s   5m25s[K[?25h[?2026l[?2026h[?25l[A[1Gpulling manifest [K
pulling 518db88bbc10:  39% ▕██████            ▏ 1.5 GB/3.8 GB  7.2 MB/s   5m25s[K[?25h[?2026l[?2026h[?25l[A[1Gpulling manifest [K
pulling 518db88bbc10:  39% ▕██████            ▏ 1.5 GB/3.8 GB  7.2 MB/s   5m25s[K[?25h[?2026l[?2026h[?25l[A[1Gpulling manifest [K
pulling 518db88bbc10:  39% ▕██████            ▏ 1.5 GB/3.8 GB  7.2 MB/s   5m25s[K[?25h[?2026l[?2026h[?25l[A[1Gpulling manifest [K
pulling 518db88bbc10:  39% ▕██████            ▏ 1.5 GB/3.8 GB  7.2 MB/s   5m28s[K[?25h[?2026l[?2026h[?25l[A[1Gpulling manifest [K
pulling 518db88bbc10:  39% ▕██████            ▏ 1.5 GB/3.8 GB  7.2 MB/s   5m28s[K[?25h[?2026l[?2026h[?25l[A[1Gpulling manifest [K
pulling 518db88bbc10:  39% ▕██████            ▏ 1.5 GB/3.8 GB  7.2 MB/s   5m28s[K[?25h[?2026l[?2026h[?25l[A[1Gpulling manifest [K
pulling 518db88bbc10:  39% ▕███████           ▏ 1.5 GB/3.8 GB  7.2 MB/s   5m28s[K[?25h[?2026l[?2026h[?25l[A[1Gpulling manifest [K
pulling 518db88bbc10:  39% ▕███████           ▏ 1.5 GB/3.8 GB  7.2 MB/s   5m28s[K[?25h[?2026l[?2026h[?25l[A[1Gpulling manifest [K
pulling 518db88bbc10:  39% ▕███████           ▏ 1.5 GB/3.8 GB  7.2 MB/s   5m28s[K[?25h[?2026l[?2026h[?25l[A[1Gpulling manifest [K
pulling 518db88bbc10:  39% ▕███████           ▏ 1.5 GB/3.8 GB  7.2 MB/s   5m27s[K[?25h[?2026l[?2026h[?25l[A[1Gpulling manifest [K
pulling 518db88bbc10:  39% ▕███████           ▏ 1.5 GB/3.8 GB  7.2 MB/s   5m27s[K[?25h[?2026l[?2026h[?25l[A[1Gpulling manifest [K
pulling 518db88bbc10:  39% ▕███████           ▏ 1.5 GB/3.8 GB  7.2 MB/s   5m27s[K[?25h[?2026l[?2026h[?25l[A[1Gpulling manifest [K
pulling 518db88bbc10:  39% ▕███████           ▏ 1.5 GB/3.8 GB  7.2 MB/s   5m27s[K[?25h[?2026l[?2026h[?25l[A[1Gpulling manifest [K
pulling 518db88bbc10:  39% ▕███████           ▏ 1.5 GB/3.8 GB  7.1 MB/s   5m30s[K[?25h[?2026l[?2026h[?25l[A[1Gpulling manifest [K
pulling 518db88bbc10:  39% ▕███████           ▏ 1.5 GB/3.8 GB  7.1 MB/s   5m30s[K[?25h[?2026l[?2026h[?25l[A[1Gpulling manifest [K
pulling 518db88bbc10:  39% ▕███████           ▏ 1.5 GB/3.8 GB  7.1 MB/s   5m30s[K[?25h[?2026l[?2026h[?25l[A[1Gpulling manifest [K
pulling 518db88bbc10:  39% ▕███████           ▏ 1.5 GB/3.8 GB  7.1 MB/s   5m30s[K[?25h[?2026l[?2026h[?25l[A[1Gpulling manifest [K
pulling 518db88bbc10:  39% ▕███████           ▏ 1.5 GB/3.8 GB  7.1 MB/s   5m30s[K[?25h[?2026l[?2026h[?25l[A[1Gpulling manifest [K
pulling 518db88bbc10:  39% ▕███████           ▏ 1.5 GB/3.8 GB  7.1 MB/s   5m30s[K[?25h[?2026l[?2026h[?25l[A[1Gpulling manifest [K
pulling 518db88bbc10:  39% ▕███████           ▏ 1.5 GB/3.8 GB  7.1 MB/s   5m30s[K[?25h[?2026l[?2026h[?25l[A[1Gpulling manifest [K
pulling 518db88bbc10:  39% ▕███████           ▏ 1.5 GB/3.8 GB  7.1 MB/s   5m29s[K[?25h[?2026l[?2026h[?25l[A[1Gpulling manifest [K
pulling 518db88bbc10:  39% ▕███████           ▏ 1.5 GB/3.8 GB  7.1 MB/s   5m29s[K[?25h[?2026l[?2026h[?25l[A[1Gpulling manifest [K
pulling 518db88bbc10:  39% ▕███████           ▏ 1.5 GB/3.8 GB  7.1 MB/s   5m29s[K[?25h[?2026l[?2026h[?25l[A[1Gpulling manifest [K
pulling 518db88bbc10:  39% ▕███████           ▏ 1.5 GB/3.8 GB  7.4 MB/s   5m17s[K[?25h[?2026l[?2026h[?25l[A[1Gpulling manifest [K
pulling 518db88bbc10:  39% ▕███████           ▏ 1.5 GB/3.8 GB  7.4 MB/s   5m17s[K[?25h[?2026l[?2026h[?25l[A[1Gpulling manifest [K
pulling 518db88bbc10:  39% ▕███████           ▏ 1.5 GB/3.8 GB  7.4 MB/s   5m17s[K[?25h[?2026l[?2026h[?25l[A[1Gpulling manifest [K
pulling 518db88bbc10:  39% ▕███████           ▏ 1.5 GB/3.8 GB  7.4 MB/s   5m16s[K[?25h[?2026l[?2026h[?25l[A[1Gpulling manifest [K
pulling 518db88bbc10:  39% ▕███████           ▏ 1.5 GB/3.8 GB  7.4 MB/s   5m16s[K[?25h[?2026l[?2026h[?25l[A[1Gpulling manifest [K
pulling 518db88bbc10:  39% ▕███████           ▏ 1.5 GB/3.8 GB  7.4 MB/s   5m16s[K[?25h[?2026l[?2026h[?25l[A[1Gpulling manifest [K
pulling 518db88bbc10:  40% ▕███████           ▏ 1.5 GB/3.8 GB  7.4 MB/s   5m16s[K[?25h[?2026l[?2026h[?25l[A[1Gpulling manifest [K
pulling 518db88bbc10:  40% ▕███████           ▏ 1.5 GB/3.8 GB  7.4 MB/s   5m16s[K[?25h[?2026l[?2026h[?25l[A[1Gpulling manifest [K
pulling 518db88bbc10:  40% ▕███████           ▏ 1.5 GB/3.8 GB  7.4 MB/s   5m16s[K[?25h[?2026l[?2026h[?25l[A[1Gpulling manifest [K
pulling 518db88bbc10:  40% ▕███████           ▏ 1.5 GB/3.8 GB  7.4 MB/s   5m16s[K[?25h[?2026l[?2026h[?25l[A[1Gpulling manifest [K
pulling 518db88bbc10:  40% ▕███████           ▏ 1.5 GB/3.8 GB  7.8 MB/s   4m59s[K[?25h[?2026l[?2026h[?25l[A[1Gpulling manifest [K
pulling 518db88bbc10:  40% ▕███████           ▏ 1.5 GB/3.8 GB  7.8 MB/s   4m59s[K[?25h[?2026l[?2026h[?25l[A[1Gpulling manifest [K
pulling 518db88bbc10:  40% ▕███████           ▏ 1.5 GB/3.8 GB  7.8 MB/s   4m59s[K[?25h[?2026l[?2026h[?25l[A[1Gpulling manifest [K
pulling 518db88bbc10:  40% ▕███████           ▏ 1.5 GB/3.8 GB  7.8 MB/s   4m59s[K[?25h[?2026l[?2026h[?25l[A[1Gpulling manifest [K
pulling 518db88bbc10:  40% ▕███████           ▏ 1.5 GB/3.8 GB  7.8 MB/s   4m59s[K[?25h[?2026l[?2026h[?25l[A[1Gpulling manifest [K
pulling 518db88bbc10:  40% ▕███████           ▏ 1.5 GB/3.8 GB  7.8 MB/s   4m58s[K[?25h[?2026l[?2026h[?25l[A[1Gpulling manifest [K
pulling 518db88bbc10:  40% ▕███████           ▏ 1.5 GB/3.8 GB  7.8 MB/s   4m58s[K[?25h[?2026l[?2026h[?25l[A[1Gpulling manifest [K
pulling 518db88bbc10:  40% ▕███████           ▏ 1.5 GB/3.8 GB  7.8 MB/s   4m58s[K[?25h[?2026l[?2026h[?25l[A[1Gpulling manifest [K
pulling 518db88bbc10:  40% ▕███████           ▏ 1.5 GB/3.8 GB  7.8 MB/s   4m58s[K[?25h[?2026l[?2026h[?25l[A[1Gpulling manifest [K
pulling 518db88bbc10:  40% ▕███████           ▏ 1.5 GB/3.8 GB  7.8 MB/s   4m58s[K[?25h[?2026l[?2026h[?25l[A[1Gpulling manifest [K
pulling 518db88bbc10:  40% ▕███████           ▏ 1.5 GB/3.8 GB  7.8 MB/s   4m58s[K[?25h[?2026l[?2026h[?25l[A[1Gpulling manifest [K
pulling 518db88bbc10:  40% ▕███████           ▏ 1.5 GB/3.8 GB  8.3 MB/s   4m40s[K[?25h[?2026l[?2026h[?25l[A[1Gpulling manifest [K
pulling 518db88bbc10:  40% ▕███████           ▏ 1.5 GB/3.8 GB  8.3 MB/s   4m39s[K[?25h[?2026l[?2026h[?25l[A[1Gpulling manifest [K
pulling 518db88bbc10:  40% ▕███████           ▏ 1.5 GB/3.8 GB  8.3 MB/s   4m39s[K[?25h[?2026l[?2026h[?25l[A[1Gpulling manifest [K
pulling 518db88bbc10:  40% ▕███████           ▏ 1.5 GB/3.8 GB  8.3 MB/s   4m39s[K[?25h[?2026l[?2026h[?25l[A[1Gpulling manifest [K
pulling 518db88bbc10:  40% ▕███████           ▏ 1.5 GB/3.8 GB  8.3 MB/s   4m39s[K[?25h[?2026l[?2026h[?25l[A[1Gpulling manifest [K
pulling 518db88bbc10:  40% ▕███████           ▏ 1.5 GB/3.8 GB  8.3 MB/s   4m39s[K[?25h[?2026l[?2026h[?25l[A[1Gpulling manifest [K
pulling 518db88bbc10:  40% ▕███████           ▏ 1.5 GB/3.8 GB  8.3 MB/s   4m39s[K[?25h[?2026l[?2026h[?25l[A[1Gpulling manifest [K
pulling 518db88bbc10:  40% ▕███████           ▏ 1.5 GB/3.8 GB  8.3 MB/s   4m39s[K[?25h[?2026l[?2026h[?25l[A[1Gpulling manifest [K
pulling 518db88bbc10:  40% ▕███████           ▏ 1.5 GB/3.8 GB  8.3 MB/s   4m38s[K[?25h[?2026l[?2026h[?25l[A[1Gpulling manifest [K
pulling 518db88bbc10:  40% ▕███████           ▏ 1.5 GB/3.8 GB  8.3 MB/s   4m38s[K[?25h[?2026l[?2026h[?25l[A[1Gpulling manifest [K
pulling 518db88bbc10:  40% ▕███████           ▏ 1.5 GB/3.8 GB  9.1 MB/s   4m11s[K[?25h[?2026l[?2026h[?25l[A[1Gpulling manifest [K
pulling 518db88bbc10:  40% ▕███████           ▏ 1.5 GB/3.8 GB  9.1 MB/s   4m11s[K[?25h[?2026l[?2026h[?25l[A[1Gpulling manifest [K
pulling 518db88bbc10:  40% ▕███████           ▏ 1.5 GB/3.8 GB  9.1 MB/s   4m11s[K[?25h[?2026l[?2026h[?25l[A[1Gpulling manifest [K
pulling 518db88bbc10:  40% ▕███████           ▏ 1.6 GB/3.8 GB  9.1 MB/s   4m11s[K[?25h[?2026l[?2026h[?25l[A[1Gpulling manifest [K
pulling 518db88bbc10:  40% ▕███████           ▏ 1.6 GB/3.8 GB  9.1 MB/s   4m11s[K[?25h[?2026l[?2026h[?25l[A[1Gpulling manifest [K
pulling 518db88bbc10:  40% ▕███████           ▏ 1.6 GB/3.8 GB  9.1 MB/s   4m11s[K[?25h[?2026l[?2026h[?25l[A[1Gpulling manifest [K
pulling 518db88bbc10:  40% ▕███████           ▏ 1.6 GB/3.8 GB  9.1 MB/s   4m10s[K[?25h[?2026l[?2026h[?25l[A[1Gpulling manifest [K
pulling 518db88bbc10:  40% ▕███████           ▏ 1.6 GB/3.8 GB  9.1 MB/s   4m10s[K[?25h[?2026l[?2026h[?25l[A[1Gpulling manifest [K
pulling 518db88bbc10:  40% ▕███████           ▏ 1.6 GB/3.8 GB  9.1 MB/s   4m10s[K[?25h[?2026l[?2026h[?25l[A[1Gpulling manifest [K
pulling 518db88bbc10:  41% ▕███████           ▏ 1.6 GB/3.8 GB  9.1 MB/s   4m10s[K[?25h[?2026l[?2026h[?25l[A[1Gpulling manifest [K
pulling 518db88bbc10:  41% ▕███████           ▏ 1.6 GB/3.8 GB  9.7 MB/s   3m54s[K[?25h[?2026l[?2026h[?25l[A[1Gpulling manifest [K
pulling 518db88bbc10:  41% ▕███████           ▏ 1.6 GB/3.8 GB  9.7 MB/s   3m54s[K[?25h[?2026l[?2026h[?25l[A[1Gpulling manifest [K
pulling 518db88bbc10:  41% ▕███████           ▏ 1.6 GB/3.8 GB  9.7 MB/s   3m54s[K[?25h[?2026l[?2026h[?25l[A[1Gpulling manifest [K
pulling 518db88bbc10:  41% ▕███████           ▏ 1.6 GB/3.8 GB  9.7 MB/s   3m54s[K[?25h[?2026l[?2026h[?25l[A[1Gpulling manifest [K
pulling 518db88bbc10:  41% ▕███████           ▏ 1.6 GB/3.8 GB  9.7 MB/s   3m54s[K[?25h[?2026l[?2026h[?25l[A[1Gpulling manifest [K
pulling 518db88bbc10:  41% ▕███████           ▏ 1.6 GB/3.8 GB  9.7 MB/s   3m54s[K[?25h[?2026l[?2026h[?25l[A[1Gpulling manifest [K
pulling 518db88bbc10:  41% ▕███████           ▏ 1.6 GB/3.8 GB  9.7 MB/s   3m54s[K[?25h[?2026l[?2026h[?25l[A[1Gpulling manifest [K
pulling 518db88bbc10:  41% ▕███████           ▏ 1.6 GB/3.8 GB  9.7 MB/s   3m54s[K[?25h[?2026l[?2026h[?25l[A[1Gpulling manifest [K
pulling 518db88bbc10:  41% ▕███████           ▏ 1.6 GB/3.8 GB  9.7 MB/s   3m53s[K[?25h[?2026l[?2026h[?25l[A[1Gpulling manifest [K
pulling 518db88bbc10:  41% ▕███████           ▏ 1.6 GB/3.8 GB  9.7 MB/s   3m53s[K[?25h[?2026l[?2026h[?25l[A[1Gpulling manifest [K
pulling 518db88bbc10:  41% ▕███████           ▏ 1.6 GB/3.8 GB   10 MB/s   3m41s[K[?25h[?2026l[?2026h[?25l[A[1Gpulling manifest [K
pulling 518db88bbc10:  41% ▕███████           ▏ 1.6 GB/3.8 GB   10 MB/s   3m41s[K[?25h[?2026l[?2026h[?25l[A[1Gpulling manifest [K
pulling 518db88bbc10:  41% ▕███████           ▏ 1.6 GB/3.8 GB   10 MB/s   3m41s[K[?25h[?2026l[?2026h[?25l[A[1Gpulling manifest [K
pulling 518db88bbc10:  41% ▕███████           ▏ 1.6 GB/3.8 GB   10 MB/s   3m41s[K[?25h[?2026l[?2026h[?25l[A[1Gpulling manifest [K
pulling 518db88bbc10:  41% ▕███████           ▏ 1.6 GB/3.8 GB   10 MB/s   3m41s[K[?25h[?2026l[?2026h[?25l[A[1Gpulling manifest [K
pulling 518db88bbc10:  41% ▕███████           ▏ 1.6 GB/3.8 GB   10 MB/s   3m41s[K[?25h[?2026l[?2026h[?25l[A[1Gpulling manifest [K
pulling 518db88bbc10:  41% ▕███████           ▏ 1.6 GB/3.8 GB   10 MB/s   3m41s[K[?25h[?2026l[?2026h[?25l[A[1Gpulling manifest [K
pulling 518db88bbc10:  41% ▕███████           ▏ 1.6 GB/3.8 GB   10 MB/s   3m41s[K[?25h[?2026l[?2026h[?25l[A[1Gpulling manifest [K
pulling 518db88bbc10:  41% ▕███████           ▏ 1.6 GB/3.8 GB   10 MB/s   3m41s[K[?25h[?2026l[?2026h[?25l[A[1Gpulling manifest [K
pulling 518db88bbc10:  41% ▕███████           ▏ 1.6 GB/3.8 GB   10 MB/s   3m41s[K[?25h[?2026l[?2026h[?25l[A[1Gpulling manifest [K
pulling 518db88bbc10:  41% ▕███████           ▏ 1.6 GB/3.8 GB   10 MB/s   3m34s[K[?25h[?2026l[?2026h[?25l[A[1Gpulling manifest [K
pulling 518db88bbc10:  41% ▕███████           ▏ 1.6 GB/3.8 GB   10 MB/s   3m34s[K[?25h[?2026l[?2026h[?25l[A[1Gpulling manifest [K
pulling 518db88bbc10:  41% ▕███████           ▏ 1.6 GB/3.8 GB   10 MB/s   3m34s[K[?25h[?2026l[?2026h[?25l[A[1Gpulling manifest [K
pulling 518db88bbc10:  41% ▕███████           ▏ 1.6 GB/3.8 GB   10 MB/s   3m34s[K[?25h[?2026l[?2026h[?25l[A[1Gpulling manifest [K
pulling 518db88bbc10:  41% ▕███████           ▏ 1.6 GB/3.8 GB   10 MB/s   3m34s[K[?25h[?2026l[?2026h[?25l[A[1Gpulling manifest [K
pulling 518db88bbc10:  41% ▕███████           ▏ 1.6 GB/3.8 GB   10 MB/s   3m34s[K[?25h[?2026l[?2026h[?25l[A[1Gpulling manifest [K
pulling 518db88bbc10:  41% ▕███████           ▏ 1.6 GB/3.8 GB   10 MB/s   3m34s[K[?25h[?2026l[?2026h[?25l[A[1Gpulling manifest [K
pulling 518db88bbc10:  41% ▕███████           ▏ 1.6 GB/3.8 GB   10 MB/s   3m34s[K[?25h[?2026l[?2026h[?25l[A[1Gpulling manifest [K
pulling 518db88bbc10:  41% ▕███████           ▏ 1.6 GB/3.8 GB   10 MB/s   3m34s[K[?25h[?2026l[?2026h[?25l[A[1Gpulling manifest [K
pulling 518db88bbc10:  41% ▕███████           ▏ 1.6 GB/3.8 GB   10 MB/s   3m34s[K[?25h[?2026l[?2026h[?25l[A[1Gpulling manifest [K
pulling 518db88bbc10:  41% ▕███████           ▏ 1.6 GB/3.8 GB   10 MB/s   3m34s[K[?25h[?2026l[?2026h[?25l[A[1Gpulling manifest [K
pulling 518db88bbc10:  41% ▕███████           ▏ 1.6 GB/3.8 GB   10 MB/s   3m37s[K[?25h[?2026l[?2026h[?25l[A[1Gpulling manifest [K
pulling 518db88bbc10:  41% ▕███████           ▏ 1.6 GB/3.8 GB   10 MB/s   3m37s[K[?25h[?2026l[?2026h[?25l[A[1Gpulling manifest [K
pulling 518db88bbc10:  41% ▕███████           ▏ 1.6 GB/3.8 GB   10 MB/s   3m37s[K[?25h[?2026l[?2026h[?25l[A[1Gpulling manifest [K
pulling 518db88bbc10:  41% ▕███████           ▏ 1.6 GB/3.8 GB   10 MB/s   3m37s[K[?25h[?2026l[?2026h[?25l[A[1Gpulling manifest [K
pulling 518db88bbc10:  41% ▕███████           ▏ 1.6 GB/3.8 GB   10 MB/s   3m37s[K[?25h[?2026l[?2026h[?25l[A[1Gpulling manifest [K
pulling 518db88bbc10:  41% ▕███████           ▏ 1.6 GB/3.8 GB   10 MB/s   3m37s[K[?25h[?2026l[?2026h[?25l[A[1Gpulling manifest [K
pulling 518db88bbc10:  41% ▕███████           ▏ 1.6 GB/3.8 GB   10 MB/s   3m36s[K[?25h[?2026l[?2026h[?25l[A[1Gpulling manifest [K
pulling 518db88bbc10:  41% ▕███████           ▏ 1.6 GB/3.8 GB   10 MB/s   3m36s[K[?25h[?2026l[?2026h[?25l[A[1Gpulling manifest [K
pulling 518db88bbc10:  41% ▕███████           ▏ 1.6 GB/3.8 GB   10 MB/s   3m36s[K[?25h[?2026l[?2026h[?25l[A[1Gpulling manifest [K
pulling 518db88bbc10:  42% ▕███████           ▏ 1.6 GB/3.8 GB   10 MB/s   3m36s[K[?25h[?2026l[?2026h[?25l[A[1Gpulling manifest [K
pulling 518db88bbc10:  42% ▕███████           ▏ 1.6 GB/3.8 GB   10 MB/s   3m32s[K[?25h[?2026l[?2026h[?25l[A[1Gpulling manifest [K
pulling 518db88bbc10:  42% ▕███████           ▏ 1.6 GB/3.8 GB   10 MB/s   3m32s[K[?25h[?2026l[?2026h[?25l[A[1Gpulling manifest [K
pulling 518db88bbc10:  42% ▕███████           ▏ 1.6 GB/3.8 GB   10 MB/s   3m32s[K[?25h[?2026l[?2026h[?25l[A[1Gpulling manifest [K
pulling 518db88bbc10:  42% ▕███████           ▏ 1.6 GB/3.8 GB   10 MB/s   3m32s[K[?25h[?2026l[?2026h[?25l[A[1Gpulling manifest [K
pulling 518db88bbc10:  42% ▕███████           ▏ 1.6 GB/3.8 GB   10 MB/s   3m32s[K[?25h[?2026l[?2026h[?25l[A[1Gpulling manifest [K
pulling 518db88bbc10:  42% ▕███████           ▏ 1.6 GB/3.8 GB   10 MB/s   3m32s[K[?25h[?2026l[?2026h[?25l[A[1Gpulling manifest [K
pulling 518db88bbc10:  42% ▕███████           ▏ 1.6 GB/3.8 GB   10 MB/s   3m32s[K[?25h[?2026l[?2026h[?25l[A[1Gpulling manifest [K
pulling 518db88bbc10:  42% ▕███████           ▏ 1.6 GB/3.8 GB   10 MB/s   3m32s[K[?25h[?2026l[?2026h[?25l[A[1Gpulling manifest [K
pulling 518db88bbc10:  42% ▕███████           ▏ 1.6 GB/3.8 GB   10 MB/s   3m32s[K[?25h[?2026l[?2026h[?25l[A[1Gpulling manifest [K
pulling 518db88bbc10:  42% ▕███████           ▏ 1.6 GB/3.8 GB   10 MB/s   3m32s[K[?25h[?2026l[?2026h[?25l[A[1Gpulling manifest [K
pulling 518db88bbc10:  42% ▕███████           ▏ 1.6 GB/3.8 GB   10 MB/s   3m38s[K[?25h[?2026l[?2026h[?25l[A[1Gpulling manifest [K
pulling 518db88bbc10:  42% ▕███████           ▏ 1.6 GB/3.8 GB   10 MB/s   3m38s[K[?25h[?2026l[?2026h[?25l[A[1Gpulling manifest [K
pulling 518db88bbc10:  42% ▕███████           ▏ 1.6 GB/3.8 GB   10 MB/s   3m38s[K[?25h[?2026l[?2026h[?25l[A[1Gpulling manifest [K
pulling 518db88bbc10:  42% ▕███████           ▏ 1.6 GB/3.8 GB   10 MB/s   3m38s[K[?25h[?2026l[?2026h[?25l[A[1Gpulling manifest [K
pulling 518db88bbc10:  42% ▕███████           ▏ 1.6 GB/3.8 GB   10 MB/s   3m38s[K[?25h[?2026l[?2026h[?25l[A[1Gpulling manifest [K
pulling 518db88bbc10:  42% ▕███████           ▏ 1.6 GB/3.8 GB   10 MB/s   3m38s[K[?25h[?2026l[?2026h[?25l[A[1Gpulling manifest [K
pulling 518db88bbc10:  42% ▕███████           ▏ 1.6 GB/3.8 GB   10 MB/s   3m38s[K[?25h[?2026l[?2026h[?25l[A[1Gpulling manifest [K
pulling 518db88bbc10:  42% ▕███████           ▏ 1.6 GB/3.8 GB   10 MB/s   3m38s[K[?25h[?2026l[?2026h[?25l[A[1Gpulling manifest [K
pulling 518db88bbc10:  42% ▕███████           ▏ 1.6 GB/3.8 GB   10 MB/s   3m38s[K[?25h[?2026l[?2026h[?25l[A[1Gpulling manifest [K
pulling 518db88bbc10:  42% ▕███████           ▏ 1.6 GB/3.8 GB   10 MB/s   3m38s[K[?25h[?2026l[?2026h[?25l[A[1Gpulling manifest [K
pulling 518db88bbc10:  42% ▕███████           ▏ 1.6 GB/3.8 GB  9.9 MB/s   3m45s[K[?25h[?2026l[?2026h[?25l[A[1Gpulling manifest [K
pulling 518db88bbc10:  42% ▕███████           ▏ 1.6 GB/3.8 GB  9.9 MB/s   3m45s[K[?25h[?2026l[?2026h[?25l[A[1Gpulling manifest [K
pulling 518db88bbc10:  42% ▕███████           ▏ 1.6 GB/3.8 GB  9.9 MB/s   3m45s[K[?25h[?2026l[?2026h[?25l[A[1Gpulling manifest [K
pulling 518db88bbc10:  42% ▕███████           ▏ 1.6 GB/3.8 GB  9.9 MB/s   3m45s[K[?25h[?2026l[?2026h[?25l[A[1Gpulling manifest [K
pulling 518db88bbc10:  42% ▕███████           ▏ 1.6 GB/3.8 GB  9.9 MB/s   3m45s[K[?25h[?2026l[?2026h[?25l[A[1Gpulling manifest [K
pulling 518db88bbc10:  42% ▕███████           ▏ 1.6 GB/3.8 GB  9.9 MB/s   3m45s[K[?25h[?2026l[?2026h[?25l[A[1Gpulling manifest [K
pulling 518db88bbc10:  42% ▕███████           ▏ 1.6 GB/3.8 GB  9.9 MB/s   3m45s[K[?25h[?2026l[?2026h[?25l[A[1Gpulling manifest [K
pulling 518db88bbc10:  42% ▕███████           ▏ 1.6 GB/3.8 GB  9.9 MB/s   3m45s[K[?25h[?2026l[?2026h[?25l[A[1Gpulling manifest [K
pulling 518db88bbc10:  42% ▕███████           ▏ 1.6 GB/3.8 GB  9.9 MB/s   3m45s[K[?25h[?2026l[?2026h[?25l[A[1Gpulling manifest [K
pulling 518db88bbc10:  42% ▕███████           ▏ 1.6 GB/3.8 GB  9.9 MB/s   3m45s[K[?25h[?2026l[?2026h[?25l[A[1Gpulling manifest [K
pulling 518db88bbc10:  42% ▕███████           ▏ 1.6 GB/3.8 GB  9.4 MB/s   3m58s[K[?25h[?2026l[?2026h[?25l[A[1Gpulling manifest [K
pulling 518db88bbc10:  42% ▕███████           ▏ 1.6 GB/3.8 GB  9.4 MB/s   3m58s[K[?25h[?2026l[?2026h[?25l[A[1Gpulling manifest [K
pulling 518db88bbc10:  42% ▕███████           ▏ 1.6 GB/3.8 GB  9.4 MB/s   3m58s[K[?25h[?2026l[?2026h[?25l[A[1Gpulling manifest [K
pulling 518db88bbc10:  42% ▕███████           ▏ 1.6 GB/3.8 GB  9.4 MB/s   3m57s[K[?25h[?2026l[?2026h[?25l[A[1Gpulling manifest [K
pulling 518db88bbc10:  42% ▕███████           ▏ 1.6 GB/3.8 GB  9.4 MB/s   3m57s[K[?25h[?2026l[?2026h[?25l[A[1Gpulling manifest [K
pulling 518db88bbc10:  42% ▕███████           ▏ 1.6 GB/3.8 GB  9.4 MB/s   3m57s[K[?25h[?2026l[?2026h[?25l[A[1Gpulling manifest [K
pulling 518db88bbc10:  42% ▕███████           ▏ 1.6 GB/3.8 GB  9.4 MB/s   3m57s[K[?25h[?2026l[?2026h[?25l[A[1Gpulling manifest [K
pulling 518db88bbc10:  42% ▕███████           ▏ 1.6 GB/3.8 GB  9.4 MB/s   3m57s[K[?25h[?2026l[?2026h[?25l[A[1Gpulling manifest [K
pulling 518db88bbc10:  42% ▕███████           ▏ 1.6 GB/3.8 GB  9.4 MB/s   3m57s[K[?25h[?2026l[?2026h[?25l[A[1Gpulling manifest [K
pulling 518db88bbc10:  42% ▕███████           ▏ 1.6 GB/3.8 GB  9.4 MB/s   3m57s[K[?25h[?2026l[?2026h[?25l[A[1Gpulling manifest [K
pulling 518db88bbc10:  42% ▕███████           ▏ 1.6 GB/3.8 GB  9.4 MB/s   3m57s[K[?25h[?2026l[?2026h[?25l[A[1Gpulling manifest [K
pulling 518db88bbc10:  42% ▕███████           ▏ 1.6 GB/3.8 GB  8.3 MB/s   4m26s[K[?25h[?2026l[?2026h[?25l[A[1Gpulling manifest [K
pulling 518db88bbc10:  42% ▕███████           ▏ 1.6 GB/3.8 GB  8.3 MB/s   4m26s[K[?25h[?2026l[?2026h[?25l[A[1Gpulling manifest [K
pulling 518db88bbc10:  42% ▕███████           ▏ 1.6 GB/3.8 GB  8.3 MB/s   4m26s[K[?25h[?2026l[?2026h[?25l[A[1Gpulling manifest [K
pulling 518db88bbc10:  42% ▕███████           ▏ 1.6 GB/3.8 GB  8.3 MB/s   4m26s[K[?25h[?2026l[?2026h[?25l[A[1Gpulling manifest [K
pulling 518db88bbc10:  42% ▕███████           ▏ 1.6 GB/3.8 GB  8.3 MB/s   4m26s[K[?25h[?2026l[?2026h[?25l[A[1Gpulling manifest [K
pulling 518db88bbc10:  42% ▕███████           ▏ 1.6 GB/3.8 GB  8.3 MB/s   4m26s[K[?25h[?2026l[?2026h[?25l[A[1Gpulling manifest [K
pulling 518db88bbc10:  42% ▕███████           ▏ 1.6 GB/3.8 GB  8.3 MB/s   4m25s[K[?25h[?2026l[?2026h[?25l[A[1Gpulling manifest [K
pulling 518db88bbc10:  42% ▕███████           ▏ 1.6 GB/3.8 GB  8.3 MB/s   4m25s[K[?25h[?2026l[?2026h[?25l[A[1Gpulling manifest [K
pulling 518db88bbc10:  42% ▕███████           ▏ 1.6 GB/3.8 GB  8.3 MB/s   4m25s[K[?25h[?2026l[?2026h[?25l[A[1Gpulling manifest [K
pulling 518db88bbc10:  42% ▕███████           ▏ 1.6 GB/3.8 GB  8.3 MB/s   4m25s[K[?25h[?2026l[?2026h[?25l[A[1Gpulling manifest [K
pulling 518db88bbc10:  42% ▕███████           ▏ 1.6 GB/3.8 GB  7.8 MB/s   4m42s[K[?25h[?2026l[?2026h[?25l[A[1Gpulling manifest [K
pulling 518db88bbc10:  42% ▕███████           ▏ 1.6 GB/3.8 GB  7.8 MB/s   4m42s[K[?25h[?2026l[?2026h[?25l[A[1Gpulling manifest [K
pulling 518db88bbc10:  42% ▕███████           ▏ 1.6 GB/3.8 GB  7.8 MB/s   4m42s[K[?25h[?2026l[?2026h[?25l[A[1Gpulling manifest [K
pulling 518db88bbc10:  42% ▕███████           ▏ 1.6 GB/3.8 GB  7.8 MB/s   4m42s[K[?25h[?2026l[?2026h[?25l[A[1Gpulling manifest [K
pulling 518db88bbc10:  42% ▕███████           ▏ 1.6 GB/3.8 GB  7.8 MB/s   4m42s[K[?25h[?2026l[?2026h[?25l[A[1Gpulling manifest [K
pulling 518db88bbc10:  42% ▕███████           ▏ 1.6 GB/3.8 GB  7.8 MB/s   4m42s[K[?25h[?2026l[?2026h[?25l[A[1Gpulling manifest [K
pulling 518db88bbc10:  43% ▕███████           ▏ 1.6 GB/3.8 GB  7.8 MB/s   4m42s[K[?25h[?2026l[?2026h[?25l[A[1Gpulling manifest [K
pulling 518db88bbc10:  43% ▕███████           ▏ 1.6 GB/3.8 GB  7.8 MB/s   4m42s[K[?25h[?2026l[?2026h[?25l[A[1Gpulling manifest [K
pulling 518db88bbc10:  43% ▕███████           ▏ 1.6 GB/3.8 GB  7.8 MB/s   4m42s[K[?25h[?2026l[?2026h[?25l[A[1Gpulling manifest [K
pulling 518db88bbc10:  43% ▕███████           ▏ 1.6 GB/3.8 GB  7.8 MB/s   4m42s[K[?25h[?2026l[?2026h[?25l[A[1Gpulling manifest [K
pulling 518db88bbc10:  43% ▕███████           ▏ 1.6 GB/3.8 GB  7.4 MB/s   4m58s[K[?25h[?2026l[?2026h[?25l[A[1Gpulling manifest [K
pulling 518db88bbc10:  43% ▕███████           ▏ 1.6 GB/3.8 GB  7.4 MB/s   4m57s[K[?25h[?2026l[?2026h[?25l[A[1Gpulling manifest [K
pulling 518db88bbc10:  43% ▕███████           ▏ 1.6 GB/3.8 GB  7.4 MB/s   4m57s[K[?25h[?2026l[?2026h[?25l[A[1Gpulling manifest [K
pulling 518db88bbc10:  43% ▕███████           ▏ 1.6 GB/3.8 GB  7.4 MB/s   4m57s[K[?25h[?2026l[?2026h[?25l[A[1Gpulling manifest [K
pulling 518db88bbc10:  43% ▕███████           ▏ 1.6 GB/3.8 GB  7.4 MB/s   4m57s[K[?25h[?2026l[?2026h[?25l[A[1Gpulling manifest [K
pulling 518db88bbc10:  43% ▕███████           ▏ 1.6 GB/3.8 GB  7.4 MB/s   4m57s[K[?25h[?2026l[?2026h[?25l[A[1Gpulling manifest [K
pulling 518db88bbc10:  43% ▕███████           ▏ 1.6 GB/3.8 GB  7.4 MB/s   4m57s[K[?25h[?2026l[?2026h[?25l[A[1Gpulling manifest [K
pulling 518db88bbc10:  43% ▕███████           ▏ 1.6 GB/3.8 GB  7.4 MB/s   4m57s[K[?25h[?2026l[?2026h[?25l[A[1Gpulling manifest [K
pulling 518db88bbc10:  43% ▕███████           ▏ 1.6 GB/3.8 GB  7.4 MB/s   4m57s[K[?25h[?2026l[?2026h[?25l[A[1Gpulling manifest [K
pulling 518db88bbc10:  43% ▕███████           ▏ 1.6 GB/3.8 GB  7.4 MB/s   4m57s[K[?25h[?2026l[?2026h[?25l[A[1Gpulling manifest [K
pulling 518db88bbc10:  43% ▕███████           ▏ 1.6 GB/3.8 GB  7.0 MB/s   5m14s[K[?25h[?2026l[?2026h[?25l[A[1Gpulling manifest [K
pulling 518db88bbc10:  43% ▕███████           ▏ 1.6 GB/3.8 GB  7.0 MB/s   5m14s[K[?25h[?2026l[?2026h[?25l[A[1Gpulling manifest [K
pulling 518db88bbc10:  43% ▕███████           ▏ 1.6 GB/3.8 GB  7.0 MB/s   5m14s[K[?25h[?2026l[?2026h[?25l[A[1Gpulling manifest [K
pulling 518db88bbc10:  43% ▕███████           ▏ 1.6 GB/3.8 GB  7.0 MB/s   5m14s[K[?25h[?2026l[?2026h[?25l[A[1Gpulling manifest [K
pulling 518db88bbc10:  43% ▕███████           ▏ 1.6 GB/3.8 GB  7.0 MB/s   5m14s[K[?25h[?2026l[?2026h[?25l[A[1Gpulling manifest [K
pulling 518db88bbc10:  43% ▕███████           ▏ 1.6 GB/3.8 GB  7.0 MB/s   5m14s[K[?25h[?2026l[?2026h[?25l[A[1Gpulling manifest [K
pulling 518db88bbc10:  43% ▕███████           ▏ 1.6 GB/3.8 GB  7.0 MB/s   5m14s[K[?25h[?2026l[?2026h[?25l[A[1Gpulling manifest [K
pulling 518db88bbc10:  43% ▕███████           ▏ 1.6 GB/3.8 GB  7.0 MB/s   5m14s[K[?25h[?2026l[?2026h[?25l[A[1Gpulling manifest [K
pulling 518db88bbc10:  43% ▕███████           ▏ 1.6 GB/3.8 GB  7.0 MB/s   5m14s[K[?25h[?2026l[?2026h[?25l[A[1Gpulling manifest [K
pulling 518db88bbc10:  43% ▕███████           ▏ 1.6 GB/3.8 GB  7.0 MB/s   5m14s[K[?25h[?2026l[?2026h[?25l[A[1Gpulling manifest [K
pulling 518db88bbc10:  43% ▕███████           ▏ 1.6 GB/3.8 GB  6.7 MB/s   5m26s[K[?25h[?2026l[?2026h[?25l[A[1Gpulling manifest [K
pulling 518db88bbc10:  43% ▕███████           ▏ 1.6 GB/3.8 GB  6.7 MB/s   5m26s[K[?25h[?2026l[?2026h[?25l[A[1Gpulling manifest [K
pulling 518db88bbc10:  43% ▕███████           ▏ 1.6 GB/3.8 GB  6.7 MB/s   5m26s[K[?25h[?2026l[?2026h[?25l[A[1Gpulling manifest [K
pulling 518db88bbc10:  43% ▕███████           ▏ 1.6 GB/3.8 GB  6.7 MB/s   5m26s[K[?25h[?2026l[?2026h[?25l[A[1Gpulling manifest [K
pulling 518db88bbc10:  43% ▕███████           ▏ 1.6 GB/3.8 GB  6.7 MB/s   5m26s[K[?25h[?2026l[?2026h[?25l[A[1Gpulling manifest [K
pulling 518db88bbc10:  43% ▕███████           ▏ 1.6 GB/3.8 GB  6.7 MB/s   5m26s[K[?25h[?2026l[?2026h[?25l[A[1Gpulling manifest [K
pulling 518db88bbc10:  43% ▕███████           ▏ 1.6 GB/3.8 GB  6.7 MB/s   5m26s[K[?25h[?2026l[?2026h[?25l[A[1Gpulling manifest [K
pulling 518db88bbc10:  43% ▕███████           ▏ 1.6 GB/3.8 GB  6.7 MB/s   5m26s[K[?25h[?2026l[?2026h[?25l[A[1Gpulling manifest [K
pulling 518db88bbc10:  43% ▕███████           ▏ 1.6 GB/3.8 GB  6.7 MB/s   5m26s[K[?25h[?2026l[?2026h[?25l[A[1Gpulling manifest [K
pulling 518db88bbc10:  43% ▕███████           ▏ 1.6 GB/3.8 GB  6.7 MB/s   5m26s[K[?25h[?2026l[?2026h[?25l[A[1Gpulling manifest [K
pulling 518db88bbc10:  43% ▕███████           ▏ 1.6 GB/3.8 GB  6.7 MB/s   5m26s[K[?25h[?2026l[?2026h[?25l[A[1Gpulling manifest [K
pulling 518db88bbc10:  43% ▕███████           ▏ 1.6 GB/3.8 GB  5.6 MB/s   6m33s[K[?25h[?2026l[?2026h[?25l[A[1Gpulling manifest [K
pulling 518db88bbc10:  43% ▕███████           ▏ 1.6 GB/3.8 GB  5.6 MB/s   6m33s[K[?25h[?2026l[?2026h[?25l[A[1Gpulling manifest [K
pulling 518db88bbc10:  43% ▕███████           ▏ 1.6 GB/3.8 GB  5.6 MB/s   6m33s[K[?25h[?2026l[?2026h[?25l[A[1Gpulling manifest [K
pulling 518db88bbc10:  43% ▕███████           ▏ 1.6 GB/3.8 GB  5.6 MB/s   6m33s[K[?25h[?2026l[?2026h[?25l[A[1Gpulling manifest [K
pulling 518db88bbc10:  43% ▕███████           ▏ 1.6 GB/3.8 GB  5.6 MB/s   6m33s[K[?25h[?2026l[?2026h[?25l[A[1Gpulling manifest [K
pulling 518db88bbc10:  43% ▕███████           ▏ 1.6 GB/3.8 GB  5.6 MB/s   6m33s[K[?25h[?2026l[?2026h[?25l[A[1Gpulling manifest [K
pulling 518db88bbc10:  43% ▕███████           ▏ 1.6 GB/3.8 GB  5.6 MB/s   6m33s[K[?25h[?2026l[?2026h[?25l[A[1Gpulling manifest [K
pulling 518db88bbc10:  43% ▕███████           ▏ 1.6 GB/3.8 GB  5.6 MB/s   6m33s[K[?25h[?2026l[?2026h[?25l[A[1Gpulling manifest [K
pulling 518db88bbc10:  43% ▕███████           ▏ 1.6 GB/3.8 GB  5.6 MB/s   6m33s[K[?25h[?2026l[?2026h[?25l[A[1Gpulling manifest [K
pulling 518db88bbc10:  43% ▕███████           ▏ 1.6 GB/3.8 GB  5.6 MB/s   6m33s[K[?25h[?2026l[?2026h[?25l[A[1Gpulling manifest [K
pulling 518db88bbc10:  43% ▕███████           ▏ 1.6 GB/3.8 GB  5.0 MB/s   7m15s[K[?25h[?2026l[?2026h[?25l[A[1Gpulling manifest [K
pulling 518db88bbc10:  43% ▕███████           ▏ 1.6 GB/3.8 GB  5.0 MB/s   7m15s[K[?25h[?2026l[?2026h[?25l[A[1Gpulling manifest [K
pulling 518db88bbc10:  43% ▕███████           ▏ 1.7 GB/3.8 GB  5.0 MB/s   7m15s[K[?25h[?2026l[?2026h[?25l[A[1Gpulling manifest [K
pulling 518db88bbc10:  43% ▕███████           ▏ 1.7 GB/3.8 GB  5.0 MB/s   7m15s[K[?25h[?2026l[?2026h[?25l[A[1Gpulling manifest [K
pulling 518db88bbc10:  43% ▕███████           ▏ 1.7 GB/3.8 GB  5.0 MB/s   7m15s[K[?25h[?2026l[?2026h[?25l[A[1Gpulling manifest [K
pulling 518db88bbc10:  43% ▕███████           ▏ 1.7 GB/3.8 GB  5.0 MB/s   7m15s[K[?25h[?2026l[?2026h[?25l[A[1Gpulling manifest [K
pulling 518db88bbc10:  43% ▕███████           ▏ 1.7 GB/3.8 GB  5.0 MB/s   7m15s[K[?25h[?2026l[?2026h[?25l[A[1Gpulling manifest [K
pulling 518db88bbc10:  43% ▕███████           ▏ 1.7 GB/3.8 GB  5.0 MB/s   7m15s[K[?25h[?2026l[?2026h[?25l[A[1Gpulling manifest [K
pulling 518db88bbc10:  43% ▕███████           ▏ 1.7 GB/3.8 GB  5.0 MB/s   7m14s[K[?25h[?2026l[?2026h[?25l[A[1Gpulling manifest [K
pulling 518db88bbc10:  43% ▕███████           ▏ 1.7 GB/3.8 GB  5.0 MB/s   7m14s[K[?25h[?2026l[?2026h[?25l[A[1Gpulling manifest [K
pulling 518db88bbc10:  43% ▕███████           ▏ 1.7 GB/3.8 GB  4.7 MB/s   7m47s[K[?25h[?2026l[?2026h[?25l[A[1Gpulling manifest [K
pulling 518db88bbc10:  43% ▕███████           ▏ 1.7 GB/3.8 GB  4.7 MB/s   7m46s[K[?25h[?2026l[?2026h[?25l[A[1Gpulling manifest [K
pulling 518db88bbc10:  43% ▕███████           ▏ 1.7 GB/3.8 GB  4.7 MB/s   7m46s[K[?25h[?2026l[?2026h[?25l[A[1Gpulling manifest [K
pulling 518db88bbc10:  43% ▕███████           ▏ 1.7 GB/3.8 GB  4.7 MB/s   7m46s[K[?25h[?2026l[?2026h[?25l[A[1Gpulling manifest [K
pulling 518db88bbc10:  43% ▕███████           ▏ 1.7 GB/3.8 GB  4.7 MB/s   7m46s[K[?25h[?2026l[?2026h[?25l[A[1Gpulling manifest [K
pulling 518db88bbc10:  43% ▕███████           ▏ 1.7 GB/3.8 GB  4.7 MB/s   7m46s[K[?25h[?2026l[?2026h[?25l[A[1Gpulling manifest [K
pulling 518db88bbc10:  43% ▕███████           ▏ 1.7 GB/3.8 GB  4.7 MB/s   7m46s[K[?25h[?2026l[?2026h[?25l[A[1Gpulling manifest [K
pulling 518db88bbc10:  43% ▕███████           ▏ 1.7 GB/3.8 GB  4.7 MB/s   7m46s[K[?25h[?2026l[?2026h[?25l[A[1Gpulling manifest [K
pulling 518db88bbc10:  43% ▕███████           ▏ 1.7 GB/3.8 GB  4.7 MB/s   7m45s[K[?25h[?2026l[?2026h[?25l[A[1Gpulling manifest [K
pulling 518db88bbc10:  43% ▕███████           ▏ 1.7 GB/3.8 GB  4.7 MB/s   7m45s[K[?25h[?2026l[?2026h[?25l[A[1Gpulling manifest [K
pulling 518db88bbc10:  43% ▕███████           ▏ 1.7 GB/3.8 GB  4.8 MB/s   7m31s[K[?25h[?2026l[?2026h[?25l[A[1Gpulling manifest [K
pulling 518db88bbc10:  43% ▕███████           ▏ 1.7 GB/3.8 GB  4.8 MB/s   7m31s[K[?25h[?2026l[?2026h[?25l[A[1Gpulling manifest [K
pulling 518db88bbc10:  43% ▕███████           ▏ 1.7 GB/3.8 GB  4.8 MB/s   7m31s[K[?25h[?2026l[?2026h[?25l[A[1Gpulling manifest [K
pulling 518db88bbc10:  43% ▕███████           ▏ 1.7 GB/3.8 GB  4.8 MB/s   7m30s[K[?25h[?2026l[?2026h[?25l[A[1Gpulling manifest [K
pulling 518db88bbc10:  43% ▕███████           ▏ 1.7 GB/3.8 GB  4.8 MB/s   7m30s[K[?25h[?2026l[?2026h[?25l[A[1Gpulling manifest [K
pulling 518db88bbc10:  43% ▕███████           ▏ 1.7 GB/3.8 GB  4.8 MB/s   7m30s[K[?25h[?2026l[?2026h[?25l[A[1Gpulling manifest [K
pulling 518db88bbc10:  43% ▕███████           ▏ 1.7 GB/3.8 GB  4.8 MB/s   7m30s[K[?25h[?2026l[?2026h[?25l[A[1Gpulling manifest [K
pulling 518db88bbc10:  43% ▕███████           ▏ 1.7 GB/3.8 GB  4.8 MB/s   7m30s[K[?25h[?2026l[?2026h[?25l[A[1Gpulling manifest [K
pulling 518db88bbc10:  43% ▕███████           ▏ 1.7 GB/3.8 GB  4.8 MB/s   7m30s[K[?25h[?2026l[?2026h[?25l[A[1Gpulling manifest [K
pulling 518db88bbc10:  43% ▕███████           ▏ 1.7 GB/3.8 GB  4.8 MB/s   7m30s[K[?25h[?2026l[?2026h[?25l[A[1Gpulling manifest [K
pulling 518db88bbc10:  43% ▕███████           ▏ 1.7 GB/3.8 GB  5.1 MB/s    7m3s[K[?25h[?2026l[?2026h[?25l[A[1Gpulling manifest [K
pulling 518db88bbc10:  43% ▕███████           ▏ 1.7 GB/3.8 GB  5.1 MB/s    7m3s[K[?25h[?2026l[?2026h[?25l[A[1Gpulling manifest [K
pulling 518db88bbc10:  43% ▕███████           ▏ 1.7 GB/3.8 GB  5.1 MB/s    7m3s[K[?25h[?2026l[?2026h[?25l[A[1Gpulling manifest [K
pulling 518db88bbc10:  43% ▕███████           ▏ 1.7 GB/3.8 GB  5.1 MB/s    7m2s[K[?25h[?2026l[?2026h[?25l[A[1Gpulling manifest [K
pulling 518db88bbc10:  43% ▕███████           ▏ 1.7 GB/3.8 GB  5.1 MB/s    7m2s[K[?25h[?2026l[?2026h[?25l[A[1Gpulling manifest [K
pulling 518db88bbc10:  43% ▕███████           ▏ 1.7 GB/3.8 GB  5.1 MB/s    7m2s[K[?25h[?2026l[?2026h[?25l[A[1Gpulling manifest [K
pulling 518db88bbc10:  43% ▕███████           ▏ 1.7 GB/3.8 GB  5.1 MB/s    7m2s[K[?25h[?2026l[?2026h[?25l[A[1Gpulling manifest [K
pulling 518db88bbc10:  43% ▕███████           ▏ 1.7 GB/3.8 GB  5.1 MB/s    7m2s[K[?25h[?2026l[?2026h[?25l[A[1Gpulling manifest [K
pulling 518db88bbc10:  44% ▕███████           ▏ 1.7 GB/3.8 GB  5.1 MB/s    7m2s[K[?25h[?2026l[?2026h[?25l[A[1Gpulling manifest [K
pulling 518db88bbc10:  44% ▕███████           ▏ 1.7 GB/3.8 GB  5.1 MB/s    7m1s[K[?25h[?2026l[?2026h[?25l[A[1Gpulling manifest [K
pulling 518db88bbc10:  44% ▕███████           ▏ 1.7 GB/3.8 GB  5.1 MB/s    7m1s[K[?25h[?2026l[?2026h[?25l[A[1Gpulling manifest [K
pulling 518db88bbc10:  44% ▕███████           ▏ 1.7 GB/3.8 GB  5.2 MB/s    7m0s[K[?25h[?2026l[?2026h[?25l[A[1Gpulling manifest [K
pulling 518db88bbc10:  44% ▕███████           ▏ 1.7 GB/3.8 GB  5.2 MB/s    7m0s[K[?25h[?2026l[?2026h[?25l[A[1Gpulling manifest [K
pulling 518db88bbc10:  44% ▕███████           ▏ 1.7 GB/3.8 GB  5.2 MB/s    7m0s[K[?25h[?2026l[?2026h[?25l[A[1Gpulling manifest [K
pulling 518db88bbc10:  44% ▕███████           ▏ 1.7 GB/3.8 GB  5.2 MB/s    7m0s[K[?25h[?2026l[?2026h[?25l[A[1Gpulling manifest [K
pulling 518db88bbc10:  44% ▕███████           ▏ 1.7 GB/3.8 GB  5.2 MB/s    7m0s[K[?25h[?2026l[?2026h[?25l[A[1Gpulling manifest [K
pulling 518db88bbc10:  44% ▕███████           ▏ 1.7 GB/3.8 GB  5.2 MB/s    7m0s[K[?25h[?2026l[?2026h[?25l[A[1Gpulling manifest [K
pulling 518db88bbc10:  44% ▕███████           ▏ 1.7 GB/3.8 GB  5.2 MB/s   6m59s[K[?25h[?2026l[?2026h[?25l[A[1Gpulling manifest [K
pulling 518db88bbc10:  44% ▕███████           ▏ 1.7 GB/3.8 GB  5.2 MB/s   6m59s[K[?25h[?2026l[?2026h[?25l[A[1Gpulling manifest [K
pulling 518db88bbc10:  44% ▕███████           ▏ 1.7 GB/3.8 GB  5.2 MB/s   6m59s[K[?25h[?2026l[?2026h[?25l[A[1Gpulling manifest [K
pulling 518db88bbc10:  44% ▕███████           ▏ 1.7 GB/3.8 GB  5.2 MB/s   6m59s[K[?25h[?2026l[?2026h[?25l[A[1Gpulling manifest [K
pulling 518db88bbc10:  44% ▕███████           ▏ 1.7 GB/3.8 GB  5.3 MB/s   6m48s[K[?25h[?2026l[?2026h[?25l[A[1Gpulling manifest [K
pulling 518db88bbc10:  44% ▕███████           ▏ 1.7 GB/3.8 GB  5.3 MB/s   6m48s[K[?25h[?2026l[?2026h[?25l[A[1Gpulling manifest [K
pulling 518db88bbc10:  44% ▕███████           ▏ 1.7 GB/3.8 GB  5.3 MB/s   6m48s[K[?25h[?2026l[?2026h[?25l[A[1Gpulling manifest [K
pulling 518db88bbc10:  44% ▕███████           ▏ 1.7 GB/3.8 GB  5.3 MB/s   6m47s[K[?25h[?2026l[?2026h[?25l[A[1Gpulling manifest [K
pulling 518db88bbc10:  44% ▕███████           ▏ 1.7 GB/3.8 GB  5.3 MB/s   6m47s[K[?25h[?2026l[?2026h[?25l[A[1Gpulling manifest [K
pulling 518db88bbc10:  44% ▕███████           ▏ 1.7 GB/3.8 GB  5.3 MB/s   6m47s[K[?25h[?2026l[?2026h[?25l[A[1Gpulling manifest [K
pulling 518db88bbc10:  44% ▕███████           ▏ 1.7 GB/3.8 GB  5.3 MB/s   6m47s[K[?25h[?2026l[?2026h[?25l[A[1Gpulling manifest [K
pulling 518db88bbc10:  44% ▕███████           ▏ 1.7 GB/3.8 GB  5.3 MB/s   6m47s[K[?25h[?2026l[?2026h[?25l[A[1Gpulling manifest [K
pulling 518db88bbc10:  44% ▕███████           ▏ 1.7 GB/3.8 GB  5.3 MB/s   6m46s[K[?25h[?2026l[?2026h[?25l[A[1Gpulling manifest [K
pulling 518db88bbc10:  44% ▕███████           ▏ 1.7 GB/3.8 GB  5.3 MB/s   6m46s[K[?25h[?2026l[?2026h[?25l[A[1Gpulling manifest [K
pulling 518db88bbc10:  44% ▕███████           ▏ 1.7 GB/3.8 GB  5.8 MB/s    6m7s[K[?25h[?2026l[?2026h[?25l[A[1Gpulling manifest [K
pulling 518db88bbc10:  44% ▕███████           ▏ 1.7 GB/3.8 GB  5.8 MB/s    6m7s[K[?25h[?2026l[?2026h[?25l[A[1Gpulling manifest [K
pulling 518db88bbc10:  44% ▕███████           ▏ 1.7 GB/3.8 GB  5.8 MB/s    6m7s[K[?25h[?2026l[?2026h[?25l[A[1Gpulling manifest [K
pulling 518db88bbc10:  44% ▕███████           ▏ 1.7 GB/3.8 GB  5.8 MB/s    6m6s[K[?25h[?2026l[?2026h[?25l[A[1Gpulling manifest [K
pulling 518db88bbc10:  44% ▕███████           ▏ 1.7 GB/3.8 GB  5.8 MB/s    6m6s[K[?25h[?2026l[?2026h[?25l[A[1Gpulling manifest [K
pulling 518db88bbc10:  44% ▕███████           ▏ 1.7 GB/3.8 GB  5.8 MB/s    6m6s[K[?25h[?2026l[?2026h[?25l[A[1Gpulling manifest [K
pulling 518db88bbc10:  44% ▕███████           ▏ 1.7 GB/3.8 GB  5.8 MB/s    6m6s[K[?25h[?2026l[?2026h[?25l[A[1Gpulling manifest [K
pulling 518db88bbc10:  44% ▕███████           ▏ 1.7 GB/3.8 GB  5.8 MB/s    6m5s[K[?25h[?2026l[?2026h[?25l[A[1Gpulling manifest [K
pulling 518db88bbc10:  44% ▕███████           ▏ 1.7 GB/3.8 GB  5.8 MB/s    6m5s[K[?25h[?2026l[?2026h[?25l[A[1Gpulling manifest [K
pulling 518db88bbc10:  44% ▕████████          ▏ 1.7 GB/3.8 GB  5.8 MB/s    6m5s[K[?25h[?2026l[?2026h[?25l[A[1Gpulling manifest [K
pulling 518db88bbc10:  45% ▕████████          ▏ 1.7 GB/3.8 GB  7.1 MB/s    5m1s[K[?25h[?2026l[?2026h[?25l[A[1Gpulling manifest [K
pulling 518db88bbc10:  45% ▕████████          ▏ 1.7 GB/3.8 GB  7.1 MB/s    5m1s[K[?25h[?2026l[?2026h[?25l[A[1Gpulling manifest [K
pulling 518db88bbc10:  45% ▕████████          ▏ 1.7 GB/3.8 GB  7.1 MB/s    5m1s[K[?25h[?2026l[?2026h[?25l[A[1Gpulling manifest [K
pulling 518db88bbc10:  45% ▕████████          ▏ 1.7 GB/3.8 GB  7.1 MB/s    5m1s[K[?25h[?2026l[?2026h[?25l[A[1Gpulling manifest [K
pulling 518db88bbc10:  45% ▕████████          ▏ 1.7 GB/3.8 GB  7.1 MB/s    5m0s[K[?25h[?2026l[?2026h[?25l[A[1Gpulling manifest [K
pulling 518db88bbc10:  45% ▕████████          ▏ 1.7 GB/3.8 GB  7.1 MB/s    5m0s[K[?25h[?2026l[?2026h[?25l[A[1Gpulling manifest [K
pulling 518db88bbc10:  45% ▕████████          ▏ 1.7 GB/3.8 GB  7.1 MB/s    5m0s[K[?25h[?2026l[?2026h[?25l[A[1Gpulling manifest [K
pulling 518db88bbc10:  45% ▕████████          ▏ 1.7 GB/3.8 GB  7.1 MB/s    5m0s[K[?25h[?2026l[?2026h[?25l[A[1Gpulling manifest [K
pulling 518db88bbc10:  45% ▕████████          ▏ 1.7 GB/3.8 GB  7.1 MB/s    5m0s[K[?25h[?2026l[?2026h[?25l[A[1Gpulling manifest [K
pulling 518db88bbc10:  45% ▕████████          ▏ 1.7 GB/3.8 GB  7.1 MB/s   4m59s[K[?25h[?2026l[?2026h[?25l[A[1Gpulling manifest [K
pulling 518db88bbc10:  45% ▕████████          ▏ 1.7 GB/3.8 GB  8.9 MB/s   3m57s[K[?25h[?2026l[?2026h[?25l[A[1Gpulling manifest [K
pulling 518db88bbc10:  45% ▕████████          ▏ 1.7 GB/3.8 GB  8.9 MB/s   3m56s[K[?25h[?2026l[?2026h[?25l[A[1Gpulling manifest [K
pulling 518db88bbc10:  45% ▕████████          ▏ 1.7 GB/3.8 GB  8.9 MB/s   3m56s[K[?25h[?2026l[?2026h[?25l[A[1Gpulling manifest [K
pulling 518db88bbc10:  45% ▕████████          ▏ 1.7 GB/3.8 GB  8.9 MB/s   3m56s[K[?25h[?2026l[?2026h[?25l[A[1Gpulling manifest [K
pulling 518db88bbc10:  45% ▕████████          ▏ 1.7 GB/3.8 GB  8.9 MB/s   3m56s[K[?25h[?2026l[?2026h[?25l[A[1Gpulling manifest [K
pulling 518db88bbc10:  45% ▕████████          ▏ 1.7 GB/3.8 GB  8.9 MB/s   3m56s[K[?25h[?2026l[?2026h[?25l[A[1Gpulling manifest [K
pulling 518db88bbc10:  45% ▕████████          ▏ 1.7 GB/3.8 GB  8.9 MB/s   3m55s[K[?25h[?2026l[?2026h[?25l[A[1Gpulling manifest [K
pulling 518db88bbc10:  45% ▕████████          ▏ 1.7 GB/3.8 GB  8.9 MB/s   3m55s[K[?25h[?2026l[?2026h[?25l[A[1Gpulling manifest [K
pulling 518db88bbc10:  45% ▕████████          ▏ 1.7 GB/3.8 GB  8.9 MB/s   3m55s[K[?25h[?2026l[?2026h[?25l[A[1Gpulling manifest [K
pulling 518db88bbc10:  45% ▕████████          ▏ 1.7 GB/3.8 GB  8.9 MB/s   3m55s[K[?25h[?2026l[?2026h[?25l[A[1Gpulling manifest [K
pulling 518db88bbc10:  45% ▕████████          ▏ 1.7 GB/3.8 GB  8.9 MB/s   3m55s[K[?25h[?2026l[?2026h[?25l[A[1Gpulling manifest [K
pulling 518db88bbc10:  45% ▕████████          ▏ 1.7 GB/3.8 GB   10 MB/s   3m19s[K[?25h[?2026l[?2026h[?25l[A[1Gpulling manifest [K
pulling 518db88bbc10:  45% ▕████████          ▏ 1.7 GB/3.8 GB   10 MB/s   3m18s[K[?25h[?2026l[?2026h[?25l[A[1Gpulling manifest [K
pulling 518db88bbc10:  45% ▕████████          ▏ 1.7 GB/3.8 GB   10 MB/s   3m18s[K[?25h[?2026l[?2026h[?25l[A[1Gpulling manifest [K
pulling 518db88bbc10:  46% ▕████████          ▏ 1.8 GB/3.8 GB   10 MB/s   3m18s[K[?25h[?2026l[?2026h[?25l[A[1Gpulling manifest [K
pulling 518db88bbc10:  46% ▕████████          ▏ 1.8 GB/3.8 GB   10 MB/s   3m18s[K[?25h[?2026l[?2026h[?25l[A[1Gpulling manifest [K
pulling 518db88bbc10:  46% ▕████████          ▏ 1.8 GB/3.8 GB   10 MB/s   3m18s[K[?25h[?2026l[?2026h[?25l[A[1Gpulling manifest [K
pulling 518db88bbc10:  46% ▕████████          ▏ 1.8 GB/3.8 GB   10 MB/s   3m18s[K[?25h[?2026l[?2026h[?25l[A[1Gpulling manifest [K
pulling 518db88bbc10:  46% ▕████████          ▏ 1.8 GB/3.8 GB   10 MB/s   3m17s[K[?25h[?2026l[?2026h[?25l[A[1Gpulling manifest [K
pulling 518db88bbc10:  46% ▕████████          ▏ 1.8 GB/3.8 GB   10 MB/s   3m17s[K[?25h[?2026l[?2026h[?25l[A[1Gpulling manifest [K
pulling 518db88bbc10:  46% ▕████████          ▏ 1.8 GB/3.8 GB   10 MB/s   3m17s[K[?25h[?2026l[?2026h[?25l[A[1Gpulling manifest [K
pulling 518db88bbc10:  46% ▕████████          ▏ 1.8 GB/3.8 GB   11 MB/s   2m54s[K[?25h[?2026l[?2026h[?25l[A[1Gpulling manifest [K
pulling 518db88bbc10:  46% ▕████████          ▏ 1.8 GB/3.8 GB   11 MB/s   2m54s[K[?25h[?2026l[?2026h[?25l[A[1Gpulling manifest [K
pulling 518db88bbc10:  46% ▕████████          ▏ 1.8 GB/3.8 GB   11 MB/s   2m53s[K[?25h[?2026l[?2026h[?25l[A[1Gpulling manifest [K
pulling 518db88bbc10:  46% ▕████████          ▏ 1.8 GB/3.8 GB   11 MB/s   2m53s[K[?25h[?2026l[?2026h[?25l[A[1Gpulling manifest [K
pulling 518db88bbc10:  46% ▕████████          ▏ 1.8 GB/3.8 GB   11 MB/s   2m53s[K[?25h[?2026l[?2026h[?25l[A[1Gpulling manifest [K
pulling 518db88bbc10:  46% ▕████████          ▏ 1.8 GB/3.8 GB   11 MB/s   2m53s[K[?25h[?2026l[?2026h[?25l[A[1Gpulling manifest [K
pulling 518db88bbc10:  46% ▕████████          ▏ 1.8 GB/3.8 GB   11 MB/s   2m53s[K[?25h[?2026l[?2026h[?25l[A[1Gpulling manifest [K
pulling 518db88bbc10:  46% ▕████████          ▏ 1.8 GB/3.8 GB   11 MB/s   2m53s[K[?25h[?2026l[?2026h[?25l[A[1Gpulling manifest [K
pulling 518db88bbc10:  46% ▕████████          ▏ 1.8 GB/3.8 GB   11 MB/s   2m52s[K[?25h[?2026l[?2026h[?25l[A[1Gpulling manifest [K
pulling 518db88bbc10:  46% ▕████████          ▏ 1.8 GB/3.8 GB   11 MB/s   2m52s[K[?25h[?2026l[?2026h[?25l[A[1Gpulling manifest [K
pulling 518db88bbc10:  46% ▕████████          ▏ 1.8 GB/3.8 GB   13 MB/s   2m36s[K[?25h[?2026l[?2026h[?25l[A[1Gpulling manifest [K
pulling 518db88bbc10:  46% ▕████████          ▏ 1.8 GB/3.8 GB   13 MB/s   2m36s[K[?25h[?2026l[?2026h[?25l[A[1Gpulling manifest [K
pulling 518db88bbc10:  46% ▕████████          ▏ 1.8 GB/3.8 GB   13 MB/s   2m36s[K[?25h[?2026l[?2026h[?25l[A[1Gpulling manifest [K
pulling 518db88bbc10:  46% ▕████████          ▏ 1.8 GB/3.8 GB   13 MB/s   2m36s[K[?25h[?2026l[?2026h[?25l[A[1Gpulling manifest [K
pulling 518db88bbc10:  46% ▕████████          ▏ 1.8 GB/3.8 GB   13 MB/s   2m36s[K[?25h[?2026l[?2026h[?25l[A[1Gpulling manifest [K
pulling 518db88bbc10:  46% ▕████████          ▏ 1.8 GB/3.8 GB   13 MB/s   2m36s[K[?25h[?2026l[?2026h[?25l[A[1Gpulling manifest [K
pulling 518db88bbc10:  46% ▕████████          ▏ 1.8 GB/3.8 GB   13 MB/s   2m35s[K[?25h[?2026l[?2026h[?25l[A[1Gpulling manifest [K
pulling 518db88bbc10:  46% ▕████████          ▏ 1.8 GB/3.8 GB   13 MB/s   2m35s[K[?25h[?2026l[?2026h[?25l[A[1Gpulling manifest [K
pulling 518db88bbc10:  47% ▕████████          ▏ 1.8 GB/3.8 GB   13 MB/s   2m35s[K[?25h[?2026l[?2026h[?25l[A[1Gpulling manifest [K
pulling 518db88bbc10:  47% ▕████████          ▏ 1.8 GB/3.8 GB   13 MB/s   2m35s[K[?25h[?2026l[?2026h[?25l[A[1Gpulling manifest [K
pulling 518db88bbc10:  47% ▕████████          ▏ 1.8 GB/3.8 GB   13 MB/s   2m30s[K[?25h[?2026l[?2026h[?25l[A[1Gpulling manifest [K
pulling 518db88bbc10:  47% ▕████████          ▏ 1.8 GB/3.8 GB   13 MB/s   2m30s[K[?25h[?2026l[?2026h[?25l[A[1Gpulling manifest [K
pulling 518db88bbc10:  47% ▕████████          ▏ 1.8 GB/3.8 GB   13 MB/s   2m30s[K[?25h[?2026l[?2026h[?25l[A[1Gpulling manifest [K
pulling 518db88bbc10:  47% ▕████████          ▏ 1.8 GB/3.8 GB   13 MB/s   2m30s[K[?25h[?2026l[?2026h[?25l[A[1Gpulling manifest [K
pulling 518db88bbc10:  47% ▕████████          ▏ 1.8 GB/3.8 GB   13 MB/s   2m30s[K[?25h[?2026l[?2026h[?25l[A[1Gpulling manifest [K
pulling 518db88bbc10:  47% ▕████████          ▏ 1.8 GB/3.8 GB   13 MB/s   2m30s[K[?25h[?2026l[?2026h[?25l[A[1Gpulling manifest [K
pulling 518db88bbc10:  47% ▕████████          ▏ 1.8 GB/3.8 GB   13 MB/s   2m30s[K[?25h[?2026l[?2026h[?25l[A[1Gpulling manifest [K
pulling 518db88bbc10:  47% ▕████████          ▏ 1.8 GB/3.8 GB   13 MB/s   2m30s[K[?25h[?2026l[?2026h[?25l[A[1Gpulling manifest [K
pulling 518db88bbc10:  47% ▕████████          ▏ 1.8 GB/3.8 GB   13 MB/s   2m30s[K[?25h[?2026l[?2026h[?25l[A[1Gpulling manifest [K
pulling 518db88bbc10:  47% ▕████████          ▏ 1.8 GB/3.8 GB   13 MB/s   2m29s[K[?25h[?2026l[?2026h[?25l[A[1Gpulling manifest [K
pulling 518db88bbc10:  47% ▕████████          ▏ 1.8 GB/3.8 GB   14 MB/s   2m22s[K[?25h[?2026l[?2026h[?25l[A[1Gpulling manifest [K
pulling 518db88bbc10:  47% ▕████████          ▏ 1.8 GB/3.8 GB   14 MB/s   2m22s[K[?25h[?2026l[?2026h[?25l[A[1Gpulling manifest [K
pulling 518db88bbc10:  47% ▕████████          ▏ 1.8 GB/3.8 GB   14 MB/s   2m22s[K[?25h[?2026l[?2026h[?25l[A[1Gpulling manifest [K
pulling 518db88bbc10:  47% ▕████████          ▏ 1.8 GB/3.8 GB   14 MB/s   2m22s[K[?25h[?2026l[?2026h[?25l[A[1Gpulling manifest [K
pulling 518db88bbc10:  47% ▕████████          ▏ 1.8 GB/3.8 GB   14 MB/s   2m22s[K[?25h[?2026l[?2026h[?25l[A[1Gpulling manifest [K
pulling 518db88bbc10:  47% ▕████████          ▏ 1.8 GB/3.8 GB   14 MB/s   2m21s[K[?25h[?2026l[?2026h[?25l[A[1Gpulling manifest [K
pulling 518db88bbc10:  47% ▕████████          ▏ 1.8 GB/3.8 GB   14 MB/s   2m21s[K[?25h[?2026l[?2026h[?25l[A[1Gpulling manifest [K
pulling 518db88bbc10:  47% ▕████████          ▏ 1.8 GB/3.8 GB   14 MB/s   2m21s[K[?25h[?2026l[?2026h[?25l[A[1Gpulling manifest [K
pulling 518db88bbc10:  47% ▕████████          ▏ 1.8 GB/3.8 GB   14 MB/s   2m21s[K[?25h[?2026l[?2026h[?25l[A[1Gpulling manifest [K
pulling 518db88bbc10:  47% ▕████████          ▏ 1.8 GB/3.8 GB   14 MB/s   2m21s[K[?25h[?2026l[?2026h[?25l[A[1Gpulling manifest [K
pulling 518db88bbc10:  47% ▕████████          ▏ 1.8 GB/3.8 GB   14 MB/s   2m21s[K[?25h[?2026l[?2026h[?25l[A[1Gpulling manifest [K
pulling 518db88bbc10:  47% ▕████████          ▏ 1.8 GB/3.8 GB   14 MB/s   2m18s[K[?25h[?2026l[?2026h[?25l[A[1Gpulling manifest [K
pulling 518db88bbc10:  47% ▕████████          ▏ 1.8 GB/3.8 GB   14 MB/s   2m18s[K[?25h[?2026l[?2026h[?25l[A[1Gpulling manifest [K
pulling 518db88bbc10:  47% ▕████████          ▏ 1.8 GB/3.8 GB   14 MB/s   2m18s[K[?25h[?2026l[?2026h[?25l[A[1Gpulling manifest [K
pulling 518db88bbc10:  47% ▕████████          ▏ 1.8 GB/3.8 GB   14 MB/s   2m18s[K[?25h[?2026l[?2026h[?25l[A[1Gpulling manifest [K
pulling 518db88bbc10:  47% ▕████████          ▏ 1.8 GB/3.8 GB   14 MB/s   2m17s[K[?25h[?2026l[?2026h[?25l[A[1Gpulling manifest [K
pulling 518db88bbc10:  47% ▕████████          ▏ 1.8 GB/3.8 GB   14 MB/s   2m17s[K[?25h[?2026l[?2026h[?25l[A[1Gpulling manifest [K
pulling 518db88bbc10:  47% ▕████████          ▏ 1.8 GB/3.8 GB   14 MB/s   2m17s[K[?25h[?2026l[?2026h[?25l[A[1Gpulling manifest [K
pulling 518db88bbc10:  48% ▕████████          ▏ 1.8 GB/3.8 GB   14 MB/s   2m17s[K[?25h[?2026l[?2026h[?25l[A[1Gpulling manifest [K
pulling 518db88bbc10:  48% ▕████████          ▏ 1.8 GB/3.8 GB   14 MB/s   2m17s[K[?25h[?2026l[?2026h[?25l[A[1Gpulling manifest [K
pulling 518db88bbc10:  48% ▕████████          ▏ 1.8 GB/3.8 GB   14 MB/s   2m17s[K[?25h[?2026l[?2026h[?25l[A[1Gpulling manifest [K
pulling 518db88bbc10:  48% ▕████████          ▏ 1.8 GB/3.8 GB   14 MB/s   2m15s[K[?25h[?2026l[?2026h[?25l[A[1Gpulling manifest [K
pulling 518db88bbc10:  48% ▕████████          ▏ 1.8 GB/3.8 GB   14 MB/s   2m15s[K[?25h[?2026l[?2026h[?25l[A[1Gpulling manifest [K
pulling 518db88bbc10:  48% ▕████████          ▏ 1.8 GB/3.8 GB   14 MB/s   2m15s[K[?25h[?2026l[?2026h[?25l[A[1Gpulling manifest [K
pulling 518db88bbc10:  48% ▕████████          ▏ 1.8 GB/3.8 GB   14 MB/s   2m15s[K[?25h[?2026l[?2026h[?25l[A[1Gpulling manifest [K
pulling 518db88bbc10:  48% ▕████████          ▏ 1.8 GB/3.8 GB   14 MB/s   2m15s[K[?25h[?2026l[?2026h[?25l[A[1Gpulling manifest [K
pulling 518db88bbc10:  48% ▕████████          ▏ 1.8 GB/3.8 GB   14 MB/s   2m15s[K[?25h[?2026l[?2026h[?25l[A[1Gpulling manifest [K
pulling 518db88bbc10:  48% ▕████████          ▏ 1.8 GB/3.8 GB   14 MB/s   2m15s[K[?25h[?2026l[?2026h[?25l[A[1Gpulling manifest [K
pulling 518db88bbc10:  48% ▕████████          ▏ 1.8 GB/3.8 GB   14 MB/s   2m15s[K[?25h[?2026l[?2026h[?25l[A[1Gpulling manifest [K
pulling 518db88bbc10:  48% ▕████████          ▏ 1.8 GB/3.8 GB   14 MB/s   2m15s[K[?25h[?2026l[?2026h[?25l[A[1Gpulling manifest [K
pulling 518db88bbc10:  48% ▕████████          ▏ 1.8 GB/3.8 GB   14 MB/s   2m15s[K[?25h[?2026l[?2026h[?25l[A[1Gpulling manifest [K
pulling 518db88bbc10:  48% ▕████████          ▏ 1.8 GB/3.8 GB   14 MB/s   2m19s[K[?25h[?2026l[?2026h[?25l[A[1Gpulling manifest [K
pulling 518db88bbc10:  48% ▕████████          ▏ 1.8 GB/3.8 GB   14 MB/s   2m19s[K[?25h[?2026l[?2026h[?25l[A[1Gpulling manifest [K
pulling 518db88bbc10:  48% ▕████████          ▏ 1.8 GB/3.8 GB   14 MB/s   2m19s[K[?25h[?2026l[?2026h[?25l[A[1Gpulling manifest [K
pulling 518db88bbc10:  48% ▕████████          ▏ 1.8 GB/3.8 GB   14 MB/s   2m19s[K[?25h[?2026l[?2026h[?25l[A[1Gpulling manifest [K
pulling 518db88bbc10:  48% ▕████████          ▏ 1.8 GB/3.8 GB   14 MB/s   2m18s[K[?25h[?2026l[?2026h[?25l[A[1Gpulling manifest [K
pulling 518db88bbc10:  48% ▕████████          ▏ 1.9 GB/3.8 GB   14 MB/s   2m18s[K[?25h[?2026l[?2026h[?25l[A[1Gpulling manifest [K
pulling 518db88bbc10:  48% ▕████████          ▏ 1.9 GB/3.8 GB   14 MB/s   2m18s[K[?25h[?2026l[?2026h[?25l[A[1Gpulling manifest [K
pulling 518db88bbc10:  48% ▕████████          ▏ 1.9 GB/3.8 GB   14 MB/s   2m18s[K[?25h[?2026l[?2026h[?25l[A[1Gpulling manifest [K
pulling 518db88bbc10:  48% ▕████████          ▏ 1.9 GB/3.8 GB   14 MB/s   2m18s[K[?25h[?2026l[?2026h[?25l[A[1Gpulling manifest [K
pulling 518db88bbc10:  48% ▕████████          ▏ 1.9 GB/3.8 GB   14 MB/s   2m18s[K[?25h[?2026l[?2026h[?25l[A[1Gpulling manifest [K
pulling 518db88bbc10:  48% ▕████████          ▏ 1.9 GB/3.8 GB   14 MB/s   2m17s[K[?25h[?2026l[?2026h[?25l[A[1Gpulling manifest [K
pulling 518db88bbc10:  48% ▕████████          ▏ 1.9 GB/3.8 GB   14 MB/s   2m17s[K[?25h[?2026l[?2026h[?25l[A[1Gpulling manifest [K
pulling 518db88bbc10:  48% ▕████████          ▏ 1.9 GB/3.8 GB   14 MB/s   2m17s[K[?25h[?2026l[?2026h[?25l[A[1Gpulling manifest [K
pulling 518db88bbc10:  48% ▕████████          ▏ 1.9 GB/3.8 GB   14 MB/s   2m17s[K[?25h[?2026l[?2026h[?25l[A[1Gpulling manifest [K
pulling 518db88bbc10:  49% ▕████████          ▏ 1.9 GB/3.8 GB   14 MB/s   2m17s[K[?25h[?2026l[?2026h[?25l[A[1Gpulling manifest [K
pulling 518db88bbc10:  49% ▕████████          ▏ 1.9 GB/3.8 GB   14 MB/s   2m17s[K[?25h[?2026l[?2026h[?25l[A[1Gpulling manifest [K
pulling 518db88bbc10:  49% ▕████████          ▏ 1.9 GB/3.8 GB   14 MB/s   2m17s[K[?25h[?2026l[?2026h[?25l[A[1Gpulling manifest [K
pulling 518db88bbc10:  49% ▕████████          ▏ 1.9 GB/3.8 GB   14 MB/s   2m17s[K[?25h[?2026l[?2026h[?25l[A[1Gpulling manifest [K
pulling 518db88bbc10:  49% ▕████████          ▏ 1.9 GB/3.8 GB   14 MB/s   2m16s[K[?25h[?2026l[?2026h[?25l[A[1Gpulling manifest [K
pulling 518db88bbc10:  49% ▕████████          ▏ 1.9 GB/3.8 GB   14 MB/s   2m16s[K[?25h[?2026l[?2026h[?25l[A[1Gpulling manifest [K
pulling 518db88bbc10:  49% ▕████████          ▏ 1.9 GB/3.8 GB   14 MB/s   2m15s[K[?25h[?2026l[?2026h[?25l[A[1Gpulling manifest [K
pulling 518db88bbc10:  49% ▕████████          ▏ 1.9 GB/3.8 GB   14 MB/s   2m15s[K[?25h[?2026l[?2026h[?25l[A[1Gpulling manifest [K
pulling 518db88bbc10:  49% ▕████████          ▏ 1.9 GB/3.8 GB   14 MB/s   2m15s[K[?25h[?2026l[?2026h[?25l[A[1Gpulling manifest [K
pulling 518db88bbc10:  49% ▕████████          ▏ 1.9 GB/3.8 GB   14 MB/s   2m15s[K[?25h[?2026l[?2026h[?25l[A[1Gpulling manifest [K
pulling 518db88bbc10:  49% ▕████████          ▏ 1.9 GB/3.8 GB   14 MB/s   2m14s[K[?25h[?2026l[?2026h[?25l[A[1Gpulling manifest [K
pulling 518db88bbc10:  49% ▕████████          ▏ 1.9 GB/3.8 GB   14 MB/s   2m14s[K[?25h[?2026l[?2026h[?25l[A[1Gpulling manifest [K
pulling 518db88bbc10:  49% ▕████████          ▏ 1.9 GB/3.8 GB   14 MB/s   2m14s[K[?25h[?2026l[?2026h[?25l[A[1Gpulling manifest [K
pulling 518db88bbc10:  49% ▕████████          ▏ 1.9 GB/3.8 GB   14 MB/s   2m14s[K[?25h[?2026l[?2026h[?25l[A[1Gpulling manifest [K
pulling 518db88bbc10:  49% ▕████████          ▏ 1.9 GB/3.8 GB   14 MB/s   2m14s[K[?25h[?2026l[?2026h[?25l[A[1Gpulling manifest [K
pulling 518db88bbc10:  49% ▕████████          ▏ 1.9 GB/3.8 GB   14 MB/s   2m14s[K[?25h[?2026l[?2026h[?25l[A[1Gpulling manifest [K
pulling 518db88bbc10:  49% ▕████████          ▏ 1.9 GB/3.8 GB   14 MB/s   2m14s[K[?25h[?2026l[?2026h[?25l[A[1Gpulling manifest [K
pulling 518db88bbc10:  49% ▕████████          ▏ 1.9 GB/3.8 GB   14 MB/s   2m10s[K[?25h[?2026l[?2026h[?25l[A[1Gpulling manifest [K
pulling 518db88bbc10:  49% ▕████████          ▏ 1.9 GB/3.8 GB   14 MB/s   2m10s[K[?25h[?2026l[?2026h[?25l[A[1Gpulling manifest [K
pulling 518db88bbc10:  49% ▕████████          ▏ 1.9 GB/3.8 GB   14 MB/s   2m10s[K[?25h[?2026l[?2026h[?25l[A[1Gpulling manifest [K
pulling 518db88bbc10:  49% ▕████████          ▏ 1.9 GB/3.8 GB   14 MB/s   2m10s[K[?25h[?2026l[?2026h[?25l[A[1Gpulling manifest [K
pulling 518db88bbc10:  50% ▕████████          ▏ 1.9 GB/3.8 GB   14 MB/s   2m10s[K[?25h[?2026l[?2026h[?25l[A[1Gpulling manifest [K
pulling 518db88bbc10:  50% ▕████████          ▏ 1.9 GB/3.8 GB   14 MB/s   2m10s[K[?25h[?2026l[?2026h[?25l[A[1Gpulling manifest [K
pulling 518db88bbc10:  50% ▕████████          ▏ 1.9 GB/3.8 GB   14 MB/s   2m10s[K[?25h[?2026l[?2026h[?25l[A[1Gpulling manifest [K
pulling 518db88bbc10:  50% ▕████████          ▏ 1.9 GB/3.8 GB   14 MB/s    2m9s[K[?25h[?2026l[?2026h[?25l[A[1Gpulling manifest [K
pulling 518db88bbc10:  50% ▕████████          ▏ 1.9 GB/3.8 GB   14 MB/s    2m9s[K[?25h[?2026l[?2026h[?25l[A[1Gpulling manifest [K
pulling 518db88bbc10:  50% ▕████████          ▏ 1.9 GB/3.8 GB   14 MB/s    2m9s[K[?25h[?2026l[?2026h[?25l[A[1Gpulling manifest [K
pulling 518db88bbc10:  50% ▕████████          ▏ 1.9 GB/3.8 GB   15 MB/s    2m6s[K[?25h[?2026l[?2026h[?25l[A[1Gpulling manifest [K
pulling 518db88bbc10:  50% ▕████████          ▏ 1.9 GB/3.8 GB   15 MB/s    2m6s[K[?25h[?2026l[?2026h[?25l[A[1Gpulling manifest [K
pulling 518db88bbc10:  50% ▕████████          ▏ 1.9 GB/3.8 GB   15 MB/s    2m6s[K[?25h[?2026l[?2026h[?25l[A[1Gpulling manifest [K
pulling 518db88bbc10:  50% ▕█████████         ▏ 1.9 GB/3.8 GB   15 MB/s    2m6s[K[?25h[?2026l[?2026h[?25l[A[1Gpulling manifest [K
pulling 518db88bbc10:  50% ▕█████████         ▏ 1.9 GB/3.8 GB   15 MB/s    2m5s[K[?25h[?2026l[?2026h[?25l[A[1Gpulling manifest [K
pulling 518db88bbc10:  50% ▕█████████         ▏ 1.9 GB/3.8 GB   15 MB/s    2m5s[K[?25h[?2026l[?2026h[?25l[A[1Gpulling manifest [K
pulling 518db88bbc10:  50% ▕█████████         ▏ 1.9 GB/3.8 GB   15 MB/s    2m5s[K[?25h[?2026l[?2026h[?25l[A[1Gpulling manifest [K
pulling 518db88bbc10:  50% ▕█████████         ▏ 1.9 GB/3.8 GB   15 MB/s    2m5s[K[?25h[?2026l[?2026h[?25l[A[1Gpulling manifest [K
pulling 518db88bbc10:  50% ▕█████████         ▏ 1.9 GB/3.8 GB   15 MB/s    2m5s[K[?25h[?2026l[?2026h[?25l[A[1Gpulling manifest [K
pulling 518db88bbc10:  50% ▕█████████         ▏ 1.9 GB/3.8 GB   15 MB/s    2m5s[K[?25h[?2026l[?2026h[?25l[A[1Gpulling manifest [K
pulling 518db88bbc10:  50% ▕█████████         ▏ 1.9 GB/3.8 GB   16 MB/s   1m56s[K[?25h[?2026l[?2026h[?25l[A[1Gpulling manifest [K
pulling 518db88bbc10:  50% ▕█████████         ▏ 1.9 GB/3.8 GB   16 MB/s   1m56s[K[?25h[?2026l[?2026h[?25l[A[1Gpulling manifest [K
pulling 518db88bbc10:  51% ▕█████████         ▏ 1.9 GB/3.8 GB   16 MB/s   1m56s[K[?25h[?2026l[?2026h[?25l[A[1Gpulling manifest [K
pulling 518db88bbc10:  51% ▕█████████         ▏ 1.9 GB/3.8 GB   16 MB/s   1m56s[K[?25h[?2026l[?2026h[?25l[A[1Gpulling manifest [K
pulling 518db88bbc10:  51% ▕█████████         ▏ 1.9 GB/3.8 GB   16 MB/s   1m55s[K[?25h[?2026l[?2026h[?25l[A[1Gpulling manifest [K
pulling 518db88bbc10:  51% ▕█████████         ▏ 1.9 GB/3.8 GB   16 MB/s   1m55s[K[?25h[?2026l[?2026h[?25l[A[1Gpulling manifest [K
pulling 518db88bbc10:  51% ▕█████████         ▏ 1.9 GB/3.8 GB   16 MB/s   1m55s[K[?25h[?2026l[?2026h[?25l[A[1Gpulling manifest [K
pulling 518db88bbc10:  51% ▕█████████         ▏ 2.0 GB/3.8 GB   16 MB/s   1m55s[K[?25h[?2026l[?2026h[?25l[A[1Gpulling manifest [K
pulling 518db88bbc10:  51% ▕█████████         ▏ 2.0 GB/3.8 GB   16 MB/s   1m55s[K[?25h[?2026l[?2026h[?25l[A[1Gpulling manifest [K
pulling 518db88bbc10:  51% ▕█████████         ▏ 2.0 GB/3.8 GB   16 MB/s   1m55s[K[?25h[?2026l[?2026h[?25l[A[1Gpulling manifest [K
pulling 518db88bbc10:  51% ▕█████████         ▏ 2.0 GB/3.8 GB   16 MB/s   1m51s[K[?25h[?2026l[?2026h[?25l[A[1Gpulling manifest [K
pulling 518db88bbc10:  51% ▕█████████         ▏ 2.0 GB/3.8 GB   16 MB/s   1m51s[K[?25h[?2026l[?2026h[?25l[A[1Gpulling manifest [K
pulling 518db88bbc10:  51% ▕█████████         ▏ 2.0 GB/3.8 GB   16 MB/s   1m51s[K[?25h[?2026l[?2026h[?25l[A[1Gpulling manifest [K
pulling 518db88bbc10:  51% ▕█████████         ▏ 2.0 GB/3.8 GB   16 MB/s   1m51s[K[?25h[?2026l[?2026h[?25l[A[1Gpulling manifest [K
pulling 518db88bbc10:  51% ▕█████████         ▏ 2.0 GB/3.8 GB   16 MB/s   1m51s[K[?25h[?2026l[?2026h[?25l[A[1Gpulling manifest [K
pulling 518db88bbc10:  51% ▕█████████         ▏ 2.0 GB/3.8 GB   16 MB/s   1m51s[K[?25h[?2026l[?2026h[?25l[A[1Gpulling manifest [K
pulling 518db88bbc10:  51% ▕█████████         ▏ 2.0 GB/3.8 GB   16 MB/s   1m51s[K[?25h[?2026l[?2026h[?25l[A[1Gpulling manifest [K
pulling 518db88bbc10:  51% ▕█████████         ▏ 2.0 GB/3.8 GB   16 MB/s   1m51s[K[?25h[?2026l[?2026h[?25l[A[1Gpulling manifest [K
pulling 518db88bbc10:  51% ▕█████████         ▏ 2.0 GB/3.8 GB   16 MB/s   1m51s[K[?25h[?2026l[?2026h[?25l[A[1Gpulling manifest [K
pulling 518db88bbc10:  51% ▕█████████         ▏ 2.0 GB/3.8 GB   16 MB/s   1m50s[K[?25h[?2026l[?2026h[?25l[A[1Gpulling manifest [K
pulling 518db88bbc10:  51% ▕█████████         ▏ 2.0 GB/3.8 GB   17 MB/s   1m47s[K[?25h[?2026l[?2026h[?25l[A[1Gpulling manifest [K
pulling 518db88bbc10:  51% ▕█████████         ▏ 2.0 GB/3.8 GB   17 MB/s   1m46s[K[?25h[?2026l[?2026h[?25l[A[1Gpulling manifest [K
pulling 518db88bbc10:  51% ▕█████████         ▏ 2.0 GB/3.8 GB   17 MB/s   1m46s[K[?25h[?2026l[?2026h[?25l[A[1Gpulling manifest [K
pulling 518db88bbc10:  51% ▕█████████         ▏ 2.0 GB/3.8 GB   17 MB/s   1m46s[K[?25h[?2026l[?2026h[?25l[A[1Gpulling manifest [K
pulling 518db88bbc10:  52% ▕█████████         ▏ 2.0 GB/3.8 GB   17 MB/s   1m46s[K[?25h[?2026l[?2026h[?25l[A[1Gpulling manifest [K
pulling 518db88bbc10:  52% ▕█████████         ▏ 2.0 GB/3.8 GB   17 MB/s   1m46s[K[?25h[?2026l[?2026h[?25l[A[1Gpulling manifest [K
pulling 518db88bbc10:  52% ▕█████████         ▏ 2.0 GB/3.8 GB   17 MB/s   1m46s[K[?25h[?2026l[?2026h[?25l[A[1Gpulling manifest [K
pulling 518db88bbc10:  52% ▕█████████         ▏ 2.0 GB/3.8 GB   17 MB/s   1m46s[K[?25h[?2026l[?2026h[?25l[A[1Gpulling manifest [K
pulling 518db88bbc10:  52% ▕█████████         ▏ 2.0 GB/3.8 GB   17 MB/s   1m46s[K[?25h[?2026l[?2026h[?25l[A[1Gpulling manifest [K
pulling 518db88bbc10:  52% ▕█████████         ▏ 2.0 GB/3.8 GB   17 MB/s   1m46s[K[?25h[?2026l[?2026h[?25l[A[1Gpulling manifest [K
pulling 518db88bbc10:  52% ▕█████████         ▏ 2.0 GB/3.8 GB   17 MB/s   1m46s[K[?25h[?2026l[?2026h[?25l[A[1Gpulling manifest [K
pulling 518db88bbc10:  52% ▕█████████         ▏ 2.0 GB/3.8 GB   17 MB/s   1m43s[K[?25h[?2026l[?2026h[?25l[A[1Gpulling manifest [K
pulling 518db88bbc10:  52% ▕█████████         ▏ 2.0 GB/3.8 GB   17 MB/s   1m43s[K[?25h[?2026l[?2026h[?25l[A[1Gpulling manifest [K
pulling 518db88bbc10:  52% ▕█████████         ▏ 2.0 GB/3.8 GB   17 MB/s   1m43s[K[?25h[?2026l[?2026h[?25l[A[1Gpulling manifest [K
pulling 518db88bbc10:  52% ▕█████████         ▏ 2.0 GB/3.8 GB   17 MB/s   1m43s[K[?25h[?2026l[?2026h[?25l[A[1Gpulling manifest [K
pulling 518db88bbc10:  52% ▕█████████         ▏ 2.0 GB/3.8 GB   17 MB/s   1m43s[K[?25h[?2026l[?2026h[?25l[A[1Gpulling manifest [K
pulling 518db88bbc10:  52% ▕█████████         ▏ 2.0 GB/3.8 GB   17 MB/s   1m43s[K[?25h[?2026l[?2026h[?25l[A[1Gpulling manifest [K
pulling 518db88bbc10:  52% ▕█████████         ▏ 2.0 GB/3.8 GB   17 MB/s   1m43s[K[?25h[?2026l[?2026h[?25l[A[1Gpulling manifest [K
pulling 518db88bbc10:  52% ▕█████████         ▏ 2.0 GB/3.8 GB   17 MB/s   1m42s[K[?25h[?2026l[?2026h[?25l[A[1Gpulling manifest [K
pulling 518db88bbc10:  52% ▕█████████         ▏ 2.0 GB/3.8 GB   17 MB/s   1m42s[K[?25h[?2026l[?2026h[?25l[A[1Gpulling manifest [K
pulling 518db88bbc10:  52% ▕█████████         ▏ 2.0 GB/3.8 GB   17 MB/s   1m42s[K[?25h[?2026l[?2026h[?25l[A[1Gpulling manifest [K
pulling 518db88bbc10:  52% ▕█████████         ▏ 2.0 GB/3.8 GB   18 MB/s   1m36s[K[?25h[?2026l[?2026h[?25l[A[1Gpulling manifest [K
pulling 518db88bbc10:  52% ▕█████████         ▏ 2.0 GB/3.8 GB   18 MB/s   1m36s[K[?25h[?2026l[?2026h[?25l[A[1Gpulling manifest [K
pulling 518db88bbc10:  52% ▕█████████         ▏ 2.0 GB/3.8 GB   18 MB/s   1m36s[K[?25h[?2026l[?2026h[?25l[A[1Gpulling manifest [K
pulling 518db88bbc10:  52% ▕█████████         ▏ 2.0 GB/3.8 GB   18 MB/s   1m36s[K[?25h[?2026l[?2026h[?25l[A[1Gpulling manifest [K
pulling 518db88bbc10:  53% ▕█████████         ▏ 2.0 GB/3.8 GB   18 MB/s   1m36s[K[?25h[?2026l[?2026h[?25l[A[1Gpulling manifest [K
pulling 518db88bbc10:  53% ▕█████████         ▏ 2.0 GB/3.8 GB   18 MB/s   1m36s[K[?25h[?2026l[?2026h[?25l[A[1Gpulling manifest [K
pulling 518db88bbc10:  53% ▕█████████         ▏ 2.0 GB/3.8 GB   18 MB/s   1m36s[K[?25h[?2026l[?2026h[?25l[A[1Gpulling manifest [K
pulling 518db88bbc10:  53% ▕█████████         ▏ 2.0 GB/3.8 GB   18 MB/s   1m36s[K[?25h[?2026l[?2026h[?25l[A[1Gpulling manifest [K
pulling 518db88bbc10:  53% ▕█████████         ▏ 2.0 GB/3.8 GB   18 MB/s   1m36s[K[?25h[?2026l[?2026h[?25l[A[1Gpulling manifest [K
pulling 518db88bbc10:  53% ▕█████████         ▏ 2.0 GB/3.8 GB   18 MB/s   1m36s[K[?25h[?2026l[?2026h[?25l[A[1Gpulling manifest [K
pulling 518db88bbc10:  53% ▕█████████         ▏ 2.0 GB/3.8 GB   19 MB/s   1m34s[K[?25h[?2026l[?2026h[?25l[A[1Gpulling manifest [K
pulling 518db88bbc10:  53% ▕█████████         ▏ 2.0 GB/3.8 GB   19 MB/s   1m34s[K[?25h[?2026l[?2026h[?25l[A[1Gpulling manifest [K
pulling 518db88bbc10:  53% ▕█████████         ▏ 2.0 GB/3.8 GB   19 MB/s   1m34s[K[?25h[?2026l[?2026h[?25l[A[1Gpulling manifest [K
pulling 518db88bbc10:  53% ▕█████████         ▏ 2.0 GB/3.8 GB   19 MB/s   1m34s[K[?25h[?2026l[?2026h[?25l[A[1Gpulling manifest [K
pulling 518db88bbc10:  53% ▕█████████         ▏ 2.0 GB/3.8 GB   19 MB/s   1m34s[K[?25h[?2026l[?2026h[?25l[A[1Gpulling manifest [K
pulling 518db88bbc10:  53% ▕█████████         ▏ 2.0 GB/3.8 GB   19 MB/s   1m33s[K[?25h[?2026l[?2026h[?25l[A[1Gpulling manifest [K
pulling 518db88bbc10:  53% ▕█████████         ▏ 2.0 GB/3.8 GB   19 MB/s   1m33s[K[?25h[?2026l[?2026h[?25l[A[1Gpulling manifest [K
pulling 518db88bbc10:  53% ▕█████████         ▏ 2.0 GB/3.8 GB   19 MB/s   1m33s[K[?25h[?2026l[?2026h[?25l[A[1Gpulling manifest [K
pulling 518db88bbc10:  53% ▕█████████         ▏ 2.0 GB/3.8 GB   19 MB/s   1m33s[K[?25h[?2026l[?2026h[?25l[A[1Gpulling manifest [K
pulling 518db88bbc10:  53% ▕█████████         ▏ 2.0 GB/3.8 GB   19 MB/s   1m33s[K[?25h[?2026l[?2026h[?25l[A[1Gpulling manifest [K
pulling 518db88bbc10:  53% ▕█████████         ▏ 2.1 GB/3.8 GB   19 MB/s   1m31s[K[?25h[?2026l[?2026h[?25l[A[1Gpulling manifest [K
pulling 518db88bbc10:  53% ▕█████████         ▏ 2.1 GB/3.8 GB   19 MB/s   1m31s[K[?25h[?2026l[?2026h[?25l[A[1Gpulling manifest [K
pulling 518db88bbc10:  53% ▕█████████         ▏ 2.1 GB/3.8 GB   19 MB/s   1m31s[K[?25h[?2026l[?2026h[?25l[A[1Gpulling manifest [K
pulling 518db88bbc10:  54% ▕█████████         ▏ 2.1 GB/3.8 GB   19 MB/s   1m31s[K[?25h[?2026l[?2026h[?25l[A[1Gpulling manifest [K
pulling 518db88bbc10:  54% ▕█████████         ▏ 2.1 GB/3.8 GB   19 MB/s   1m31s[K[?25h[?2026l[?2026h[?25l[A[1Gpulling manifest [K
pulling 518db88bbc10:  54% ▕█████████         ▏ 2.1 GB/3.8 GB   19 MB/s   1m31s[K[?25h[?2026l[?2026h[?25l[A[1Gpulling manifest [K
pulling 518db88bbc10:  54% ▕█████████         ▏ 2.1 GB/3.8 GB   19 MB/s   1m31s[K[?25h[?2026l[?2026h[?25l[A[1Gpulling manifest [K
pulling 518db88bbc10:  54% ▕█████████         ▏ 2.1 GB/3.8 GB   19 MB/s   1m31s[K[?25h[?2026l[?2026h[?25l[A[1Gpulling manifest [K
pulling 518db88bbc10:  54% ▕█████████         ▏ 2.1 GB/3.8 GB   19 MB/s   1m31s[K[?25h[?2026l[?2026h[?25l[A[1Gpulling manifest [K
pulling 518db88bbc10:  54% ▕█████████         ▏ 2.1 GB/3.8 GB   19 MB/s   1m30s[K[?25h[?2026l[?2026h[?25l[A[1Gpulling manifest [K
pulling 518db88bbc10:  54% ▕█████████         ▏ 2.1 GB/3.8 GB   19 MB/s   1m29s[K[?25h[?2026l[?2026h[?25l[A[1Gpulling manifest [K
pulling 518db88bbc10:  54% ▕█████████         ▏ 2.1 GB/3.8 GB   19 MB/s   1m29s[K[?25h[?2026l[?2026h[?25l[A[1Gpulling manifest [K
pulling 518db88bbc10:  54% ▕█████████         ▏ 2.1 GB/3.8 GB   19 MB/s   1m29s[K[?25h[?2026l[?2026h[?25l[A[1Gpulling manifest [K
pulling 518db88bbc10:  54% ▕█████████         ▏ 2.1 GB/3.8 GB   19 MB/s   1m29s[K[?25h[?2026l[?2026h[?25l[A[1Gpulling manifest [K
pulling 518db88bbc10:  54% ▕█████████         ▏ 2.1 GB/3.8 GB   19 MB/s   1m29s[K[?25h[?2026l[?2026h[?25l[A[1Gpulling manifest [K
pulling 518db88bbc10:  54% ▕█████████         ▏ 2.1 GB/3.8 GB   19 MB/s   1m29s[K[?25h[?2026l[?2026h[?25l[A[1Gpulling manifest [K
pulling 518db88bbc10:  54% ▕█████████         ▏ 2.1 GB/3.8 GB   19 MB/s   1m28s[K[?25h[?2026l[?2026h[?25l[A[1Gpulling manifest [K
pulling 518db88bbc10:  54% ▕█████████         ▏ 2.1 GB/3.8 GB   19 MB/s   1m28s[K[?25h[?2026l[?2026h[?25l[A[1Gpulling manifest [K
pulling 518db88bbc10:  54% ▕█████████         ▏ 2.1 GB/3.8 GB   19 MB/s   1m28s[K[?25h[?2026l[?2026h[?25l[A[1Gpulling manifest [K
pulling 518db88bbc10:  54% ▕█████████         ▏ 2.1 GB/3.8 GB   19 MB/s   1m28s[K[?25h[?2026l[?2026h[?25l[A[1Gpulling manifest [K
pulling 518db88bbc10:  54% ▕█████████         ▏ 2.1 GB/3.8 GB   19 MB/s   1m28s[K[?25h[?2026l[?2026h[?25l[A[1Gpulling manifest [K
pulling 518db88bbc10:  55% ▕█████████         ▏ 2.1 GB/3.8 GB   19 MB/s   1m28s[K[?25h[?2026l[?2026h[?25l[A[1Gpulling manifest [K
pulling 518db88bbc10:  55% ▕█████████         ▏ 2.1 GB/3.8 GB   19 MB/s   1m27s[K[?25h[?2026l[?2026h[?25l[A[1Gpulling manifest [K
pulling 518db88bbc10:  55% ▕█████████         ▏ 2.1 GB/3.8 GB   19 MB/s   1m27s[K[?25h[?2026l[?2026h[?25l[A[1Gpulling manifest [K
pulling 518db88bbc10:  55% ▕█████████         ▏ 2.1 GB/3.8 GB   19 MB/s   1m27s[K[?25h[?2026l[?2026h[?25l[A[1Gpulling manifest [K
pulling 518db88bbc10:  55% ▕█████████         ▏ 2.1 GB/3.8 GB   19 MB/s   1m27s[K[?25h[?2026l[?2026h[?25l[A[1Gpulling manifest [K
pulling 518db88bbc10:  55% ▕█████████         ▏ 2.1 GB/3.8 GB   19 MB/s   1m27s[K[?25h[?2026l[?2026h[?25l[A[1Gpulling manifest [K
pulling 518db88bbc10:  55% ▕█████████         ▏ 2.1 GB/3.8 GB   19 MB/s   1m27s[K[?25h[?2026l[?2026h[?25l[A[1Gpulling manifest [K
pulling 518db88bbc10:  55% ▕█████████         ▏ 2.1 GB/3.8 GB   19 MB/s   1m27s[K[?25h[?2026l[?2026h[?25l[A[1Gpulling manifest [K
pulling 518db88bbc10:  55% ▕█████████         ▏ 2.1 GB/3.8 GB   19 MB/s   1m27s[K[?25h[?2026l[?2026h[?25l[A[1Gpulling manifest [K
pulling 518db88bbc10:  55% ▕█████████         ▏ 2.1 GB/3.8 GB   19 MB/s   1m27s[K[?25h[?2026l[?2026h[?25l[A[1Gpulling manifest [K
pulling 518db88bbc10:  55% ▕█████████         ▏ 2.1 GB/3.8 GB   19 MB/s   1m26s[K[?25h[?2026l[?2026h[?25l[A[1Gpulling manifest [K
pulling 518db88bbc10:  55% ▕█████████         ▏ 2.1 GB/3.8 GB   19 MB/s   1m26s[K[?25h[?2026l[?2026h[?25l[A[1Gpulling manifest [K
pulling 518db88bbc10:  55% ▕█████████         ▏ 2.1 GB/3.8 GB   19 MB/s   1m26s[K[?25h[?2026l[?2026h[?25l[A[1Gpulling manifest [K
pulling 518db88bbc10:  55% ▕█████████         ▏ 2.1 GB/3.8 GB   19 MB/s   1m26s[K[?25h[?2026l[?2026h[?25l[A[1Gpulling manifest [K
pulling 518db88bbc10:  55% ▕█████████         ▏ 2.1 GB/3.8 GB   19 MB/s   1m26s[K[?25h[?2026l[?2026h[?25l[A[1Gpulling manifest [K
pulling 518db88bbc10:  55% ▕█████████         ▏ 2.1 GB/3.8 GB   19 MB/s   1m26s[K[?25h[?2026l[?2026h[?25l[A[1Gpulling manifest [K
pulling 518db88bbc10:  55% ▕█████████         ▏ 2.1 GB/3.8 GB   19 MB/s   1m25s[K[?25h[?2026l[?2026h[?25l[A[1Gpulling manifest [K
pulling 518db88bbc10:  55% ▕█████████         ▏ 2.1 GB/3.8 GB   19 MB/s   1m25s[K[?25h[?2026l[?2026h[?25l[A[1Gpulling manifest [K
pulling 518db88bbc10:  56% ▕█████████         ▏ 2.1 GB/3.8 GB   19 MB/s   1m25s[K[?25h[?2026l[?2026h[?25l[A[1Gpulling manifest [K
pulling 518db88bbc10:  56% ▕██████████        ▏ 2.1 GB/3.8 GB   19 MB/s   1m25s[K[?25h[?2026l[?2026h[?25l[A[1Gpulling manifest [K
pulling 518db88bbc10:  56% ▕██████████        ▏ 2.1 GB/3.8 GB   20 MB/s   1m24s[K[?25h[?2026l[?2026h[?25l[A[1Gpulling manifest [K
pulling 518db88bbc10:  56% ▕██████████        ▏ 2.1 GB/3.8 GB   20 MB/s   1m24s[K[?25h[?2026l[?2026h[?25l[A[1Gpulling manifest [K
pulling 518db88bbc10:  56% ▕██████████        ▏ 2.1 GB/3.8 GB   20 MB/s   1m24s[K[?25h[?2026l[?2026h[?25l[A[1Gpulling manifest [K
pulling 518db88bbc10:  56% ▕██████████        ▏ 2.1 GB/3.8 GB   20 MB/s   1m24s[K[?25h[?2026l[?2026h[?25l[A[1Gpulling manifest [K
pulling 518db88bbc10:  56% ▕██████████        ▏ 2.1 GB/3.8 GB   20 MB/s   1m24s[K[?25h[?2026l[?2026h[?25l[A[1Gpulling manifest [K
pulling 518db88bbc10:  56% ▕██████████        ▏ 2.1 GB/3.8 GB   20 MB/s   1m24s[K[?25h[?2026l[?2026h[?25l[A[1Gpulling manifest [K
pulling 518db88bbc10:  56% ▕██████████        ▏ 2.1 GB/3.8 GB   20 MB/s   1m24s[K[?25h[?2026l[?2026h[?25l[A[1Gpulling manifest [K
pulling 518db88bbc10:  56% ▕██████████        ▏ 2.2 GB/3.8 GB   20 MB/s   1m23s[K[?25h[?2026l[?2026h[?25l[A[1Gpulling manifest [K
pulling 518db88bbc10:  56% ▕██████████        ▏ 2.2 GB/3.8 GB   20 MB/s   1m23s[K[?25h[?2026l[?2026h[?25l[A[1Gpulling manifest [K
pulling 518db88bbc10:  56% ▕██████████        ▏ 2.2 GB/3.8 GB   20 MB/s   1m23s[K[?25h[?2026l[?2026h[?25l[A[1Gpulling manifest [K
pulling 518db88bbc10:  56% ▕██████████        ▏ 2.2 GB/3.8 GB   20 MB/s   1m22s[K[?25h[?2026l[?2026h[?25l[A[1Gpulling manifest [K
pulling 518db88bbc10:  56% ▕██████████        ▏ 2.2 GB/3.8 GB   20 MB/s   1m22s[K[?25h[?2026l[?2026h[?25l[A[1Gpulling manifest [K
pulling 518db88bbc10:  56% ▕██████████        ▏ 2.2 GB/3.8 GB   20 MB/s   1m22s[K[?25h[?2026l[?2026h[?25l[A[1Gpulling manifest [K
pulling 518db88bbc10:  56% ▕██████████        ▏ 2.2 GB/3.8 GB   20 MB/s   1m22s[K[?25h[?2026l[?2026h[?25l[A[1Gpulling manifest [K
pulling 518db88bbc10:  56% ▕██████████        ▏ 2.2 GB/3.8 GB   20 MB/s   1m22s[K[?25h[?2026l[?2026h[?25l[A[1Gpulling manifest [K
pulling 518db88bbc10:  56% ▕██████████        ▏ 2.2 GB/3.8 GB   20 MB/s   1m22s[K[?25h[?2026l[?2026h[?25l[A[1Gpulling manifest [K
pulling 518db88bbc10:  56% ▕██████████        ▏ 2.2 GB/3.8 GB   20 MB/s   1m22s[K[?25h[?2026l[?2026h[?25l[A[1Gpulling manifest [K
pulling 518db88bbc10:  56% ▕██████████        ▏ 2.2 GB/3.8 GB   20 MB/s   1m22s[K[?25h[?2026l[?2026h[?25l[A[1Gpulling manifest [K
pulling 518db88bbc10:  56% ▕██████████        ▏ 2.2 GB/3.8 GB   20 MB/s   1m22s[K[?25h[?2026l[?2026h[?25l[A[1Gpulling manifest [K
pulling 518db88bbc10:  56% ▕██████████        ▏ 2.2 GB/3.8 GB   20 MB/s   1m22s[K[?25h[?2026l[?2026h[?25l[A[1Gpulling manifest [K
pulling 518db88bbc10:  56% ▕██████████        ▏ 2.2 GB/3.8 GB   19 MB/s   1m25s[K[?25h[?2026l[?2026h[?25l[A[1Gpulling manifest [K
pulling 518db88bbc10:  56% ▕██████████        ▏ 2.2 GB/3.8 GB   19 MB/s   1m25s[K[?25h[?2026l[?2026h[?25l[A[1Gpulling manifest [K
pulling 518db88bbc10:  56% ▕██████████        ▏ 2.2 GB/3.8 GB   19 MB/s   1m25s[K[?25h[?2026l[?2026h[?25l[A[1Gpulling manifest [K
pulling 518db88bbc10:  56% ▕██████████        ▏ 2.2 GB/3.8 GB   19 MB/s   1m25s[K[?25h[?2026l[?2026h[?25l[A[1Gpulling manifest [K
pulling 518db88bbc10:  57% ▕██████████        ▏ 2.2 GB/3.8 GB   19 MB/s   1m25s[K[?25h[?2026l[?2026h[?25l[A[1Gpulling manifest [K
pulling 518db88bbc10:  57% ▕██████████        ▏ 2.2 GB/3.8 GB   19 MB/s   1m25s[K[?25h[?2026l[?2026h[?25l[A[1Gpulling manifest [K
pulling 518db88bbc10:  57% ▕██████████        ▏ 2.2 GB/3.8 GB   19 MB/s   1m25s[K[?25h[?2026l[?2026h[?25l[A[1Gpulling manifest [K
pulling 518db88bbc10:  57% ▕██████████        ▏ 2.2 GB/3.8 GB   19 MB/s   1m24s[K[?25h[?2026l[?2026h[?25l[A[1Gpulling manifest [K
pulling 518db88bbc10:  57% ▕██████████        ▏ 2.2 GB/3.8 GB   19 MB/s   1m24s[K[?25h[?2026l[?2026h[?25l[A[1Gpulling manifest [K
pulling 518db88bbc10:  57% ▕██████████        ▏ 2.2 GB/3.8 GB   19 MB/s   1m24s[K[?25h[?2026l[?2026h[?25l[A[1Gpulling manifest [K
pulling 518db88bbc10:  57% ▕██████████        ▏ 2.2 GB/3.8 GB   19 MB/s   1m24s[K[?25h[?2026l[?2026h[?25l[A[1Gpulling manifest [K
pulling 518db88bbc10:  57% ▕██████████        ▏ 2.2 GB/3.8 GB   18 MB/s   1m27s[K[?25h[?2026l[?2026h[?25l[A[1Gpulling manifest [K
pulling 518db88bbc10:  57% ▕██████████        ▏ 2.2 GB/3.8 GB   18 MB/s   1m27s[K[?25h[?2026l[?2026h[?25l[A[1Gpulling manifest [K
pulling 518db88bbc10:  57% ▕██████████        ▏ 2.2 GB/3.8 GB   18 MB/s   1m27s[K[?25h[?2026l[?2026h[?25l[A[1Gpulling manifest [K
pulling 518db88bbc10:  57% ▕██████████        ▏ 2.2 GB/3.8 GB   18 MB/s   1m27s[K[?25h[?2026l[?2026h[?25l[A[1Gpulling manifest [K
pulling 518db88bbc10:  57% ▕██████████        ▏ 2.2 GB/3.8 GB   18 MB/s   1m27s[K[?25h[?2026l[?2026h[?25l[A[1Gpulling manifest [K
pulling 518db88bbc10:  57% ▕██████████        ▏ 2.2 GB/3.8 GB   18 MB/s   1m27s[K[?25h[?2026l[?2026h[?25l[A[1Gpulling manifest [K
pulling 518db88bbc10:  57% ▕██████████        ▏ 2.2 GB/3.8 GB   18 MB/s   1m26s[K[?25h[?2026l[?2026h[?25l[A[1Gpulling manifest [K
pulling 518db88bbc10:  57% ▕██████████        ▏ 2.2 GB/3.8 GB   18 MB/s   1m26s[K[?25h[?2026l[?2026h[?25l[A[1Gpulling manifest [K
pulling 518db88bbc10:  57% ▕██████████        ▏ 2.2 GB/3.8 GB   18 MB/s   1m26s[K[?25h[?2026l[?2026h[?25l[A[1Gpulling manifest [K
pulling 518db88bbc10:  57% ▕██████████        ▏ 2.2 GB/3.8 GB   18 MB/s   1m26s[K[?25h[?2026l[?2026h[?25l[A[1Gpulling manifest [K
pulling 518db88bbc10:  57% ▕██████████        ▏ 2.2 GB/3.8 GB   18 MB/s   1m26s[K[?25h[?2026l[?2026h[?25l[A[1Gpulling manifest [K
pulling 518db88bbc10:  57% ▕██████████        ▏ 2.2 GB/3.8 GB   18 MB/s   1m26s[K[?25h[?2026l[?2026h[?25l[A[1Gpulling manifest [K
pulling 518db88bbc10:  57% ▕██████████        ▏ 2.2 GB/3.8 GB   18 MB/s   1m26s[K[?25h[?2026l[?2026h[?25l[A[1Gpulling manifest [K
pulling 518db88bbc10:  57% ▕██████████        ▏ 2.2 GB/3.8 GB   18 MB/s   1m26s[K[?25h[?2026l[?2026h[?25l[A[1Gpulling manifest [K
pulling 518db88bbc10:  57% ▕██████████        ▏ 2.2 GB/3.8 GB   18 MB/s   1m26s[K[?25h[?2026l[?2026h[?25l[A[1Gpulling manifest [K
pulling 518db88bbc10:  58% ▕██████████        ▏ 2.2 GB/3.8 GB   18 MB/s   1m25s[K[?25h[?2026l[?2026h[?25l[A[1Gpulling manifest [K
pulling 518db88bbc10:  58% ▕██████████        ▏ 2.2 GB/3.8 GB   18 MB/s   1m25s[K[?25h[?2026l[?2026h[?25l[A[1Gpulling manifest [K
pulling 518db88bbc10:  58% ▕██████████        ▏ 2.2 GB/3.8 GB   18 MB/s   1m25s[K[?25h[?2026l[?2026h[?25l[A[1Gpulling manifest [K
pulling 518db88bbc10:  58% ▕██████████        ▏ 2.2 GB/3.8 GB   18 MB/s   1m25s[K[?25h[?2026l[?2026h[?25l[A[1Gpulling manifest [K
pulling 518db88bbc10:  58% ▕██████████        ▏ 2.2 GB/3.8 GB   18 MB/s   1m25s[K[?25h[?2026l[?2026h[?25l[A[1Gpulling manifest [K
pulling 518db88bbc10:  58% ▕██████████        ▏ 2.2 GB/3.8 GB   18 MB/s   1m26s[K[?25h[?2026l[?2026h[?25l[A[1Gpulling manifest [K
pulling 518db88bbc10:  58% ▕██████████        ▏ 2.2 GB/3.8 GB   18 MB/s   1m25s[K[?25h[?2026l[?2026h[?25l[A[1Gpulling manifest [K
pulling 518db88bbc10:  58% ▕██████████        ▏ 2.2 GB/3.8 GB   18 MB/s   1m25s[K[?25h[?2026l[?2026h[?25l[A[1Gpulling manifest [K
pulling 518db88bbc10:  58% ▕██████████        ▏ 2.2 GB/3.8 GB   18 MB/s   1m25s[K[?25h[?2026l[?2026h[?25l[A[1Gpulling manifest [K
pulling 518db88bbc10:  58% ▕██████████        ▏ 2.2 GB/3.8 GB   18 MB/s   1m25s[K[?25h[?2026l[?2026h[?25l[A[1Gpulling manifest [K
pulling 518db88bbc10:  58% ▕██████████        ▏ 2.2 GB/3.8 GB   18 MB/s   1m25s[K[?25h[?2026l[?2026h[?25l[A[1Gpulling manifest [K
pulling 518db88bbc10:  58% ▕██████████        ▏ 2.2 GB/3.8 GB   18 MB/s   1m25s[K[?25h[?2026l[?2026h[?25l[A[1Gpulling manifest [K
pulling 518db88bbc10:  58% ▕██████████        ▏ 2.2 GB/3.8 GB   18 MB/s   1m25s[K[?25h[?2026l[?2026h[?25l[A[1Gpulling manifest [K
pulling 518db88bbc10:  58% ▕██████████        ▏ 2.2 GB/3.8 GB   18 MB/s   1m25s[K[?25h[?2026l[?2026h[?25l[A[1Gpulling manifest [K
pulling 518db88bbc10:  58% ▕██████████        ▏ 2.2 GB/3.8 GB   18 MB/s   1m25s[K[?25h[?2026l[?2026h[?25l[A[1Gpulling manifest [K
pulling 518db88bbc10:  58% ▕██████████        ▏ 2.2 GB/3.8 GB   18 MB/s   1m27s[K[?25h[?2026l[?2026h[?25l[A[1Gpulling manifest [K
pulling 518db88bbc10:  58% ▕██████████        ▏ 2.2 GB/3.8 GB   18 MB/s   1m27s[K[?25h[?2026l[?2026h[?25l[A[1Gpulling manifest [K
pulling 518db88bbc10:  58% ▕██████████        ▏ 2.2 GB/3.8 GB   18 MB/s   1m27s[K[?25h[?2026l[?2026h[?25l[A[1Gpulling manifest [K
pulling 518db88bbc10:  58% ▕██████████        ▏ 2.2 GB/3.8 GB   18 MB/s   1m27s[K[?25h[?2026l[?2026h[?25l[A[1Gpulling manifest [K
pulling 518db88bbc10:  58% ▕██████████        ▏ 2.2 GB/3.8 GB   18 MB/s   1m27s[K[?25h[?2026l[?2026h[?25l[A[1Gpulling manifest [K
pulling 518db88bbc10:  58% ▕██████████        ▏ 2.2 GB/3.8 GB   18 MB/s   1m27s[K[?25h[?2026l[?2026h[?25l[A[1Gpulling manifest [K
pulling 518db88bbc10:  59% ▕██████████        ▏ 2.2 GB/3.8 GB   18 MB/s   1m27s[K[?25h[?2026l[?2026h[?25l[A[1Gpulling manifest [K
pulling 518db88bbc10:  59% ▕██████████        ▏ 2.3 GB/3.8 GB   18 MB/s   1m26s[K[?25h[?2026l[?2026h[?25l[A[1Gpulling manifest [K
pulling 518db88bbc10:  59% ▕██████████        ▏ 2.3 GB/3.8 GB   18 MB/s   1m26s[K[?25h[?2026l[?2026h[?25l[A[1Gpulling manifest [K
pulling 518db88bbc10:  59% ▕██████████        ▏ 2.3 GB/3.8 GB   18 MB/s   1m26s[K[?25h[?2026l[?2026h[?25l[A[1Gpulling manifest [K
pulling 518db88bbc10:  59% ▕██████████        ▏ 2.3 GB/3.8 GB   17 MB/s   1m28s[K[?25h[?2026l[?2026h[?25l[A[1Gpulling manifest [K
pulling 518db88bbc10:  59% ▕██████████        ▏ 2.3 GB/3.8 GB   17 MB/s   1m28s[K[?25h[?2026l[?2026h[?25l[A[1Gpulling manifest [K
pulling 518db88bbc10:  59% ▕██████████        ▏ 2.3 GB/3.8 GB   17 MB/s   1m28s[K[?25h[?2026l[?2026h[?25l[A[1Gpulling manifest [K
pulling 518db88bbc10:  59% ▕██████████        ▏ 2.3 GB/3.8 GB   17 MB/s   1m28s[K[?25h[?2026l[?2026h[?25l[A[1Gpulling manifest [K
pulling 518db88bbc10:  59% ▕██████████        ▏ 2.3 GB/3.8 GB   17 MB/s   1m27s[K[?25h[?2026l[?2026h[?25l[A[1Gpulling manifest [K
pulling 518db88bbc10:  59% ▕██████████        ▏ 2.3 GB/3.8 GB   17 MB/s   1m27s[K[?25h[?2026l[?2026h[?25l[A[1Gpulling manifest [K
pulling 518db88bbc10:  59% ▕██████████        ▏ 2.3 GB/3.8 GB   17 MB/s   1m27s[K[?25h[?2026l[?2026h[?25l[A[1Gpulling manifest [K
pulling 518db88bbc10:  59% ▕██████████        ▏ 2.3 GB/3.8 GB   17 MB/s   1m27s[K[?25h[?2026l[?2026h[?25l[A[1Gpulling manifest [K
pulling 518db88bbc10:  59% ▕██████████        ▏ 2.3 GB/3.8 GB   17 MB/s   1m27s[K[?25h[?2026l[?2026h[?25l[A[1Gpulling manifest [K
pulling 518db88bbc10:  59% ▕██████████        ▏ 2.3 GB/3.8 GB   17 MB/s   1m27s[K[?25h[?2026l[?2026h[?25l[A[1Gpulling manifest [K
pulling 518db88bbc10:  59% ▕██████████        ▏ 2.3 GB/3.8 GB   17 MB/s   1m27s[K[?25h[?2026l[?2026h[?25l[A[1Gpulling manifest [K
pulling 518db88bbc10:  59% ▕██████████        ▏ 2.3 GB/3.8 GB   17 MB/s   1m28s[K[?25h[?2026l[?2026h[?25l[A[1Gpulling manifest [K
pulling 518db88bbc10:  59% ▕██████████        ▏ 2.3 GB/3.8 GB   17 MB/s   1m28s[K[?25h[?2026l[?2026h[?25l[A[1Gpulling manifest [K
pulling 518db88bbc10:  59% ▕██████████        ▏ 2.3 GB/3.8 GB   17 MB/s   1m27s[K[?25h[?2026l[?2026h[?25l[A[1Gpulling manifest [K
pulling 518db88bbc10:  59% ▕██████████        ▏ 2.3 GB/3.8 GB   17 MB/s   1m27s[K[?25h[?2026l[?2026h[?25l[A[1Gpulling manifest [K
pulling 518db88bbc10:  59% ▕██████████        ▏ 2.3 GB/3.8 GB   17 MB/s   1m27s[K[?25h[?2026l[?2026h[?25l[A[1Gpulling manifest [K
pulling 518db88bbc10:  59% ▕██████████        ▏ 2.3 GB/3.8 GB   17 MB/s   1m27s[K[?25h[?2026l[?2026h[?25l[A[1Gpulling manifest [K
pulling 518db88bbc10:  60% ▕██████████        ▏ 2.3 GB/3.8 GB   17 MB/s   1m27s[K[?25h[?2026l[?2026h[?25l[A[1Gpulling manifest [K
pulling 518db88bbc10:  60% ▕██████████        ▏ 2.3 GB/3.8 GB   17 MB/s   1m27s[K[?25h[?2026l[?2026h[?25l[A[1Gpulling manifest [K
pulling 518db88bbc10:  60% ▕██████████        ▏ 2.3 GB/3.8 GB   17 MB/s   1m27s[K[?25h[?2026l[?2026h[?25l[A[1Gpulling manifest [K
pulling 518db88bbc10:  60% ▕██████████        ▏ 2.3 GB/3.8 GB   17 MB/s   1m27s[K[?25h[?2026l[?2026h[?25l[A[1Gpulling manifest [K
pulling 518db88bbc10:  60% ▕██████████        ▏ 2.3 GB/3.8 GB   17 MB/s   1m27s[K[?25h[?2026l[?2026h[?25l[A[1Gpulling manifest [K
pulling 518db88bbc10:  60% ▕██████████        ▏ 2.3 GB/3.8 GB   17 MB/s   1m27s[K[?25h[?2026l[?2026h[?25l[A[1Gpulling manifest [K
pulling 518db88bbc10:  60% ▕██████████        ▏ 2.3 GB/3.8 GB   17 MB/s   1m27s[K[?25h[?2026l[?2026h[?25l[A[1Gpulling manifest [K
pulling 518db88bbc10:  60% ▕██████████        ▏ 2.3 GB/3.8 GB   17 MB/s   1m27s[K[?25h[?2026l[?2026h[?25l[A[1Gpulling manifest [K
pulling 518db88bbc10:  60% ▕██████████        ▏ 2.3 GB/3.8 GB   17 MB/s   1m26s[K[?25h[?2026l[?2026h[?25l[A[1Gpulling manifest [K
pulling 518db88bbc10:  60% ▕██████████        ▏ 2.3 GB/3.8 GB   17 MB/s   1m26s[K[?25h[?2026l[?2026h[?25l[A[1Gpulling manifest [K
pulling 518db88bbc10:  60% ▕██████████        ▏ 2.3 GB/3.8 GB   17 MB/s   1m26s[K[?25h[?2026l[?2026h[?25l[A[1Gpulling manifest [K
pulling 518db88bbc10:  60% ▕██████████        ▏ 2.3 GB/3.8 GB   17 MB/s   1m26s[K[?25h[?2026l[?2026h[?25l[A[1Gpulling manifest [K
pulling 518db88bbc10:  60% ▕██████████        ▏ 2.3 GB/3.8 GB   17 MB/s   1m26s[K[?25h[?2026l[?2026h[?25l[A[1Gpulling manifest [K
pulling 518db88bbc10:  60% ▕██████████        ▏ 2.3 GB/3.8 GB   17 MB/s   1m26s[K[?25h[?2026l[?2026h[?25l[A[1Gpulling manifest [K
pulling 518db88bbc10:  60% ▕██████████        ▏ 2.3 GB/3.8 GB   17 MB/s   1m26s[K[?25h[?2026l[?2026h[?25l[A[1Gpulling manifest [K
pulling 518db88bbc10:  60% ▕██████████        ▏ 2.3 GB/3.8 GB   17 MB/s   1m25s[K[?25h[?2026l[?2026h[?25l[A[1Gpulling manifest [K
pulling 518db88bbc10:  60% ▕██████████        ▏ 2.3 GB/3.8 GB   17 MB/s   1m25s[K[?25h[?2026l[?2026h[?25l[A[1Gpulling manifest [K
pulling 518db88bbc10:  60% ▕██████████        ▏ 2.3 GB/3.8 GB   17 MB/s   1m25s[K[?25h[?2026l[?2026h[?25l[A[1Gpulling manifest [K
pulling 518db88bbc10:  60% ▕██████████        ▏ 2.3 GB/3.8 GB   17 MB/s   1m25s[K[?25h[?2026l[?2026h[?25l[A[1Gpulling manifest [K
pulling 518db88bbc10:  61% ▕██████████        ▏ 2.3 GB/3.8 GB   17 MB/s   1m25s[K[?25h[?2026l[?2026h[?25l[A[1Gpulling manifest [K
pulling 518db88bbc10:  61% ▕██████████        ▏ 2.3 GB/3.8 GB   17 MB/s   1m25s[K[?25h[?2026l[?2026h[?25l[A[1Gpulling manifest [K
pulling 518db88bbc10:  61% ▕██████████        ▏ 2.3 GB/3.8 GB   17 MB/s   1m25s[K[?25h[?2026l[?2026h[?25l[A[1Gpulling manifest [K
pulling 518db88bbc10:  61% ▕██████████        ▏ 2.3 GB/3.8 GB   17 MB/s   1m25s[K[?25h[?2026l[?2026h[?25l[A[1Gpulling manifest [K
pulling 518db88bbc10:  61% ▕██████████        ▏ 2.3 GB/3.8 GB   17 MB/s   1m25s[K[?25h[?2026l[?2026h[?25l[A[1Gpulling manifest [K
pulling 518db88bbc10:  61% ▕██████████        ▏ 2.3 GB/3.8 GB   18 MB/s   1m21s[K[?25h[?2026l[?2026h[?25l[A[1Gpulling manifest [K
pulling 518db88bbc10:  61% ▕██████████        ▏ 2.3 GB/3.8 GB   18 MB/s   1m20s[K[?25h[?2026l[?2026h[?25l[A[1Gpulling manifest [K
pulling 518db88bbc10:  61% ▕██████████        ▏ 2.3 GB/3.8 GB   18 MB/s   1m20s[K[?25h[?2026l[?2026h[?25l[A[1Gpulling manifest [K
pulling 518db88bbc10:  61% ▕██████████        ▏ 2.3 GB/3.8 GB   18 MB/s   1m20s[K[?25h[?2026l[?2026h[?25l[A[1Gpulling manifest [K
pulling 518db88bbc10:  61% ▕██████████        ▏ 2.3 GB/3.8 GB   18 MB/s   1m20s[K[?25h[?2026l[?2026h[?25l[A[1Gpulling manifest [K
pulling 518db88bbc10:  61% ▕██████████        ▏ 2.3 GB/3.8 GB   18 MB/s   1m20s[K[?25h[?2026l[?2026h[?25l[A[1Gpulling manifest [K
pulling 518db88bbc10:  61% ▕██████████        ▏ 2.3 GB/3.8 GB   18 MB/s   1m20s[K[?25h[?2026l[?2026h[?25l[A[1Gpulling manifest [K
pulling 518db88bbc10:  61% ▕██████████        ▏ 2.3 GB/3.8 GB   18 MB/s   1m20s[K[?25h[?2026l[?2026h[?25l[A[1Gpulling manifest [K
pulling 518db88bbc10:  61% ▕██████████        ▏ 2.3 GB/3.8 GB   18 MB/s   1m20s[K[?25h[?2026l[?2026h[?25l[A[1Gpulling manifest [K
pulling 518db88bbc10:  61% ▕██████████        ▏ 2.3 GB/3.8 GB   18 MB/s   1m20s[K[?25h[?2026l[?2026h[?25l[A[1Gpulling manifest [K
pulling 518db88bbc10:  61% ▕███████████       ▏ 2.4 GB/3.8 GB   18 MB/s   1m19s[K[?25h[?2026l[?2026h[?25l[A[1Gpulling manifest [K
pulling 518db88bbc10:  61% ▕███████████       ▏ 2.4 GB/3.8 GB   18 MB/s   1m19s[K[?25h[?2026l[?2026h[?25l[A[1Gpulling manifest [K
pulling 518db88bbc10:  61% ▕███████████       ▏ 2.4 GB/3.8 GB   18 MB/s   1m19s[K[?25h[?2026l[?2026h[?25l[A[1Gpulling manifest [K
pulling 518db88bbc10:  61% ▕███████████       ▏ 2.4 GB/3.8 GB   18 MB/s   1m19s[K[?25h[?2026l[?2026h[?25l[A[1Gpulling manifest [K
pulling 518db88bbc10:  61% ▕███████████       ▏ 2.4 GB/3.8 GB   18 MB/s   1m19s[K[?25h[?2026l[?2026h[?25l[A[1Gpulling manifest [K
pulling 518db88bbc10:  61% ▕███████████       ▏ 2.4 GB/3.8 GB   18 MB/s   1m19s[K[?25h[?2026l[?2026h[?25l[A[1Gpulling manifest [K
pulling 518db88bbc10:  61% ▕███████████       ▏ 2.4 GB/3.8 GB   18 MB/s   1m19s[K[?25h[?2026l[?2026h[?25l[A[1Gpulling manifest [K
pulling 518db88bbc10:  61% ▕███████████       ▏ 2.4 GB/3.8 GB   18 MB/s   1m19s[K[?25h[?2026l[?2026h[?25l[A[1Gpulling manifest [K
pulling 518db88bbc10:  61% ▕███████████       ▏ 2.4 GB/3.8 GB   18 MB/s   1m19s[K[?25h[?2026l[?2026h[?25l[A[1Gpulling manifest [K
pulling 518db88bbc10:  61% ▕███████████       ▏ 2.4 GB/3.8 GB   18 MB/s   1m19s[K[?25h[?2026l[?2026h[?25l[A[1Gpulling manifest [K
pulling 518db88bbc10:  61% ▕███████████       ▏ 2.4 GB/3.8 GB   18 MB/s   1m19s[K[?25h[?2026l[?2026h[?25l[A[1Gpulling manifest [K
pulling 518db88bbc10:  61% ▕███████████       ▏ 2.4 GB/3.8 GB   17 MB/s   1m24s[K[?25h[?2026l[?2026h[?25l[A[1Gpulling manifest [K
pulling 518db88bbc10:  61% ▕███████████       ▏ 2.4 GB/3.8 GB   17 MB/s   1m24s[K[?25h[?2026l[?2026h[?25l[A[1Gpulling manifest [K
pulling 518db88bbc10:  61% ▕███████████       ▏ 2.4 GB/3.8 GB   17 MB/s   1m24s[K[?25h[?2026l[?2026h[?25l[A[1Gpulling manifest [K
pulling 518db88bbc10:  61% ▕███████████       ▏ 2.4 GB/3.8 GB   17 MB/s   1m23s[K[?25h[?2026l[?2026h[?25l[A[1Gpulling manifest [K
pulling 518db88bbc10:  62% ▕███████████       ▏ 2.4 GB/3.8 GB   17 MB/s   1m23s[K[?25h[?2026l[?2026h[?25l[A[1Gpulling manifest [K
pulling 518db88bbc10:  62% ▕███████████       ▏ 2.4 GB/3.8 GB   17 MB/s   1m23s[K[?25h[?2026l[?2026h[?25l[A[1Gpulling manifest [K
pulling 518db88bbc10:  62% ▕███████████       ▏ 2.4 GB/3.8 GB   17 MB/s   1m23s[K[?25h[?2026l[?2026h[?25l[A[1Gpulling manifest [K
pulling 518db88bbc10:  62% ▕███████████       ▏ 2.4 GB/3.8 GB   17 MB/s   1m23s[K[?25h[?2026l[?2026h[?25l[A[1Gpulling manifest [K
pulling 518db88bbc10:  62% ▕███████████       ▏ 2.4 GB/3.8 GB   17 MB/s   1m23s[K[?25h[?2026l[?2026h[?25l[A[1Gpulling manifest [K
pulling 518db88bbc10:  62% ▕███████████       ▏ 2.4 GB/3.8 GB   17 MB/s   1m23s[K[?25h[?2026l[?2026h[?25l[A[1Gpulling manifest [K
pulling 518db88bbc10:  62% ▕███████████       ▏ 2.4 GB/3.8 GB   17 MB/s   1m25s[K[?25h[?2026l[?2026h[?25l[A[1Gpulling manifest [K
pulling 518db88bbc10:  62% ▕███████████       ▏ 2.4 GB/3.8 GB   17 MB/s   1m25s[K[?25h[?2026l[?2026h[?25l[A[1Gpulling manifest [K
pulling 518db88bbc10:  62% ▕███████████       ▏ 2.4 GB/3.8 GB   17 MB/s   1m25s[K[?25h[?2026l[?2026h[?25l[A[1Gpulling manifest [K
pulling 518db88bbc10:  62% ▕███████████       ▏ 2.4 GB/3.8 GB   17 MB/s   1m25s[K[?25h[?2026l[?2026h[?25l[A[1Gpulling manifest [K
pulling 518db88bbc10:  62% ▕███████████       ▏ 2.4 GB/3.8 GB   17 MB/s   1m25s[K[?25h[?2026l[?2026h[?25l[A[1Gpulling manifest [K
pulling 518db88bbc10:  62% ▕███████████       ▏ 2.4 GB/3.8 GB   17 MB/s   1m25s[K[?25h[?2026l[?2026h[?25l[A[1Gpulling manifest [K
pulling 518db88bbc10:  62% ▕███████████       ▏ 2.4 GB/3.8 GB   17 MB/s   1m25s[K[?25h[?2026l[?2026h[?25l[A[1Gpulling manifest [K
pulling 518db88bbc10:  62% ▕███████████       ▏ 2.4 GB/3.8 GB   17 MB/s   1m24s[K[?25h[?2026l[?2026h[?25l[A[1Gpulling manifest [K
pulling 518db88bbc10:  62% ▕███████████       ▏ 2.4 GB/3.8 GB   17 MB/s   1m24s[K[?25h[?2026l[?2026h[?25l[A[1Gpulling manifest [K
pulling 518db88bbc10:  62% ▕███████████       ▏ 2.4 GB/3.8 GB   17 MB/s   1m24s[K[?25h[?2026l[?2026h[?25l[A[1Gpulling manifest [K
pulling 518db88bbc10:  62% ▕███████████       ▏ 2.4 GB/3.8 GB   17 MB/s   1m24s[K[?25h[?2026l[?2026h[?25l[A[1Gpulling manifest [K
pulling 518db88bbc10:  62% ▕███████████       ▏ 2.4 GB/3.8 GB   17 MB/s   1m24s[K[?25h[?2026l[?2026h[?25l[A[1Gpulling manifest [K
pulling 518db88bbc10:  62% ▕███████████       ▏ 2.4 GB/3.8 GB   17 MB/s   1m24s[K[?25h[?2026l[?2026h[?25l[A[1Gpulling manifest [K
pulling 518db88bbc10:  62% ▕███████████       ▏ 2.4 GB/3.8 GB   17 MB/s   1m24s[K[?25h[?2026l[?2026h[?25l[A[1Gpulling manifest [K
pulling 518db88bbc10:  62% ▕███████████       ▏ 2.4 GB/3.8 GB   17 MB/s   1m24s[K[?25h[?2026l[?2026h[?25l[A[1Gpulling manifest [K
pulling 518db88bbc10:  62% ▕███████████       ▏ 2.4 GB/3.8 GB   17 MB/s   1m24s[K[?25h[?2026l[?2026h[?25l[A[1Gpulling manifest [K
pulling 518db88bbc10:  63% ▕███████████       ▏ 2.4 GB/3.8 GB   17 MB/s   1m23s[K[?25h[?2026l[?2026h[?25l[A[1Gpulling manifest [K
pulling 518db88bbc10:  63% ▕███████████       ▏ 2.4 GB/3.8 GB   17 MB/s   1m23s[K[?25h[?2026l[?2026h[?25l[A[1Gpulling manifest [K
pulling 518db88bbc10:  63% ▕███████████       ▏ 2.4 GB/3.8 GB   17 MB/s   1m23s[K[?25h[?2026l[?2026h[?25l[A[1Gpulling manifest [K
pulling 518db88bbc10:  63% ▕███████████       ▏ 2.4 GB/3.8 GB   17 MB/s   1m23s[K[?25h[?2026l[?2026h[?25l[A[1Gpulling manifest [K
pulling 518db88bbc10:  63% ▕███████████       ▏ 2.4 GB/3.8 GB   17 MB/s   1m23s[K[?25h[?2026l[?2026h[?25l[A[1Gpulling manifest [K
pulling 518db88bbc10:  63% ▕███████████       ▏ 2.4 GB/3.8 GB   17 MB/s   1m23s[K[?25h[?2026l[?2026h[?25l[A[1Gpulling manifest [K
pulling 518db88bbc10:  63% ▕███████████       ▏ 2.4 GB/3.8 GB   17 MB/s   1m23s[K[?25h[?2026l[?2026h[?25l[A[1Gpulling manifest [K
pulling 518db88bbc10:  63% ▕███████████       ▏ 2.4 GB/3.8 GB   17 MB/s   1m23s[K[?25h[?2026l[?2026h[?25l[A[1Gpulling manifest [K
pulling 518db88bbc10:  63% ▕███████████       ▏ 2.4 GB/3.8 GB   17 MB/s   1m23s[K[?25h[?2026l[?2026h[?25l[A[1Gpulling manifest [K
pulling 518db88bbc10:  63% ▕███████████       ▏ 2.4 GB/3.8 GB   17 MB/s   1m23s[K[?25h[?2026l[?2026h[?25l[A[1Gpulling manifest [K
pulling 518db88bbc10:  63% ▕███████████       ▏ 2.4 GB/3.8 GB   17 MB/s   1m23s[K[?25h[?2026l[?2026h[?25l[A[1Gpulling manifest [K
pulling 518db88bbc10:  63% ▕███████████       ▏ 2.4 GB/3.8 GB   17 MB/s   1m22s[K[?25h[?2026l[?2026h[?25l[A[1Gpulling manifest [K
pulling 518db88bbc10:  63% ▕███████████       ▏ 2.4 GB/3.8 GB   17 MB/s   1m22s[K[?25h[?2026l[?2026h[?25l[A[1Gpulling manifest [K
pulling 518db88bbc10:  63% ▕███████████       ▏ 2.4 GB/3.8 GB   17 MB/s   1m22s[K[?25h[?2026l[?2026h[?25l[A[1Gpulling manifest [K
pulling 518db88bbc10:  63% ▕███████████       ▏ 2.4 GB/3.8 GB   17 MB/s   1m22s[K[?25h[?2026l[?2026h[?25l[A[1Gpulling manifest [K
pulling 518db88bbc10:  63% ▕███████████       ▏ 2.4 GB/3.8 GB   17 MB/s   1m22s[K[?25h[?2026l[?2026h[?25l[A[1Gpulling manifest [K
pulling 518db88bbc10:  63% ▕███████████       ▏ 2.4 GB/3.8 GB   17 MB/s   1m22s[K[?25h[?2026l[?2026h[?25l[A[1Gpulling manifest [K
pulling 518db88bbc10:  63% ▕███████████       ▏ 2.4 GB/3.8 GB   17 MB/s   1m22s[K[?25h[?2026l[?2026h[?25l[A[1Gpulling manifest [K
pulling 518db88bbc10:  63% ▕███████████       ▏ 2.4 GB/3.8 GB   17 MB/s   1m22s[K[?25h[?2026l[?2026h[?25l[A[1Gpulling manifest [K
pulling 518db88bbc10:  63% ▕███████████       ▏ 2.4 GB/3.8 GB   17 MB/s   1m22s[K[?25h[?2026l[?2026h[?25l[A[1Gpulling manifest [K
pulling 518db88bbc10:  64% ▕███████████       ▏ 2.4 GB/3.8 GB   17 MB/s   1m22s[K[?25h[?2026l[?2026h[?25l[A[1Gpulling manifest [K
pulling 518db88bbc10:  64% ▕███████████       ▏ 2.4 GB/3.8 GB   17 MB/s   1m22s[K[?25h[?2026l[?2026h[?25l[A[1Gpulling manifest [K
pulling 518db88bbc10:  64% ▕███████████       ▏ 2.4 GB/3.8 GB   17 MB/s   1m21s[K[?25h[?2026l[?2026h[?25l[A[1Gpulling manifest [K
pulling 518db88bbc10:  64% ▕███████████       ▏ 2.4 GB/3.8 GB   17 MB/s   1m21s[K[?25h[?2026l[?2026h[?25l[A[1Gpulling manifest [K
pulling 518db88bbc10:  64% ▕███████████       ▏ 2.4 GB/3.8 GB   17 MB/s   1m21s[K[?25h[?2026l[?2026h[?25l[A[1Gpulling manifest [K
pulling 518db88bbc10:  64% ▕███████████       ▏ 2.5 GB/3.8 GB   16 MB/s   1m22s[K[?25h[?2026l[?2026h[?25l[A[1Gpulling manifest [K
pulling 518db88bbc10:  64% ▕███████████       ▏ 2.5 GB/3.8 GB   16 MB/s   1m22s[K[?25h[?2026l[?2026h[?25l[A[1Gpulling manifest [K
pulling 518db88bbc10:  64% ▕███████████       ▏ 2.5 GB/3.8 GB   16 MB/s   1m22s[K[?25h[?2026l[?2026h[?25l[A[1Gpulling manifest [K
pulling 518db88bbc10:  64% ▕███████████       ▏ 2.5 GB/3.8 GB   16 MB/s   1m21s[K[?25h[?2026l[?2026h[?25l[A[1Gpulling manifest [K
pulling 518db88bbc10:  64% ▕███████████       ▏ 2.5 GB/3.8 GB   16 MB/s   1m21s[K[?25h[?2026l[?2026h[?25l[A[1Gpulling manifest [K
pulling 518db88bbc10:  64% ▕███████████       ▏ 2.5 GB/3.8 GB   16 MB/s   1m21s[K[?25h[?2026l[?2026h[?25l[A[1Gpulling manifest [K
pulling 518db88bbc10:  64% ▕███████████       ▏ 2.5 GB/3.8 GB   16 MB/s   1m21s[K[?25h[?2026l[?2026h[?25l[A[1Gpulling manifest [K
pulling 518db88bbc10:  64% ▕███████████       ▏ 2.5 GB/3.8 GB   16 MB/s   1m21s[K[?25h[?2026l[?2026h[?25l[A[1Gpulling manifest [K
pulling 518db88bbc10:  64% ▕███████████       ▏ 2.5 GB/3.8 GB   16 MB/s   1m21s[K[?25h[?2026l[?2026h[?25l[A[1Gpulling manifest [K
pulling 518db88bbc10:  64% ▕███████████       ▏ 2.5 GB/3.8 GB   16 MB/s   1m21s[K[?25h[?2026l[?2026h[?25l[A[1Gpulling manifest [K
pulling 518db88bbc10:  64% ▕███████████       ▏ 2.5 GB/3.8 GB   16 MB/s   1m22s[K[?25h[?2026l[?2026h[?25l[A[1Gpulling manifest [K
pulling 518db88bbc10:  64% ▕███████████       ▏ 2.5 GB/3.8 GB   16 MB/s   1m22s[K[?25h[?2026l[?2026h[?25l[A[1Gpulling manifest [K
pulling 518db88bbc10:  64% ▕███████████       ▏ 2.5 GB/3.8 GB   16 MB/s   1m22s[K[?25h[?2026l[?2026h[?25l[A[1Gpulling manifest [K
pulling 518db88bbc10:  64% ▕███████████       ▏ 2.5 GB/3.8 GB   16 MB/s   1m21s[K[?25h[?2026l[?2026h[?25l[A[1Gpulling manifest [K
pulling 518db88bbc10:  64% ▕███████████       ▏ 2.5 GB/3.8 GB   16 MB/s   1m21s[K[?25h[?2026l[?2026h[?25l[A[1Gpulling manifest [K
pulling 518db88bbc10:  64% ▕███████████       ▏ 2.5 GB/3.8 GB   16 MB/s   1m21s[K[?25h[?2026l[?2026h[?25l[A[1Gpulling manifest [K
pulling 518db88bbc10:  65% ▕███████████       ▏ 2.5 GB/3.8 GB   16 MB/s   1m21s[K[?25h[?2026l[?2026h[?25l[A[1Gpulling manifest [K
pulling 518db88bbc10:  65% ▕███████████       ▏ 2.5 GB/3.8 GB   16 MB/s   1m21s[K[?25h[?2026l[?2026h[?25l[A[1Gpulling manifest [K
pulling 518db88bbc10:  65% ▕███████████       ▏ 2.5 GB/3.8 GB   16 MB/s   1m21s[K[?25h[?2026l[?2026h[?25l[A[1Gpulling manifest [K
pulling 518db88bbc10:  65% ▕███████████       ▏ 2.5 GB/3.8 GB   16 MB/s   1m21s[K[?25h[?2026l[?2026h[?25l[A[1Gpulling manifest [K
pulling 518db88bbc10:  65% ▕███████████       ▏ 2.5 GB/3.8 GB   17 MB/s   1m19s[K[?25h[?2026l[?2026h[?25l[A[1Gpulling manifest [K
pulling 518db88bbc10:  65% ▕███████████       ▏ 2.5 GB/3.8 GB   17 MB/s   1m19s[K[?25h[?2026l[?2026h[?25l[A[1Gpulling manifest [K
pulling 518db88bbc10:  65% ▕███████████       ▏ 2.5 GB/3.8 GB   17 MB/s   1m19s[K[?25h[?2026l[?2026h[?25l[A[1Gpulling manifest [K
pulling 518db88bbc10:  65% ▕███████████       ▏ 2.5 GB/3.8 GB   17 MB/s   1m19s[K[?25h[?2026l[?2026h[?25l[A[1Gpulling manifest [K
pulling 518db88bbc10:  65% ▕███████████       ▏ 2.5 GB/3.8 GB   17 MB/s   1m19s[K[?25h[?2026l[?2026h[?25l[A[1Gpulling manifest [K
pulling 518db88bbc10:  65% ▕███████████       ▏ 2.5 GB/3.8 GB   17 MB/s   1m19s[K[?25h[?2026l[?2026h[?25l[A[1Gpulling manifest [K
pulling 518db88bbc10:  65% ▕███████████       ▏ 2.5 GB/3.8 GB   17 MB/s   1m19s[K[?25h[?2026l[?2026h[?25l[A[1Gpulling manifest [K
pulling 518db88bbc10:  65% ▕███████████       ▏ 2.5 GB/3.8 GB   17 MB/s   1m19s[K[?25h[?2026l[?2026h[?25l[A[1Gpulling manifest [K
pulling 518db88bbc10:  65% ▕███████████       ▏ 2.5 GB/3.8 GB   17 MB/s   1m18s[K[?25h[?2026l[?2026h[?25l[A[1Gpulling manifest [K
pulling 518db88bbc10:  65% ▕███████████       ▏ 2.5 GB/3.8 GB   17 MB/s   1m18s[K[?25h[?2026l[?2026h[?25l[A[1Gpulling manifest [K
pulling 518db88bbc10:  65% ▕███████████       ▏ 2.5 GB/3.8 GB   17 MB/s   1m17s[K[?25h[?2026l[?2026h[?25l[A[1Gpulling manifest [K
pulling 518db88bbc10:  65% ▕███████████       ▏ 2.5 GB/3.8 GB   17 MB/s   1m17s[K[?25h[?2026l[?2026h[?25l[A[1Gpulling manifest [K
pulling 518db88bbc10:  65% ▕███████████       ▏ 2.5 GB/3.8 GB   17 MB/s   1m17s[K[?25h[?2026l[?2026h[?25l[A[1Gpulling manifest [K
pulling 518db88bbc10:  65% ▕███████████       ▏ 2.5 GB/3.8 GB   17 MB/s   1m17s[K[?25h[?2026l[?2026h[?25l[A[1Gpulling manifest [K
pulling 518db88bbc10:  65% ▕███████████       ▏ 2.5 GB/3.8 GB   17 MB/s   1m17s[K[?25h[?2026l[?2026h[?25l[A[1Gpulling manifest [K
pulling 518db88bbc10:  65% ▕███████████       ▏ 2.5 GB/3.8 GB   17 MB/s   1m17s[K[?25h[?2026l[?2026h[?25l[A[1Gpulling manifest [K
pulling 518db88bbc10:  65% ▕███████████       ▏ 2.5 GB/3.8 GB   17 MB/s   1m16s[K[?25h[?2026l[?2026h[?25l[A[1Gpulling manifest [K
pulling 518db88bbc10:  66% ▕███████████       ▏ 2.5 GB/3.8 GB   17 MB/s   1m16s[K[?25h[?2026l[?2026h[?25l[A[1Gpulling manifest [K
pulling 518db88bbc10:  66% ▕███████████       ▏ 2.5 GB/3.8 GB   17 MB/s   1m16s[K[?25h[?2026l[?2026h[?25l[A[1Gpulling manifest [K
pulling 518db88bbc10:  66% ▕███████████       ▏ 2.5 GB/3.8 GB   17 MB/s   1m16s[K[?25h[?2026l[?2026h[?25l[A[1Gpulling manifest [K
pulling 518db88bbc10:  66% ▕███████████       ▏ 2.5 GB/3.8 GB   18 MB/s   1m12s[K[?25h[?2026l[?2026h[?25l[A[1Gpulling manifest [K
pulling 518db88bbc10:  66% ▕███████████       ▏ 2.5 GB/3.8 GB   18 MB/s   1m12s[K[?25h[?2026l[?2026h[?25l[A[1Gpulling manifest [K
pulling 518db88bbc10:  66% ▕███████████       ▏ 2.5 GB/3.8 GB   18 MB/s   1m12s[K[?25h[?2026l[?2026h[?25l[A[1Gpulling manifest [K
pulling 518db88bbc10:  66% ▕███████████       ▏ 2.5 GB/3.8 GB   18 MB/s   1m12s[K[?25h[?2026l[?2026h[?25l[A[1Gpulling manifest [K
pulling 518db88bbc10:  66% ▕███████████       ▏ 2.5 GB/3.8 GB   18 MB/s   1m12s[K[?25h[?2026l[?2026h[?25l[A[1Gpulling manifest [K
pulling 518db88bbc10:  66% ▕███████████       ▏ 2.5 GB/3.8 GB   18 MB/s   1m12s[K[?25h[?2026l[?2026h[?25l[A[1Gpulling manifest [K
pulling 518db88bbc10:  66% ▕███████████       ▏ 2.5 GB/3.8 GB   18 MB/s   1m11s[K[?25h[?2026l[?2026h[?25l[A[1Gpulling manifest [K
pulling 518db88bbc10:  66% ▕███████████       ▏ 2.5 GB/3.8 GB   18 MB/s   1m11s[K[?25h[?2026l[?2026h[?25l[A[1Gpulling manifest [K
pulling 518db88bbc10:  66% ▕███████████       ▏ 2.5 GB/3.8 GB   18 MB/s   1m11s[K[?25h[?2026l[?2026h[?25l[A[1Gpulling manifest [K
pulling 518db88bbc10:  66% ▕███████████       ▏ 2.5 GB/3.8 GB   18 MB/s   1m11s[K[?25h[?2026l[?2026h[?25l[A[1Gpulling manifest [K
pulling 518db88bbc10:  66% ▕███████████       ▏ 2.5 GB/3.8 GB   18 MB/s   1m11s[K[?25h[?2026l[?2026h[?25l[A[1Gpulling manifest [K
pulling 518db88bbc10:  66% ▕███████████       ▏ 2.5 GB/3.8 GB   18 MB/s   1m10s[K[?25h[?2026l[?2026h[?25l[A[1Gpulling manifest [K
pulling 518db88bbc10:  66% ▕███████████       ▏ 2.5 GB/3.8 GB   18 MB/s   1m10s[K[?25h[?2026l[?2026h[?25l[A[1Gpulling manifest [K
pulling 518db88bbc10:  66% ▕███████████       ▏ 2.5 GB/3.8 GB   18 MB/s   1m10s[K[?25h[?2026l[?2026h[?25l[A[1Gpulling manifest [K
pulling 518db88bbc10:  66% ▕███████████       ▏ 2.5 GB/3.8 GB   18 MB/s   1m10s[K[?25h[?2026l[?2026h[?25l[A[1Gpulling manifest [K
pulling 518db88bbc10:  66% ▕███████████       ▏ 2.5 GB/3.8 GB   18 MB/s   1m10s[K[?25h[?2026l[?2026h[?25l[A[1Gpulling manifest [K
pulling 518db88bbc10:  66% ▕███████████       ▏ 2.5 GB/3.8 GB   18 MB/s   1m10s[K[?25h[?2026l[?2026h[?25l[A[1Gpulling manifest [K
pulling 518db88bbc10:  66% ▕███████████       ▏ 2.6 GB/3.8 GB   18 MB/s   1m10s[K[?25h[?2026l[?2026h[?25l[A[1Gpulling manifest [K
pulling 518db88bbc10:  66% ▕███████████       ▏ 2.6 GB/3.8 GB   18 MB/s   1m10s[K[?25h[?2026l[?2026h[?25l[A[1Gpulling manifest [K
pulling 518db88bbc10:  66% ▕███████████       ▏ 2.6 GB/3.8 GB   18 MB/s    1m9s[K[?25h[?2026l[?2026h[?25l[A[1Gpulling manifest [K
pulling 518db88bbc10:  66% ▕███████████       ▏ 2.6 GB/3.8 GB   18 MB/s    1m9s[K[?25h[?2026l[?2026h[?25l[A[1Gpulling manifest [K
pulling 518db88bbc10:  67% ▕███████████       ▏ 2.6 GB/3.8 GB   18 MB/s   1m10s[K[?25h[?2026l[?2026h[?25l[A[1Gpulling manifest [K
pulling 518db88bbc10:  67% ▕███████████       ▏ 2.6 GB/3.8 GB   18 MB/s   1m10s[K[?25h[?2026l[?2026h[?25l[A[1Gpulling manifest [K
pulling 518db88bbc10:  67% ▕███████████       ▏ 2.6 GB/3.8 GB   18 MB/s   1m10s[K[?25h[?2026l[?2026h[?25l[A[1Gpulling manifest [K
pulling 518db88bbc10:  67% ▕███████████       ▏ 2.6 GB/3.8 GB   18 MB/s   1m10s[K[?25h[?2026l[?2026h[?25l[A[1Gpulling manifest [K
pulling 518db88bbc10:  67% ▕████████████      ▏ 2.6 GB/3.8 GB   18 MB/s   1m10s[K[?25h[?2026l[?2026h[?25l[A[1Gpulling manifest [K
pulling 518db88bbc10:  67% ▕████████████      ▏ 2.6 GB/3.8 GB   18 MB/s   1m10s[K[?25h[?2026l[?2026h[?25l[A[1Gpulling manifest [K
pulling 518db88bbc10:  67% ▕████████████      ▏ 2.6 GB/3.8 GB   18 MB/s   1m10s[K[?25h[?2026l[?2026h[?25l[A[1Gpulling manifest [K
pulling 518db88bbc10:  67% ▕████████████      ▏ 2.6 GB/3.8 GB   18 MB/s   1m10s[K[?25h[?2026l[?2026h[?25l[A[1Gpulling manifest [K
pulling 518db88bbc10:  67% ▕████████████      ▏ 2.6 GB/3.8 GB   18 MB/s   1m10s[K[?25h[?2026l[?2026h[?25l[A[1Gpulling manifest [K
pulling 518db88bbc10:  67% ▕████████████      ▏ 2.6 GB/3.8 GB   18 MB/s   1m10s[K[?25h[?2026l[?2026h[?25l[A[1Gpulling manifest [K
pulling 518db88bbc10:  67% ▕████████████      ▏ 2.6 GB/3.8 GB   18 MB/s   1m10s[K[?25h[?2026l[?2026h[?25l[A[1Gpulling manifest [K
pulling 518db88bbc10:  67% ▕████████████      ▏ 2.6 GB/3.8 GB   18 MB/s   1m10s[K[?25h[?2026l[?2026h[?25l[A[1Gpulling manifest [K
pulling 518db88bbc10:  67% ▕████████████      ▏ 2.6 GB/3.8 GB   18 MB/s    1m9s[K[?25h[?2026l[?2026h[?25l[A[1Gpulling manifest [K
pulling 518db88bbc10:  67% ▕████████████      ▏ 2.6 GB/3.8 GB   18 MB/s    1m9s[K[?25h[?2026l[?2026h[?25l[A[1Gpulling manifest [K
pulling 518db88bbc10:  67% ▕████████████      ▏ 2.6 GB/3.8 GB   18 MB/s    1m9s[K[?25h[?2026l[?2026h[?25l[A[1Gpulling manifest [K
pulling 518db88bbc10:  67% ▕████████████      ▏ 2.6 GB/3.8 GB   18 MB/s    1m9s[K[?25h[?2026l[?2026h[?25l[A[1Gpulling manifest [K
pulling 518db88bbc10:  67% ▕████████████      ▏ 2.6 GB/3.8 GB   18 MB/s    1m9s[K[?25h[?2026l[?2026h[?25l[A[1Gpulling manifest [K
pulling 518db88bbc10:  67% ▕████████████      ▏ 2.6 GB/3.8 GB   18 MB/s    1m9s[K[?25h[?2026l[?2026h[?25l[A[1Gpulling manifest [K
pulling 518db88bbc10:  67% ▕████████████      ▏ 2.6 GB/3.8 GB   18 MB/s    1m9s[K[?25h[?2026l[?2026h[?25l[A[1Gpulling manifest [K
pulling 518db88bbc10:  67% ▕████████████      ▏ 2.6 GB/3.8 GB   18 MB/s    1m9s[K[?25h[?2026l[?2026h[?25l[A[1Gpulling manifest [K
pulling 518db88bbc10:  67% ▕████████████      ▏ 2.6 GB/3.8 GB   18 MB/s    1m9s[K[?25h[?2026l[?2026h[?25l[A[1Gpulling manifest [K
pulling 518db88bbc10:  68% ▕████████████      ▏ 2.6 GB/3.8 GB   18 MB/s    1m9s[K[?25h[?2026l[?2026h[?25l[A[1Gpulling manifest [K
pulling 518db88bbc10:  68% ▕████████████      ▏ 2.6 GB/3.8 GB   18 MB/s    1m9s[K[?25h[?2026l[?2026h[?25l[A[1Gpulling manifest [K
pulling 518db88bbc10:  68% ▕████████████      ▏ 2.6 GB/3.8 GB   18 MB/s    1m9s[K[?25h[?2026l[?2026h[?25l[A[1Gpulling manifest [K
pulling 518db88bbc10:  68% ▕████████████      ▏ 2.6 GB/3.8 GB   18 MB/s    1m8s[K[?25h[?2026l[?2026h[?25l[A[1Gpulling manifest [K
pulling 518db88bbc10:  68% ▕████████████      ▏ 2.6 GB/3.8 GB   18 MB/s    1m8s[K[?25h[?2026l[?2026h[?25l[A[1Gpulling manifest [K
pulling 518db88bbc10:  68% ▕████████████      ▏ 2.6 GB/3.8 GB   18 MB/s    1m8s[K[?25h[?2026l[?2026h[?25l[A[1Gpulling manifest [K
pulling 518db88bbc10:  68% ▕████████████      ▏ 2.6 GB/3.8 GB   18 MB/s    1m8s[K[?25h[?2026l[?2026h[?25l[A[1Gpulling manifest [K
pulling 518db88bbc10:  68% ▕████████████      ▏ 2.6 GB/3.8 GB   18 MB/s    1m8s[K[?25h[?2026l[?2026h[?25l[A[1Gpulling manifest [K
pulling 518db88bbc10:  68% ▕████████████      ▏ 2.6 GB/3.8 GB   18 MB/s    1m8s[K[?25h[?2026l[?2026h[?25l[A[1Gpulling manifest [K
pulling 518db88bbc10:  68% ▕████████████      ▏ 2.6 GB/3.8 GB   17 MB/s    1m8s[K[?25h[?2026l[?2026h[?25l[A[1Gpulling manifest [K
pulling 518db88bbc10:  68% ▕████████████      ▏ 2.6 GB/3.8 GB   17 MB/s    1m8s[K[?25h[?2026l[?2026h[?25l[A[1Gpulling manifest [K
pulling 518db88bbc10:  68% ▕████████████      ▏ 2.6 GB/3.8 GB   17 MB/s    1m8s[K[?25h[?2026l[?2026h[?25l[A[1Gpulling manifest [K
pulling 518db88bbc10:  68% ▕████████████      ▏ 2.6 GB/3.8 GB   17 MB/s    1m8s[K[?25h[?2026l[?2026h[?25l[A[1Gpulling manifest [K
pulling 518db88bbc10:  68% ▕████████████      ▏ 2.6 GB/3.8 GB   17 MB/s    1m8s[K[?25h[?2026l[?2026h[?25l[A[1Gpulling manifest [K
pulling 518db88bbc10:  68% ▕████████████      ▏ 2.6 GB/3.8 GB   17 MB/s    1m8s[K[?25h[?2026l[?2026h[?25l[A[1Gpulling manifest [K
pulling 518db88bbc10:  68% ▕████████████      ▏ 2.6 GB/3.8 GB   17 MB/s    1m8s[K[?25h[?2026l[?2026h[?25l[A[1Gpulling manifest [K
pulling 518db88bbc10:  68% ▕████████████      ▏ 2.6 GB/3.8 GB   17 MB/s    1m8s[K[?25h[?2026l[?2026h[?25l[A[1Gpulling manifest [K
pulling 518db88bbc10:  68% ▕████████████      ▏ 2.6 GB/3.8 GB   17 MB/s    1m8s[K[?25h[?2026l[?2026h[?25l[A[1Gpulling manifest [K
pulling 518db88bbc10:  68% ▕████████████      ▏ 2.6 GB/3.8 GB   17 MB/s    1m8s[K[?25h[?2026l[?2026h[?25l[A[1Gpulling manifest [K
pulling 518db88bbc10:  68% ▕████████████      ▏ 2.6 GB/3.8 GB   17 MB/s    1m7s[K[?25h[?2026l[?2026h[?25l[A[1Gpulling manifest [K
pulling 518db88bbc10:  68% ▕████████████      ▏ 2.6 GB/3.8 GB   17 MB/s    1m7s[K[?25h[?2026l[?2026h[?25l[A[1Gpulling manifest [K
pulling 518db88bbc10:  68% ▕████████████      ▏ 2.6 GB/3.8 GB   17 MB/s    1m7s[K[?25h[?2026l[?2026h[?25l[A[1Gpulling manifest [K
pulling 518db88bbc10:  68% ▕████████████      ▏ 2.6 GB/3.8 GB   17 MB/s    1m7s[K[?25h[?2026l[?2026h[?25l[A[1Gpulling manifest [K
pulling 518db88bbc10:  69% ▕████████████      ▏ 2.6 GB/3.8 GB   17 MB/s    1m7s[K[?25h[?2026l[?2026h[?25l[A[1Gpulling manifest [K
pulling 518db88bbc10:  69% ▕████████████      ▏ 2.6 GB/3.8 GB   17 MB/s    1m7s[K[?25h[?2026l[?2026h[?25l[A[1Gpulling manifest [K
pulling 518db88bbc10:  69% ▕████████████      ▏ 2.6 GB/3.8 GB   17 MB/s    1m7s[K[?25h[?2026l[?2026h[?25l[A[1Gpulling manifest [K
pulling 518db88bbc10:  69% ▕████████████      ▏ 2.6 GB/3.8 GB   17 MB/s    1m6s[K[?25h[?2026l[?2026h[?25l[A[1Gpulling manifest [K
pulling 518db88bbc10:  69% ▕████████████      ▏ 2.6 GB/3.8 GB   17 MB/s    1m6s[K[?25h[?2026l[?2026h[?25l[A[1Gpulling manifest [K
pulling 518db88bbc10:  69% ▕████████████      ▏ 2.6 GB/3.8 GB   17 MB/s    1m6s[K[?25h[?2026l[?2026h[?25l[A[1Gpulling manifest [K
pulling 518db88bbc10:  69% ▕████████████      ▏ 2.6 GB/3.8 GB   17 MB/s    1m6s[K[?25h[?2026l[?2026h[?25l[A[1Gpulling manifest [K
pulling 518db88bbc10:  69% ▕████████████      ▏ 2.7 GB/3.8 GB   17 MB/s    1m6s[K[?25h[?2026l[?2026h[?25l[A[1Gpulling manifest [K
pulling 518db88bbc10:  69% ▕████████████      ▏ 2.7 GB/3.8 GB   17 MB/s    1m6s[K[?25h[?2026l[?2026h[?25l[A[1Gpulling manifest [K
pulling 518db88bbc10:  69% ▕████████████      ▏ 2.7 GB/3.8 GB   17 MB/s    1m6s[K[?25h[?2026l[?2026h[?25l[A[1Gpulling manifest [K
pulling 518db88bbc10:  69% ▕████████████      ▏ 2.7 GB/3.8 GB   17 MB/s    1m6s[K[?25h[?2026l[?2026h[?25l[A[1Gpulling manifest [K
pulling 518db88bbc10:  69% ▕████████████      ▏ 2.7 GB/3.8 GB   17 MB/s    1m5s[K[?25h[?2026l[?2026h[?25l[A[1Gpulling manifest [K
pulling 518db88bbc10:  69% ▕████████████      ▏ 2.7 GB/3.8 GB   17 MB/s    1m5s[K[?25h[?2026l[?2026h[?25l[A[1Gpulling manifest [K
pulling 518db88bbc10:  69% ▕████████████      ▏ 2.7 GB/3.8 GB   17 MB/s    1m5s[K[?25h[?2026l[?2026h[?25l[A[1Gpulling manifest [K
pulling 518db88bbc10:  69% ▕████████████      ▏ 2.7 GB/3.8 GB   17 MB/s    1m5s[K[?25h[?2026l[?2026h[?25l[A[1Gpulling manifest [K
pulling 518db88bbc10:  69% ▕████████████      ▏ 2.7 GB/3.8 GB   17 MB/s    1m5s[K[?25h[?2026l[?2026h[?25l[A[1Gpulling manifest [K
pulling 518db88bbc10:  69% ▕████████████      ▏ 2.7 GB/3.8 GB   17 MB/s    1m5s[K[?25h[?2026l[?2026h[?25l[A[1Gpulling manifest [K
pulling 518db88bbc10:  69% ▕████████████      ▏ 2.7 GB/3.8 GB   18 MB/s    1m3s[K[?25h[?2026l[?2026h[?25l[A[1Gpulling manifest [K
pulling 518db88bbc10:  70% ▕████████████      ▏ 2.7 GB/3.8 GB   18 MB/s    1m3s[K[?25h[?2026l[?2026h[?25l[A[1Gpulling manifest [K
pulling 518db88bbc10:  70% ▕████████████      ▏ 2.7 GB/3.8 GB   18 MB/s    1m3s[K[?25h[?2026l[?2026h[?25l[A[1Gpulling manifest [K
pulling 518db88bbc10:  70% ▕████████████      ▏ 2.7 GB/3.8 GB   18 MB/s    1m3s[K[?25h[?2026l[?2026h[?25l[A[1Gpulling manifest [K
pulling 518db88bbc10:  70% ▕████████████      ▏ 2.7 GB/3.8 GB   18 MB/s    1m3s[K[?25h[?2026l[?2026h[?25l[A[1Gpulling manifest [K
pulling 518db88bbc10:  70% ▕████████████      ▏ 2.7 GB/3.8 GB   18 MB/s    1m3s[K[?25h[?2026l[?2026h[?25l[A[1Gpulling manifest [K
pulling 518db88bbc10:  70% ▕████████████      ▏ 2.7 GB/3.8 GB   18 MB/s    1m3s[K[?25h[?2026l[?2026h[?25l[A[1Gpulling manifest [K
pulling 518db88bbc10:  70% ▕████████████      ▏ 2.7 GB/3.8 GB   18 MB/s    1m3s[K[?25h[?2026l[?2026h[?25l[A[1Gpulling manifest [K
pulling 518db88bbc10:  70% ▕████████████      ▏ 2.7 GB/3.8 GB   18 MB/s    1m3s[K[?25h[?2026l[?2026h[?25l[A[1Gpulling manifest [K
pulling 518db88bbc10:  70% ▕████████████      ▏ 2.7 GB/3.8 GB   18 MB/s    1m2s[K[?25h[?2026l[?2026h[?25l[A[1Gpulling manifest [K
pulling 518db88bbc10:  70% ▕████████████      ▏ 2.7 GB/3.8 GB   18 MB/s    1m1s[K[?25h[?2026l[?2026h[?25l[A[1Gpulling manifest [K
pulling 518db88bbc10:  70% ▕████████████      ▏ 2.7 GB/3.8 GB   18 MB/s    1m1s[K[?25h[?2026l[?2026h[?25l[A[1Gpulling manifest [K
pulling 518db88bbc10:  70% ▕████████████      ▏ 2.7 GB/3.8 GB   18 MB/s    1m1s[K[?25h[?2026l[?2026h[?25l[A[1Gpulling manifest [K
pulling 518db88bbc10:  70% ▕████████████      ▏ 2.7 GB/3.8 GB   18 MB/s    1m1s[K[?25h[?2026l[?2026h[?25l[A[1Gpulling manifest [K
pulling 518db88bbc10:  70% ▕████████████      ▏ 2.7 GB/3.8 GB   18 MB/s    1m1s[K[?25h[?2026l[?2026h[?25l[A[1Gpulling manifest [K
pulling 518db88bbc10:  70% ▕████████████      ▏ 2.7 GB/3.8 GB   18 MB/s    1m1s[K[?25h[?2026l[?2026h[?25l[A[1Gpulling manifest [K
pulling 518db88bbc10:  70% ▕████████████      ▏ 2.7 GB/3.8 GB   18 MB/s    1m1s[K[?25h[?2026l[?2026h[?25l[A[1Gpulling manifest [K
pulling 518db88bbc10:  70% ▕████████████      ▏ 2.7 GB/3.8 GB   18 MB/s    1m1s[K[?25h[?2026l[?2026h[?25l[A[1Gpulling manifest [K
pulling 518db88bbc10:  70% ▕████████████      ▏ 2.7 GB/3.8 GB   18 MB/s    1m0s[K[?25h[?2026l[?2026h[?25l[A[1Gpulling manifest [K
pulling 518db88bbc10:  71% ▕████████████      ▏ 2.7 GB/3.8 GB   18 MB/s    1m0s[K[?25h[?2026l[?2026h[?25l[A[1Gpulling manifest [K
pulling 518db88bbc10:  71% ▕████████████      ▏ 2.7 GB/3.8 GB   19 MB/s     58s[K[?25h[?2026l[?2026h[?25l[A[1Gpulling manifest [K
pulling 518db88bbc10:  71% ▕████████████      ▏ 2.7 GB/3.8 GB   19 MB/s     58s[K[?25h[?2026l[?2026h[?25l[A[1Gpulling manifest [K
pulling 518db88bbc10:  71% ▕████████████      ▏ 2.7 GB/3.8 GB   19 MB/s     58s[K[?25h[?2026l[?2026h[?25l[A[1Gpulling manifest [K
pulling 518db88bbc10:  71% ▕████████████      ▏ 2.7 GB/3.8 GB   19 MB/s     58s[K[?25h[?2026l[?2026h[?25l[A[1Gpulling manifest [K
pulling 518db88bbc10:  71% ▕████████████      ▏ 2.7 GB/3.8 GB   19 MB/s     58s[K[?25h[?2026l[?2026h[?25l[A[1Gpulling manifest [K
pulling 518db88bbc10:  71% ▕████████████      ▏ 2.7 GB/3.8 GB   19 MB/s     58s[K[?25h[?2026l[?2026h[?25l[A[1Gpulling manifest [K
pulling 518db88bbc10:  71% ▕████████████      ▏ 2.7 GB/3.8 GB   19 MB/s     58s[K[?25h[?2026l[?2026h[?25l[A[1Gpulling manifest [K
pulling 518db88bbc10:  71% ▕████████████      ▏ 2.7 GB/3.8 GB   19 MB/s     58s[K[?25h[?2026l[?2026h[?25l[A[1Gpulling manifest [K
pulling 518db88bbc10:  71% ▕████████████      ▏ 2.7 GB/3.8 GB   19 MB/s     58s[K[?25h[?2026l[?2026h[?25l[A[1Gpulling manifest [K
pulling 518db88bbc10:  71% ▕████████████      ▏ 2.7 GB/3.8 GB   19 MB/s     57s[K[?25h[?2026l[?2026h[?25l[A[1Gpulling manifest [K
pulling 518db88bbc10:  71% ▕████████████      ▏ 2.7 GB/3.8 GB   19 MB/s     57s[K[?25h[?2026l[?2026h[?25l[A[1Gpulling manifest [K
pulling 518db88bbc10:  71% ▕████████████      ▏ 2.7 GB/3.8 GB   19 MB/s     55s[K[?25h[?2026l[?2026h[?25l[A[1Gpulling manifest [K
pulling 518db88bbc10:  71% ▕████████████      ▏ 2.7 GB/3.8 GB   19 MB/s     55s[K[?25h[?2026l[?2026h[?25l[A[1Gpulling manifest [K
pulling 518db88bbc10:  71% ▕████████████      ▏ 2.7 GB/3.8 GB   19 MB/s     55s[K[?25h[?2026l[?2026h[?25l[A[1Gpulling manifest [K
pulling 518db88bbc10:  71% ▕████████████      ▏ 2.7 GB/3.8 GB   19 MB/s     55s[K[?25h[?2026l[?2026h[?25l[A[1Gpulling manifest [K
pulling 518db88bbc10:  71% ▕████████████      ▏ 2.7 GB/3.8 GB   19 MB/s     55s[K[?25h[?2026l[?2026h[?25l[A[1Gpulling manifest [K
pulling 518db88bbc10:  71% ▕████████████      ▏ 2.7 GB/3.8 GB   19 MB/s     55s[K[?25h[?2026l[?2026h[?25l[A[1Gpulling manifest [K
pulling 518db88bbc10:  71% ▕████████████      ▏ 2.7 GB/3.8 GB   19 MB/s     55s[K[?25h[?2026l[?2026h[?25l[A[1Gpulling manifest [K
pulling 518db88bbc10:  71% ▕████████████      ▏ 2.7 GB/3.8 GB   19 MB/s     55s[K[?25h[?2026l[?2026h[?25l[A[1Gpulling manifest [K
pulling 518db88bbc10:  71% ▕████████████      ▏ 2.7 GB/3.8 GB   19 MB/s     55s[K[?25h[?2026l[?2026h[?25l[A[1Gpulling manifest [K
pulling 518db88bbc10:  72% ▕████████████      ▏ 2.8 GB/3.8 GB   19 MB/s     54s[K[?25h[?2026l[?2026h[?25l[A[1Gpulling manifest [K
pulling 518db88bbc10:  72% ▕████████████      ▏ 2.8 GB/3.8 GB   19 MB/s     55s[K[?25h[?2026l[?2026h[?25l[A[1Gpulling manifest [K
pulling 518db88bbc10:  72% ▕████████████      ▏ 2.8 GB/3.8 GB   19 MB/s     55s[K[?25h[?2026l[?2026h[?25l[A[1Gpulling manifest [K
pulling 518db88bbc10:  72% ▕████████████      ▏ 2.8 GB/3.8 GB   19 MB/s     54s[K[?25h[?2026l[?2026h[?25l[A[1Gpulling manifest [K
pulling 518db88bbc10:  72% ▕████████████      ▏ 2.8 GB/3.8 GB   19 MB/s     54s[K[?25h[?2026l[?2026h[?25l[A[1Gpulling manifest [K
pulling 518db88bbc10:  72% ▕████████████      ▏ 2.8 GB/3.8 GB   19 MB/s     54s[K[?25h[?2026l[?2026h[?25l[A[1Gpulling manifest [K
pulling 518db88bbc10:  72% ▕████████████      ▏ 2.8 GB/3.8 GB   19 MB/s     54s[K[?25h[?2026l[?2026h[?25l[A[1Gpulling manifest [K
pulling 518db88bbc10:  72% ▕████████████      ▏ 2.8 GB/3.8 GB   19 MB/s     54s[K[?25h[?2026l[?2026h[?25l[A[1Gpulling manifest [K
pulling 518db88bbc10:  72% ▕████████████      ▏ 2.8 GB/3.8 GB   19 MB/s     54s[K[?25h[?2026l[?2026h[?25l[A[1Gpulling manifest [K
pulling 518db88bbc10:  72% ▕████████████      ▏ 2.8 GB/3.8 GB   19 MB/s     54s[K[?25h[?2026l[?2026h[?25l[A[1Gpulling manifest [K
pulling 518db88bbc10:  72% ▕████████████      ▏ 2.8 GB/3.8 GB   19 MB/s     54s[K[?25h[?2026l[?2026h[?25l[A[1Gpulling manifest [K
pulling 518db88bbc10:  72% ▕████████████      ▏ 2.8 GB/3.8 GB   20 MB/s     53s[K[?25h[?2026l[?2026h[?25l[A[1Gpulling manifest [K
pulling 518db88bbc10:  72% ▕████████████      ▏ 2.8 GB/3.8 GB   20 MB/s     53s[K[?25h[?2026l[?2026h[?25l[A[1Gpulling manifest [K
pulling 518db88bbc10:  72% ▕█████████████     ▏ 2.8 GB/3.8 GB   20 MB/s     53s[K[?25h[?2026l[?2026h[?25l[A[1Gpulling manifest [K
pulling 518db88bbc10:  72% ▕█████████████     ▏ 2.8 GB/3.8 GB   20 MB/s     53s[K[?25h[?2026l[?2026h[?25l[A[1Gpulling manifest [K
pulling 518db88bbc10:  72% ▕█████████████     ▏ 2.8 GB/3.8 GB   20 MB/s     52s[K[?25h[?2026l[?2026h[?25l[A[1Gpulling manifest [K
pulling 518db88bbc10:  72% ▕█████████████     ▏ 2.8 GB/3.8 GB   20 MB/s     52s[K[?25h[?2026l[?2026h[?25l[A[1Gpulling manifest [K
pulling 518db88bbc10:  72% ▕█████████████     ▏ 2.8 GB/3.8 GB   20 MB/s     52s[K[?25h[?2026l[?2026h[?25l[A[1Gpulling manifest [K
pulling 518db88bbc10:  73% ▕█████████████     ▏ 2.8 GB/3.8 GB   20 MB/s     52s[K[?25h[?2026l[?2026h[?25l[A[1Gpulling manifest [K
pulling 518db88bbc10:  73% ▕█████████████     ▏ 2.8 GB/3.8 GB   20 MB/s     52s[K[?25h[?2026l[?2026h[?25l[A[1Gpulling manifest [K
pulling 518db88bbc10:  73% ▕█████████████     ▏ 2.8 GB/3.8 GB   20 MB/s     52s[K[?25h[?2026l[?2026h[?25l[A[1Gpulling manifest [K
pulling 518db88bbc10:  73% ▕█████████████     ▏ 2.8 GB/3.8 GB   20 MB/s     51s[K[?25h[?2026l[?2026h[?25l[A[1Gpulling manifest [K
pulling 518db88bbc10:  73% ▕█████████████     ▏ 2.8 GB/3.8 GB   20 MB/s     51s[K[?25h[?2026l[?2026h[?25l[A[1Gpulling manifest [K
pulling 518db88bbc10:  73% ▕█████████████     ▏ 2.8 GB/3.8 GB   20 MB/s     51s[K[?25h[?2026l[?2026h[?25l[A[1Gpulling manifest [K
pulling 518db88bbc10:  73% ▕█████████████     ▏ 2.8 GB/3.8 GB   20 MB/s     51s[K[?25h[?2026l[?2026h[?25l[A[1Gpulling manifest [K
pulling 518db88bbc10:  73% ▕█████████████     ▏ 2.8 GB/3.8 GB   20 MB/s     51s[K[?25h[?2026l[?2026h[?25l[A[1Gpulling manifest [K
pulling 518db88bbc10:  73% ▕█████████████     ▏ 2.8 GB/3.8 GB   20 MB/s     51s[K[?25h[?2026l[?2026h[?25l[A[1Gpulling manifest [K
pulling 518db88bbc10:  73% ▕█████████████     ▏ 2.8 GB/3.8 GB   20 MB/s     51s[K[?25h[?2026l[?2026h[?25l[A[1Gpulling manifest [K
pulling 518db88bbc10:  73% ▕█████████████     ▏ 2.8 GB/3.8 GB   20 MB/s     50s[K[?25h[?2026l[?2026h[?25l[A[1Gpulling manifest [K
pulling 518db88bbc10:  73% ▕█████████████     ▏ 2.8 GB/3.8 GB   20 MB/s     50s[K[?25h[?2026l[?2026h[?25l[A[1Gpulling manifest [K
pulling 518db88bbc10:  73% ▕█████████████     ▏ 2.8 GB/3.8 GB   20 MB/s     50s[K[?25h[?2026l[?2026h[?25l[A[1Gpulling manifest [K
pulling 518db88bbc10:  73% ▕█████████████     ▏ 2.8 GB/3.8 GB   20 MB/s     50s[K[?25h[?2026l[?2026h[?25l[A[1Gpulling manifest [K
pulling 518db88bbc10:  73% ▕█████████████     ▏ 2.8 GB/3.8 GB   20 MB/s     50s[K[?25h[?2026l[?2026h[?25l[A[1Gpulling manifest [K
pulling 518db88bbc10:  73% ▕█████████████     ▏ 2.8 GB/3.8 GB   20 MB/s     50s[K[?25h[?2026l[?2026h[?25l[A[1Gpulling manifest [K
pulling 518db88bbc10:  73% ▕█████████████     ▏ 2.8 GB/3.8 GB   20 MB/s     50s[K[?25h[?2026l[?2026h[?25l[A[1Gpulling manifest [K
pulling 518db88bbc10:  73% ▕█████████████     ▏ 2.8 GB/3.8 GB   20 MB/s     50s[K[?25h[?2026l[?2026h[?25l[A[1Gpulling manifest [K
pulling 518db88bbc10:  73% ▕█████████████     ▏ 2.8 GB/3.8 GB   20 MB/s     50s[K[?25h[?2026l[?2026h[?25l[A[1Gpulling manifest [K
pulling 518db88bbc10:  73% ▕█████████████     ▏ 2.8 GB/3.8 GB   20 MB/s     50s[K[?25h[?2026l[?2026h[?25l[A[1Gpulling manifest [K
pulling 518db88bbc10:  74% ▕█████████████     ▏ 2.8 GB/3.8 GB   20 MB/s     50s[K[?25h[?2026l[?2026h[?25l[A[1Gpulling manifest [K
pulling 518db88bbc10:  74% ▕█████████████     ▏ 2.8 GB/3.8 GB   20 MB/s     49s[K[?25h[?2026l[?2026h[?25l[A[1Gpulling manifest [K
pulling 518db88bbc10:  74% ▕█████████████     ▏ 2.8 GB/3.8 GB   20 MB/s     49s[K[?25h[?2026l[?2026h[?25l[A[1Gpulling manifest [K
pulling 518db88bbc10:  74% ▕█████████████     ▏ 2.8 GB/3.8 GB   20 MB/s     49s[K[?25h[?2026l[?2026h[?25l[A[1Gpulling manifest [K
pulling 518db88bbc10:  74% ▕█████████████     ▏ 2.8 GB/3.8 GB   20 MB/s     49s[K[?25h[?2026l[?2026h[?25l[A[1Gpulling manifest [K
pulling 518db88bbc10:  74% ▕█████████████     ▏ 2.8 GB/3.8 GB   20 MB/s     49s[K[?25h[?2026l[?2026h[?25l[A[1Gpulling manifest [K
pulling 518db88bbc10:  74% ▕█████████████     ▏ 2.8 GB/3.8 GB   20 MB/s     49s[K[?25h[?2026l[?2026h[?25l[A[1Gpulling manifest [K
pulling 518db88bbc10:  74% ▕█████████████     ▏ 2.8 GB/3.8 GB   20 MB/s     49s[K[?25h[?2026l[?2026h[?25l[A[1Gpulling manifest [K
pulling 518db88bbc10:  74% ▕█████████████     ▏ 2.8 GB/3.8 GB   20 MB/s     48s[K[?25h[?2026l[?2026h[?25l[A[1Gpulling manifest [K
pulling 518db88bbc10:  74% ▕█████████████     ▏ 2.8 GB/3.8 GB   20 MB/s     48s[K[?25h[?2026l[?2026h[?25l[A[1Gpulling manifest [K
pulling 518db88bbc10:  74% ▕█████████████     ▏ 2.8 GB/3.8 GB   20 MB/s     48s[K[?25h[?2026l[?2026h[?25l[A[1Gpulling manifest [K
pulling 518db88bbc10:  74% ▕█████████████     ▏ 2.9 GB/3.8 GB   20 MB/s     48s[K[?25h[?2026l[?2026h[?25l[A[1Gpulling manifest [K
pulling 518db88bbc10:  74% ▕█████████████     ▏ 2.9 GB/3.8 GB   20 MB/s     48s[K[?25h[?2026l[?2026h[?25l[A[1Gpulling manifest [K
pulling 518db88bbc10:  74% ▕█████████████     ▏ 2.9 GB/3.8 GB   20 MB/s     48s[K[?25h[?2026l[?2026h[?25l[A[1Gpulling manifest [K
pulling 518db88bbc10:  74% ▕█████████████     ▏ 2.9 GB/3.8 GB   20 MB/s     48s[K[?25h[?2026l[?2026h[?25l[A[1Gpulling manifest [K
pulling 518db88bbc10:  74% ▕█████████████     ▏ 2.9 GB/3.8 GB   20 MB/s     48s[K[?25h[?2026l[?2026h[?25l[A[1Gpulling manifest [K
pulling 518db88bbc10:  74% ▕█████████████     ▏ 2.9 GB/3.8 GB   20 MB/s     47s[K[?25h[?2026l[?2026h[?25l[A[1Gpulling manifest [K
pulling 518db88bbc10:  74% ▕█████████████     ▏ 2.9 GB/3.8 GB   20 MB/s     47s[K[?25h[?2026l[?2026h[?25l[A[1Gpulling manifest [K
pulling 518db88bbc10:  74% ▕█████████████     ▏ 2.9 GB/3.8 GB   20 MB/s     47s[K[?25h[?2026l[?2026h[?25l[A[1Gpulling manifest [K
pulling 518db88bbc10:  75% ▕█████████████     ▏ 2.9 GB/3.8 GB   20 MB/s     47s[K[?25h[?2026l[?2026h[?25l[A[1Gpulling manifest [K
pulling 518db88bbc10:  75% ▕█████████████     ▏ 2.9 GB/3.8 GB   20 MB/s     47s[K[?25h[?2026l[?2026h[?25l[A[1Gpulling manifest [K
pulling 518db88bbc10:  75% ▕█████████████     ▏ 2.9 GB/3.8 GB   20 MB/s     47s[K[?25h[?2026l[?2026h[?25l[A[1Gpulling manifest [K
pulling 518db88bbc10:  75% ▕█████████████     ▏ 2.9 GB/3.8 GB   20 MB/s     47s[K[?25h[?2026l[?2026h[?25l[A[1Gpulling manifest [K
pulling 518db88bbc10:  75% ▕█████████████     ▏ 2.9 GB/3.8 GB   20 MB/s     47s[K[?25h[?2026l[?2026h[?25l[A[1Gpulling manifest [K
pulling 518db88bbc10:  75% ▕█████████████     ▏ 2.9 GB/3.8 GB   20 MB/s     47s[K[?25h[?2026l[?2026h[?25l[A[1Gpulling manifest [K
pulling 518db88bbc10:  75% ▕█████████████     ▏ 2.9 GB/3.8 GB   20 MB/s     46s[K[?25h[?2026l[?2026h[?25l[A[1Gpulling manifest [K
pulling 518db88bbc10:  75% ▕█████████████     ▏ 2.9 GB/3.8 GB   20 MB/s     46s[K[?25h[?2026l[?2026h[?25l[A[1Gpulling manifest [K
pulling 518db88bbc10:  75% ▕█████████████     ▏ 2.9 GB/3.8 GB   20 MB/s     46s[K[?25h[?2026l[?2026h[?25l[A[1Gpulling manifest [K
pulling 518db88bbc10:  75% ▕█████████████     ▏ 2.9 GB/3.8 GB   20 MB/s     46s[K[?25h[?2026l[?2026h[?25l[A[1Gpulling manifest [K
pulling 518db88bbc10:  75% ▕█████████████     ▏ 2.9 GB/3.8 GB   20 MB/s     46s[K[?25h[?2026l[?2026h[?25l[A[1Gpulling manifest [K
pulling 518db88bbc10:  75% ▕█████████████     ▏ 2.9 GB/3.8 GB   20 MB/s     46s[K[?25h[?2026l[?2026h[?25l[A[1Gpulling manifest [K
pulling 518db88bbc10:  75% ▕█████████████     ▏ 2.9 GB/3.8 GB   20 MB/s     46s[K[?25h[?2026l[?2026h[?25l[A[1Gpulling manifest [K
pulling 518db88bbc10:  75% ▕█████████████     ▏ 2.9 GB/3.8 GB   20 MB/s     46s[K[?25h[?2026l[?2026h[?25l[A[1Gpulling manifest [K
pulling 518db88bbc10:  75% ▕█████████████     ▏ 2.9 GB/3.8 GB   20 MB/s     46s[K[?25h[?2026l[?2026h[?25l[A[1Gpulling manifest [K
pulling 518db88bbc10:  75% ▕█████████████     ▏ 2.9 GB/3.8 GB   20 MB/s     46s[K[?25h[?2026l[?2026h[?25l[A[1Gpulling manifest [K
pulling 518db88bbc10:  75% ▕█████████████     ▏ 2.9 GB/3.8 GB   20 MB/s     46s[K[?25h[?2026l[?2026h[?25l[A[1Gpulling manifest [K
pulling 518db88bbc10:  75% ▕█████████████     ▏ 2.9 GB/3.8 GB   20 MB/s     46s[K[?25h[?2026l[?2026h[?25l[A[1Gpulling manifest [K
pulling 518db88bbc10:  76% ▕█████████████     ▏ 2.9 GB/3.8 GB   20 MB/s     46s[K[?25h[?2026l[?2026h[?25l[A[1Gpulling manifest [K
pulling 518db88bbc10:  76% ▕█████████████     ▏ 2.9 GB/3.8 GB   20 MB/s     45s[K[?25h[?2026l[?2026h[?25l[A[1Gpulling manifest [K
pulling 518db88bbc10:  76% ▕█████████████     ▏ 2.9 GB/3.8 GB   20 MB/s     45s[K[?25h[?2026l[?2026h[?25l[A[1Gpulling manifest [K
pulling 518db88bbc10:  76% ▕█████████████     ▏ 2.9 GB/3.8 GB   20 MB/s     45s[K[?25h[?2026l[?2026h[?25l[A[1Gpulling manifest [K
pulling 518db88bbc10:  76% ▕█████████████     ▏ 2.9 GB/3.8 GB   20 MB/s     45s[K[?25h[?2026l[?2026h[?25l[A[1Gpulling manifest [K
pulling 518db88bbc10:  76% ▕█████████████     ▏ 2.9 GB/3.8 GB   20 MB/s     45s[K[?25h[?2026l[?2026h[?25l[A[1Gpulling manifest [K
pulling 518db88bbc10:  76% ▕█████████████     ▏ 2.9 GB/3.8 GB   20 MB/s     45s[K[?25h[?2026l[?2026h[?25l[A[1Gpulling manifest [K
pulling 518db88bbc10:  76% ▕█████████████     ▏ 2.9 GB/3.8 GB   20 MB/s     45s[K[?25h[?2026l[?2026h[?25l[A[1Gpulling manifest [K
pulling 518db88bbc10:  76% ▕█████████████     ▏ 2.9 GB/3.8 GB   20 MB/s     45s[K[?25h[?2026l[?2026h[?25l[A[1Gpulling manifest [K
pulling 518db88bbc10:  76% ▕█████████████     ▏ 2.9 GB/3.8 GB   20 MB/s     45s[K[?25h[?2026l[?2026h[?25l[A[1Gpulling manifest [K
pulling 518db88bbc10:  76% ▕█████████████     ▏ 2.9 GB/3.8 GB   20 MB/s     45s[K[?25h[?2026l[?2026h[?25l[A[1Gpulling manifest [K
pulling 518db88bbc10:  76% ▕█████████████     ▏ 2.9 GB/3.8 GB   20 MB/s     45s[K[?25h[?2026l[?2026h[?25l[A[1Gpulling manifest [K
pulling 518db88bbc10:  76% ▕█████████████     ▏ 2.9 GB/3.8 GB   20 MB/s     45s[K[?25h[?2026l[?2026h[?25l[A[1Gpulling manifest [K
pulling 518db88bbc10:  76% ▕█████████████     ▏ 2.9 GB/3.8 GB   20 MB/s     44s[K[?25h[?2026l[?2026h[?25l[A[1Gpulling manifest [K
pulling 518db88bbc10:  76% ▕█████████████     ▏ 2.9 GB/3.8 GB   20 MB/s     44s[K[?25h[?2026l[?2026h[?25l[A[1Gpulling manifest [K
pulling 518db88bbc10:  76% ▕█████████████     ▏ 2.9 GB/3.8 GB   20 MB/s     44s[K[?25h[?2026l[?2026h[?25l[A[1Gpulling manifest [K
pulling 518db88bbc10:  76% ▕█████████████     ▏ 2.9 GB/3.8 GB   20 MB/s     44s[K[?25h[?2026l[?2026h[?25l[A[1Gpulling manifest [K
pulling 518db88bbc10:  76% ▕█████████████     ▏ 2.9 GB/3.8 GB   20 MB/s     44s[K[?25h[?2026l[?2026h[?25l[A[1Gpulling manifest [K
pulling 518db88bbc10:  76% ▕█████████████     ▏ 2.9 GB/3.8 GB   20 MB/s     44s[K[?25h[?2026l[?2026h[?25l[A[1Gpulling manifest [K
pulling 518db88bbc10:  76% ▕█████████████     ▏ 2.9 GB/3.8 GB   20 MB/s     44s[K[?25h[?2026l[?2026h[?25l[A[1Gpulling manifest [K
pulling 518db88bbc10:  76% ▕█████████████     ▏ 2.9 GB/3.8 GB   20 MB/s     44s[K[?25h[?2026l[?2026h[?25l[A[1Gpulling manifest [K
pulling 518db88bbc10:  77% ▕█████████████     ▏ 2.9 GB/3.8 GB   20 MB/s     44s[K[?25h[?2026l[?2026h[?25l[A[1Gpulling manifest [K
pulling 518db88bbc10:  77% ▕█████████████     ▏ 2.9 GB/3.8 GB   20 MB/s     44s[K[?25h[?2026l[?2026h[?25l[A[1Gpulling manifest [K
pulling 518db88bbc10:  77% ▕█████████████     ▏ 2.9 GB/3.8 GB   20 MB/s     44s[K[?25h[?2026l[?2026h[?25l[A[1Gpulling manifest [K
pulling 518db88bbc10:  77% ▕█████████████     ▏ 2.9 GB/3.8 GB   20 MB/s     44s[K[?25h[?2026l[?2026h[?25l[A[1Gpulling manifest [K
pulling 518db88bbc10:  77% ▕█████████████     ▏ 2.9 GB/3.8 GB   20 MB/s     44s[K[?25h[?2026l[?2026h[?25l[A[1Gpulling manifest [K
pulling 518db88bbc10:  77% ▕█████████████     ▏ 2.9 GB/3.8 GB   20 MB/s     44s[K[?25h[?2026l[?2026h[?25l[A[1Gpulling manifest [K
pulling 518db88bbc10:  77% ▕█████████████     ▏ 2.9 GB/3.8 GB   20 MB/s     44s[K[?25h[?2026l[?2026h[?25l[A[1Gpulling manifest [K
pulling 518db88bbc10:  77% ▕█████████████     ▏ 2.9 GB/3.8 GB   19 MB/s     46s[K[?25h[?2026l[?2026h[?25l[A[1Gpulling manifest [K
pulling 518db88bbc10:  77% ▕█████████████     ▏ 2.9 GB/3.8 GB   19 MB/s     46s[K[?25h[?2026l[?2026h[?25l[A[1Gpulling manifest [K
pulling 518db88bbc10:  77% ▕█████████████     ▏ 3.0 GB/3.8 GB   19 MB/s     46s[K[?25h[?2026l[?2026h[?25l[A[1Gpulling manifest [K
pulling 518db88bbc10:  77% ▕█████████████     ▏ 3.0 GB/3.8 GB   19 MB/s     46s[K[?25h[?2026l[?2026h[?25l[A[1Gpulling manifest [K
pulling 518db88bbc10:  77% ▕█████████████     ▏ 3.0 GB/3.8 GB   19 MB/s     46s[K[?25h[?2026l[?2026h[?25l[A[1Gpulling manifest [K
pulling 518db88bbc10:  77% ▕█████████████     ▏ 3.0 GB/3.8 GB   19 MB/s     46s[K[?25h[?2026l[?2026h[?25l[A[1Gpulling manifest [K
pulling 518db88bbc10:  77% ▕█████████████     ▏ 3.0 GB/3.8 GB   19 MB/s     46s[K[?25h[?2026l[?2026h[?25l[A[1Gpulling manifest [K
pulling 518db88bbc10:  77% ▕█████████████     ▏ 3.0 GB/3.8 GB   19 MB/s     46s[K[?25h[?2026l[?2026h[?25l[A[1Gpulling manifest [K
pulling 518db88bbc10:  77% ▕█████████████     ▏ 3.0 GB/3.8 GB   19 MB/s     46s[K[?25h[?2026l[?2026h[?25l[A[1Gpulling manifest [K
pulling 518db88bbc10:  77% ▕█████████████     ▏ 3.0 GB/3.8 GB   19 MB/s     46s[K[?25h[?2026l[?2026h[?25l[A[1Gpulling manifest [K
pulling 518db88bbc10:  77% ▕█████████████     ▏ 3.0 GB/3.8 GB   18 MB/s     48s[K[?25h[?2026l[?2026h[?25l[A[1Gpulling manifest [K
pulling 518db88bbc10:  77% ▕█████████████     ▏ 3.0 GB/3.8 GB   18 MB/s     48s[K[?25h[?2026l[?2026h[?25l[A[1Gpulling manifest [K
pulling 518db88bbc10:  77% ▕█████████████     ▏ 3.0 GB/3.8 GB   18 MB/s     48s[K[?25h[?2026l[?2026h[?25l[A[1Gpulling manifest [K
pulling 518db88bbc10:  77% ▕█████████████     ▏ 3.0 GB/3.8 GB   18 MB/s     47s[K[?25h[?2026l[?2026h[?25l[A[1Gpulling manifest [K
pulling 518db88bbc10:  77% ▕█████████████     ▏ 3.0 GB/3.8 GB   18 MB/s     47s[K[?25h[?2026l[?2026h[?25l[A[1Gpulling manifest [K
pulling 518db88bbc10:  77% ▕█████████████     ▏ 3.0 GB/3.8 GB   18 MB/s     47s[K[?25h[?2026l[?2026h[?25l[A[1Gpulling manifest [K
pulling 518db88bbc10:  77% ▕█████████████     ▏ 3.0 GB/3.8 GB   18 MB/s     47s[K[?25h[?2026l[?2026h[?25l[A[1Gpulling manifest [K
pulling 518db88bbc10:  77% ▕█████████████     ▏ 3.0 GB/3.8 GB   18 MB/s     47s[K[?25h[?2026l[?2026h[?25l[A[1Gpulling manifest [K
pulling 518db88bbc10:  77% ▕█████████████     ▏ 3.0 GB/3.8 GB   18 MB/s     47s[K[?25h[?2026l[?2026h[?25l[A[1Gpulling manifest [K
pulling 518db88bbc10:  77% ▕█████████████     ▏ 3.0 GB/3.8 GB   18 MB/s     47s[K[?25h[?2026l[?2026h[?25l[A[1Gpulling manifest [K
pulling 518db88bbc10:  77% ▕█████████████     ▏ 3.0 GB/3.8 GB   17 MB/s     49s[K[?25h[?2026l[?2026h[?25l[A[1Gpulling manifest [K
pulling 518db88bbc10:  77% ▕█████████████     ▏ 3.0 GB/3.8 GB   17 MB/s     49s[K[?25h[?2026l[?2026h[?25l[A[1Gpulling manifest [K
pulling 518db88bbc10:  77% ▕█████████████     ▏ 3.0 GB/3.8 GB   17 MB/s     49s[K[?25h[?2026l[?2026h[?25l[A[1Gpulling manifest [K
pulling 518db88bbc10:  77% ▕█████████████     ▏ 3.0 GB/3.8 GB   17 MB/s     49s[K[?25h[?2026l[?2026h[?25l[A[1Gpulling manifest [K
pulling 518db88bbc10:  77% ▕█████████████     ▏ 3.0 GB/3.8 GB   17 MB/s     49s[K[?25h[?2026l[?2026h[?25l[A[1Gpulling manifest [K
pulling 518db88bbc10:  77% ▕█████████████     ▏ 3.0 GB/3.8 GB   17 MB/s     48s[K[?25h[?2026l[?2026h[?25l[A[1Gpulling manifest [K
pulling 518db88bbc10:  78% ▕█████████████     ▏ 3.0 GB/3.8 GB   17 MB/s     48s[K[?25h[?2026l[?2026h[?25l[A[1Gpulling manifest [K
pulling 518db88bbc10:  78% ▕█████████████     ▏ 3.0 GB/3.8 GB   17 MB/s     48s[K[?25h[?2026l[?2026h[?25l[A[1Gpulling manifest [K
pulling 518db88bbc10:  78% ▕█████████████     ▏ 3.0 GB/3.8 GB   17 MB/s     48s[K[?25h[?2026l[?2026h[?25l[A[1Gpulling manifest [K
pulling 518db88bbc10:  78% ▕█████████████     ▏ 3.0 GB/3.8 GB   17 MB/s     48s[K[?25h[?2026l[?2026h[?25l[A[1Gpulling manifest [K
pulling 518db88bbc10:  78% ▕█████████████     ▏ 3.0 GB/3.8 GB   16 MB/s     51s[K[?25h[?2026l[?2026h[?25l[A[1Gpulling manifest [K
pulling 518db88bbc10:  78% ▕█████████████     ▏ 3.0 GB/3.8 GB   16 MB/s     51s[K[?25h[?2026l[?2026h[?25l[A[1Gpulling manifest [K
pulling 518db88bbc10:  78% ▕█████████████     ▏ 3.0 GB/3.8 GB   16 MB/s     51s[K[?25h[?2026l[?2026h[?25l[A[1Gpulling manifest [K
pulling 518db88bbc10:  78% ▕█████████████     ▏ 3.0 GB/3.8 GB   16 MB/s     51s[K[?25h[?2026l[?2026h[?25l[A[1Gpulling manifest [K
pulling 518db88bbc10:  78% ▕█████████████     ▏ 3.0 GB/3.8 GB   16 MB/s     51s[K[?25h[?2026l[?2026h[?25l[A[1Gpulling manifest [K
pulling 518db88bbc10:  78% ▕█████████████     ▏ 3.0 GB/3.8 GB   16 MB/s     51s[K[?25h[?2026l[?2026h[?25l[A[1Gpulling manifest [K
pulling 518db88bbc10:  78% ▕█████████████     ▏ 3.0 GB/3.8 GB   16 MB/s     51s[K[?25h[?2026l[?2026h[?25l[A[1Gpulling manifest [K
pulling 518db88bbc10:  78% ▕█████████████     ▏ 3.0 GB/3.8 GB   16 MB/s     51s[K[?25h[?2026l[?2026h[?25l[A[1Gpulling manifest [K
pulling 518db88bbc10:  78% ▕██████████████    ▏ 3.0 GB/3.8 GB   16 MB/s     51s[K[?25h[?2026l[?2026h[?25l[A[1Gpulling manifest [K
pulling 518db88bbc10:  78% ▕██████████████    ▏ 3.0 GB/3.8 GB   16 MB/s     51s[K[?25h[?2026l[?2026h[?25l[A[1Gpulling manifest [K
pulling 518db88bbc10:  78% ▕██████████████    ▏ 3.0 GB/3.8 GB   16 MB/s     51s[K[?25h[?2026l[?2026h[?25l[A[1Gpulling manifest [K
pulling 518db88bbc10:  78% ▕██████████████    ▏ 3.0 GB/3.8 GB   15 MB/s     55s[K[?25h[?2026l[?2026h[?25l[A[1Gpulling manifest [K
pulling 518db88bbc10:  78% ▕██████████████    ▏ 3.0 GB/3.8 GB   15 MB/s     54s[K[?25h[?2026l[?2026h[?25l[A[1Gpulling manifest [K
pulling 518db88bbc10:  78% ▕██████████████    ▏ 3.0 GB/3.8 GB   15 MB/s     54s[K[?25h[?2026l[?2026h[?25l[A[1Gpulling manifest [K
pulling 518db88bbc10:  78% ▕██████████████    ▏ 3.0 GB/3.8 GB   15 MB/s     54s[K[?25h[?2026l[?2026h[?25l[A[1Gpulling manifest [K
pulling 518db88bbc10:  78% ▕██████████████    ▏ 3.0 GB/3.8 GB   15 MB/s     54s[K[?25h[?2026l[?2026h[?25l[A[1Gpulling manifest [K
pulling 518db88bbc10:  78% ▕██████████████    ▏ 3.0 GB/3.8 GB   15 MB/s     54s[K[?25h[?2026l[?2026h[?25l[A[1Gpulling manifest [K
pulling 518db88bbc10:  78% ▕██████████████    ▏ 3.0 GB/3.8 GB   15 MB/s     54s[K[?25h[?2026l[?2026h[?25l[A[1Gpulling manifest [K
pulling 518db88bbc10:  78% ▕██████████████    ▏ 3.0 GB/3.8 GB   15 MB/s     54s[K[?25h[?2026l[?2026h[?25l[A[1Gpulling manifest [K
pulling 518db88bbc10:  78% ▕██████████████    ▏ 3.0 GB/3.8 GB   15 MB/s     54s[K[?25h[?2026l[?2026h[?25l[A[1Gpulling manifest [K
pulling 518db88bbc10:  78% ▕██████████████    ▏ 3.0 GB/3.8 GB   15 MB/s     54s[K[?25h[?2026l[?2026h[?25l[A[1Gpulling manifest [K
pulling 518db88bbc10:  78% ▕██████████████    ▏ 3.0 GB/3.8 GB   14 MB/s     57s[K[?25h[?2026l[?2026h[?25l[A[1Gpulling manifest [K
pulling 518db88bbc10:  78% ▕██████████████    ▏ 3.0 GB/3.8 GB   14 MB/s     57s[K[?25h[?2026l[?2026h[?25l[A[1Gpulling manifest [K
pulling 518db88bbc10:  78% ▕██████████████    ▏ 3.0 GB/3.8 GB   14 MB/s     56s[K[?25h[?2026l[?2026h[?25l[A[1Gpulling manifest [K
pulling 518db88bbc10:  78% ▕██████████████    ▏ 3.0 GB/3.8 GB   14 MB/s     56s[K[?25h[?2026l[?2026h[?25l[A[1Gpulling manifest [K
pulling 518db88bbc10:  78% ▕██████████████    ▏ 3.0 GB/3.8 GB   14 MB/s     56s[K[?25h[?2026l[?2026h[?25l[A[1Gpulling manifest [K
pulling 518db88bbc10:  78% ▕██████████████    ▏ 3.0 GB/3.8 GB   14 MB/s     56s[K[?25h[?2026l[?2026h[?25l[A[1Gpulling manifest [K
pulling 518db88bbc10:  79% ▕██████████████    ▏ 3.0 GB/3.8 GB   14 MB/s     56s[K[?25h[?2026l[?2026h[?25l[A[1Gpulling manifest [K
pulling 518db88bbc10:  79% ▕██████████████    ▏ 3.0 GB/3.8 GB   14 MB/s     56s[K[?25h[?2026l[?2026h[?25l[A[1Gpulling manifest [K
pulling 518db88bbc10:  79% ▕██████████████    ▏ 3.0 GB/3.8 GB   14 MB/s     56s[K[?25h[?2026l[?2026h[?25l[A[1Gpulling manifest [K
pulling 518db88bbc10:  79% ▕██████████████    ▏ 3.0 GB/3.8 GB   14 MB/s     56s[K[?25h[?2026l[?2026h[?25l[A[1Gpulling manifest [K
pulling 518db88bbc10:  79% ▕██████████████    ▏ 3.0 GB/3.8 GB   14 MB/s     57s[K[?25h[?2026l[?2026h[?25l[A[1Gpulling manifest [K
pulling 518db88bbc10:  79% ▕██████████████    ▏ 3.0 GB/3.8 GB   14 MB/s     57s[K[?25h[?2026l[?2026h[?25l[A[1Gpulling manifest [K
pulling 518db88bbc10:  79% ▕██████████████    ▏ 3.0 GB/3.8 GB   14 MB/s     57s[K[?25h[?2026l[?2026h[?25l[A[1Gpulling manifest [K
pulling 518db88bbc10:  79% ▕██████████████    ▏ 3.0 GB/3.8 GB   14 MB/s     57s[K[?25h[?2026l[?2026h[?25l[A[1Gpulling manifest [K
pulling 518db88bbc10:  79% ▕██████████████    ▏ 3.0 GB/3.8 GB   14 MB/s     56s[K[?25h[?2026l[?2026h[?25l[A[1Gpulling manifest [K
pulling 518db88bbc10:  79% ▕██████████████    ▏ 3.0 GB/3.8 GB   14 MB/s     56s[K[?25h[?2026l[?2026h[?25l[A[1Gpulling manifest [K
pulling 518db88bbc10:  79% ▕██████████████    ▏ 3.0 GB/3.8 GB   14 MB/s     56s[K[?25h[?2026l[?2026h[?25l[A[1Gpulling manifest [K
pulling 518db88bbc10:  79% ▕██████████████    ▏ 3.0 GB/3.8 GB   14 MB/s     56s[K[?25h[?2026l[?2026h[?25l[A[1Gpulling manifest [K
pulling 518db88bbc10:  79% ▕██████████████    ▏ 3.0 GB/3.8 GB   14 MB/s     56s[K[?25h[?2026l[?2026h[?25l[A[1Gpulling manifest [K
pulling 518db88bbc10:  79% ▕██████████████    ▏ 3.0 GB/3.8 GB   14 MB/s     56s[K[?25h[?2026l[?2026h[?25l[A[1Gpulling manifest [K
pulling 518db88bbc10:  79% ▕██████████████    ▏ 3.0 GB/3.8 GB   14 MB/s     56s[K[?25h[?2026l[?2026h[?25l[A[1Gpulling manifest [K
pulling 518db88bbc10:  79% ▕██████████████    ▏ 3.0 GB/3.8 GB   14 MB/s     56s[K[?25h[?2026l[?2026h[?25l[A[1Gpulling manifest [K
pulling 518db88bbc10:  79% ▕██████████████    ▏ 3.0 GB/3.8 GB   14 MB/s     56s[K[?25h[?2026l[?2026h[?25l[A[1Gpulling manifest [K
pulling 518db88bbc10:  79% ▕██████████████    ▏ 3.1 GB/3.8 GB   14 MB/s     56s[K[?25h[?2026l[?2026h[?25l[A[1Gpulling manifest [K
pulling 518db88bbc10:  79% ▕██████████████    ▏ 3.1 GB/3.8 GB   14 MB/s     55s[K[?25h[?2026l[?2026h[?25l[A[1Gpulling manifest [K
pulling 518db88bbc10:  79% ▕██████████████    ▏ 3.1 GB/3.8 GB   14 MB/s     55s[K[?25h[?2026l[?2026h[?25l[A[1Gpulling manifest [K
pulling 518db88bbc10:  80% ▕██████████████    ▏ 3.1 GB/3.8 GB   14 MB/s     55s[K[?25h[?2026l[?2026h[?25l[A[1Gpulling manifest [K
pulling 518db88bbc10:  80% ▕██████████████    ▏ 3.1 GB/3.8 GB   14 MB/s     55s[K[?25h[?2026l[?2026h[?25l[A[1Gpulling manifest [K
pulling 518db88bbc10:  80% ▕██████████████    ▏ 3.1 GB/3.8 GB   14 MB/s     55s[K[?25h[?2026l[?2026h[?25l[A[1Gpulling manifest [K
pulling 518db88bbc10:  80% ▕██████████████    ▏ 3.1 GB/3.8 GB   14 MB/s     55s[K[?25h[?2026l[?2026h[?25l[A[1Gpulling manifest [K
pulling 518db88bbc10:  80% ▕██████████████    ▏ 3.1 GB/3.8 GB   14 MB/s     53s[K[?25h[?2026l[?2026h[?25l[A[1Gpulling manifest [K
pulling 518db88bbc10:  80% ▕██████████████    ▏ 3.1 GB/3.8 GB   14 MB/s     53s[K[?25h[?2026l[?2026h[?25l[A[1Gpulling manifest [K
pulling 518db88bbc10:  80% ▕██████████████    ▏ 3.1 GB/3.8 GB   14 MB/s     53s[K[?25h[?2026l[?2026h[?25l[A[1Gpulling manifest [K
pulling 518db88bbc10:  80% ▕██████████████    ▏ 3.1 GB/3.8 GB   14 MB/s     53s[K[?25h[?2026l[?2026h[?25l[A[1Gpulling manifest [K
pulling 518db88bbc10:  80% ▕██████████████    ▏ 3.1 GB/3.8 GB   14 MB/s     52s[K[?25h[?2026l[?2026h[?25l[A[1Gpulling manifest [K
pulling 518db88bbc10:  80% ▕██████████████    ▏ 3.1 GB/3.8 GB   14 MB/s     52s[K[?25h[?2026l[?2026h[?25l[A[1Gpulling manifest [K
pulling 518db88bbc10:  80% ▕██████████████    ▏ 3.1 GB/3.8 GB   14 MB/s     52s[K[?25h[?2026l[?2026h[?25l[A[1Gpulling manifest [K
pulling 518db88bbc10:  80% ▕██████████████    ▏ 3.1 GB/3.8 GB   14 MB/s     52s[K[?25h[?2026l[?2026h[?25l[A[1Gpulling manifest [K
pulling 518db88bbc10:  80% ▕██████████████    ▏ 3.1 GB/3.8 GB   14 MB/s     52s[K[?25h[?2026l[?2026h[?25l[A[1Gpulling manifest [K
pulling 518db88bbc10:  80% ▕██████████████    ▏ 3.1 GB/3.8 GB   14 MB/s     52s[K[?25h[?2026l[?2026h[?25l[A[1Gpulling manifest [K
pulling 518db88bbc10:  80% ▕██████████████    ▏ 3.1 GB/3.8 GB   14 MB/s     52s[K[?25h[?2026l[?2026h[?25l[A[1Gpulling manifest [K
pulling 518db88bbc10:  80% ▕██████████████    ▏ 3.1 GB/3.8 GB   15 MB/s     48s[K[?25h[?2026l[?2026h[?25l[A[1Gpulling manifest [K
pulling 518db88bbc10:  80% ▕██████████████    ▏ 3.1 GB/3.8 GB   15 MB/s     48s[K[?25h[?2026l[?2026h[?25l[A[1Gpulling manifest [K
pulling 518db88bbc10:  80% ▕██████████████    ▏ 3.1 GB/3.8 GB   15 MB/s     47s[K[?25h[?2026l[?2026h[?25l[A[1Gpulling manifest [K
pulling 518db88bbc10:  80% ▕██████████████    ▏ 3.1 GB/3.8 GB   15 MB/s     47s[K[?25h[?2026l[?2026h[?25l[A[1Gpulling manifest [K
pulling 518db88bbc10:  81% ▕██████████████    ▏ 3.1 GB/3.8 GB   15 MB/s     47s[K[?25h[?2026l[?2026h[?25l[A[1Gpulling manifest [K
pulling 518db88bbc10:  81% ▕██████████████    ▏ 3.1 GB/3.8 GB   15 MB/s     47s[K[?25h[?2026l[?2026h[?25l[A[1Gpulling manifest [K
pulling 518db88bbc10:  81% ▕██████████████    ▏ 3.1 GB/3.8 GB   15 MB/s     47s[K[?25h[?2026l[?2026h[?25l[A[1Gpulling manifest [K
pulling 518db88bbc10:  81% ▕██████████████    ▏ 3.1 GB/3.8 GB   15 MB/s     47s[K[?25h[?2026l[?2026h[?25l[A[1Gpulling manifest [K
pulling 518db88bbc10:  81% ▕██████████████    ▏ 3.1 GB/3.8 GB   15 MB/s     47s[K[?25h[?2026l[?2026h[?25l[A[1Gpulling manifest [K
pulling 518db88bbc10:  81% ▕██████████████    ▏ 3.1 GB/3.8 GB   15 MB/s     47s[K[?25h[?2026l[?2026h[?25l[A[1Gpulling manifest [K
pulling 518db88bbc10:  81% ▕██████████████    ▏ 3.1 GB/3.8 GB   16 MB/s     45s[K[?25h[?2026l[?2026h[?25l[A[1Gpulling manifest [K
pulling 518db88bbc10:  81% ▕██████████████    ▏ 3.1 GB/3.8 GB   16 MB/s     45s[K[?25h[?2026l[?2026h[?25l[A[1Gpulling manifest [K
pulling 518db88bbc10:  81% ▕██████████████    ▏ 3.1 GB/3.8 GB   16 MB/s     45s[K[?25h[?2026l[?2026h[?25l[A[1Gpulling manifest [K
pulling 518db88bbc10:  81% ▕██████████████    ▏ 3.1 GB/3.8 GB   16 MB/s     45s[K[?25h[?2026l[?2026h[?25l[A[1Gpulling manifest [K
pulling 518db88bbc10:  81% ▕██████████████    ▏ 3.1 GB/3.8 GB   16 MB/s     45s[K[?25h[?2026l[?2026h[?25l[A[1Gpulling manifest [K
pulling 518db88bbc10:  81% ▕██████████████    ▏ 3.1 GB/3.8 GB   16 MB/s     45s[K[?25h[?2026l[?2026h[?25l[A[1Gpulling manifest [K
pulling 518db88bbc10:  81% ▕██████████████    ▏ 3.1 GB/3.8 GB   16 MB/s     45s[K[?25h[?2026l[?2026h[?25l[A[1Gpulling manifest [K
pulling 518db88bbc10:  81% ▕██████████████    ▏ 3.1 GB/3.8 GB   16 MB/s     45s[K[?25h[?2026l[?2026h[?25l[A[1Gpulling manifest [K
pulling 518db88bbc10:  81% ▕██████████████    ▏ 3.1 GB/3.8 GB   16 MB/s     44s[K[?25h[?2026l[?2026h[?25l[A[1Gpulling manifest [K
pulling 518db88bbc10:  81% ▕██████████████    ▏ 3.1 GB/3.8 GB   16 MB/s     44s[K[?25h[?2026l[?2026h[?25l[A[1Gpulling manifest [K
pulling 518db88bbc10:  81% ▕██████████████    ▏ 3.1 GB/3.8 GB   16 MB/s     43s[K[?25h[?2026l[?2026h[?25l[A[1Gpulling manifest [K
pulling 518db88bbc10:  81% ▕██████████████    ▏ 3.1 GB/3.8 GB   16 MB/s     43s[K[?25h[?2026l[?2026h[?25l[A[1Gpulling manifest [K
pulling 518db88bbc10:  81% ▕██████████████    ▏ 3.1 GB/3.8 GB   16 MB/s     43s[K[?25h[?2026l[?2026h[?25l[A[1Gpulling manifest [K
pulling 518db88bbc10:  81% ▕██████████████    ▏ 3.1 GB/3.8 GB   16 MB/s     43s[K[?25h[?2026l[?2026h[?25l[A[1Gpulling manifest [K
pulling 518db88bbc10:  81% ▕██████████████    ▏ 3.1 GB/3.8 GB   16 MB/s     42s[K[?25h[?2026l[?2026h[?25l[A[1Gpulling manifest [K
pulling 518db88bbc10:  81% ▕██████████████    ▏ 3.1 GB/3.8 GB   16 MB/s     42s[K[?25h[?2026l[?2026h[?25l[A[1Gpulling manifest [K
pulling 518db88bbc10:  81% ▕██████████████    ▏ 3.1 GB/3.8 GB   16 MB/s     42s[K[?25h[?2026l[?2026h[?25l[A[1Gpulling manifest [K
pulling 518db88bbc10:  82% ▕██████████████    ▏ 3.1 GB/3.8 GB   16 MB/s     42s[K[?25h[?2026l[?2026h[?25l[A[1Gpulling manifest [K
pulling 518db88bbc10:  82% ▕██████████████    ▏ 3.1 GB/3.8 GB   16 MB/s     42s[K[?25h[?2026l[?2026h[?25l[A[1Gpulling manifest [K
pulling 518db88bbc10:  82% ▕██████████████    ▏ 3.1 GB/3.8 GB   16 MB/s     42s[K[?25h[?2026l[?2026h[?25l[A[1Gpulling manifest [K
pulling 518db88bbc10:  82% ▕██████████████    ▏ 3.1 GB/3.8 GB   17 MB/s     40s[K[?25h[?2026l[?2026h[?25l[A[1Gpulling manifest [K
pulling 518db88bbc10:  82% ▕██████████████    ▏ 3.1 GB/3.8 GB   17 MB/s     39s[K[?25h[?2026l[?2026h[?25l[A[1Gpulling manifest [K
pulling 518db88bbc10:  82% ▕██████████████    ▏ 3.1 GB/3.8 GB   17 MB/s     39s[K[?25h[?2026l[?2026h[?25l[A[1Gpulling manifest [K
pulling 518db88bbc10:  82% ▕██████████████    ▏ 3.1 GB/3.8 GB   17 MB/s     39s[K[?25h[?2026l[?2026h[?25l[A[1Gpulling manifest [K
pulling 518db88bbc10:  82% ▕██████████████    ▏ 3.1 GB/3.8 GB   17 MB/s     39s[K[?25h[?2026l[?2026h[?25l[A[1Gpulling manifest [K
pulling 518db88bbc10:  82% ▕██████████████    ▏ 3.2 GB/3.8 GB   17 MB/s     39s[K[?25h[?2026l[?2026h[?25l[A[1Gpulling manifest [K
pulling 518db88bbc10:  82% ▕██████████████    ▏ 3.2 GB/3.8 GB   17 MB/s     39s[K[?25h[?2026l[?2026h[?25l[A[1Gpulling manifest [K
pulling 518db88bbc10:  82% ▕██████████████    ▏ 3.2 GB/3.8 GB   17 MB/s     39s[K[?25h[?2026l[?2026h[?25l[A[1Gpulling manifest [K
pulling 518db88bbc10:  82% ▕██████████████    ▏ 3.2 GB/3.8 GB   17 MB/s     39s[K[?25h[?2026l[?2026h[?25l[A[1Gpulling manifest [K
pulling 518db88bbc10:  82% ▕██████████████    ▏ 3.2 GB/3.8 GB   17 MB/s     39s[K[?25h[?2026l[?2026h[?25l[A[1Gpulling manifest [K
pulling 518db88bbc10:  82% ▕██████████████    ▏ 3.2 GB/3.8 GB   18 MB/s     37s[K[?25h[?2026l[?2026h[?25l[A[1Gpulling manifest [K
pulling 518db88bbc10:  82% ▕██████████████    ▏ 3.2 GB/3.8 GB   18 MB/s     37s[K[?25h[?2026l[?2026h[?25l[A[1Gpulling manifest [K
pulling 518db88bbc10:  82% ▕██████████████    ▏ 3.2 GB/3.8 GB   18 MB/s     36s[K[?25h[?2026l[?2026h[?25l[A[1Gpulling manifest [K
pulling 518db88bbc10:  82% ▕██████████████    ▏ 3.2 GB/3.8 GB   18 MB/s     36s[K[?25h[?2026l[?2026h[?25l[A[1Gpulling manifest [K
pulling 518db88bbc10:  82% ▕██████████████    ▏ 3.2 GB/3.8 GB   18 MB/s     36s[K[?25h[?2026l[?2026h[?25l[A[1Gpulling manifest [K
pulling 518db88bbc10:  82% ▕██████████████    ▏ 3.2 GB/3.8 GB   18 MB/s     36s[K[?25h[?2026l[?2026h[?25l[A[1Gpulling manifest [K
pulling 518db88bbc10:  82% ▕██████████████    ▏ 3.2 GB/3.8 GB   18 MB/s     36s[K[?25h[?2026l[?2026h[?25l[A[1Gpulling manifest [K
pulling 518db88bbc10:  83% ▕██████████████    ▏ 3.2 GB/3.8 GB   18 MB/s     36s[K[?25h[?2026l[?2026h[?25l[A[1Gpulling manifest [K
pulling 518db88bbc10:  83% ▕██████████████    ▏ 3.2 GB/3.8 GB   18 MB/s     36s[K[?25h[?2026l[?2026h[?25l[A[1Gpulling manifest [K
pulling 518db88bbc10:  83% ▕██████████████    ▏ 3.2 GB/3.8 GB   18 MB/s     36s[K[?25h[?2026l[?2026h[?25l[A[1Gpulling manifest [K
pulling 518db88bbc10:  83% ▕██████████████    ▏ 3.2 GB/3.8 GB   18 MB/s     36s[K[?25h[?2026l[?2026h[?25l[A[1Gpulling manifest [K
pulling 518db88bbc10:  83% ▕██████████████    ▏ 3.2 GB/3.8 GB   19 MB/s     34s[K[?25h[?2026l[?2026h[?25l[A[1Gpulling manifest [K
pulling 518db88bbc10:  83% ▕██████████████    ▏ 3.2 GB/3.8 GB   19 MB/s     34s[K[?25h[?2026l[?2026h[?25l[A[1Gpulling manifest [K
pulling 518db88bbc10:  83% ▕██████████████    ▏ 3.2 GB/3.8 GB   19 MB/s     34s[K[?25h[?2026l[?2026h[?25l[A[1Gpulling manifest [K
pulling 518db88bbc10:  83% ▕██████████████    ▏ 3.2 GB/3.8 GB   19 MB/s     34s[K[?25h[?2026l[?2026h[?25l[A[1Gpulling manifest [K
pulling 518db88bbc10:  83% ▕██████████████    ▏ 3.2 GB/3.8 GB   19 MB/s     34s[K[?25h[?2026l[?2026h[?25l[A[1Gpulling manifest [K
pulling 518db88bbc10:  83% ▕██████████████    ▏ 3.2 GB/3.8 GB   19 MB/s     34s[K[?25h[?2026l[?2026h[?25l[A[1Gpulling manifest [K
pulling 518db88bbc10:  83% ▕██████████████    ▏ 3.2 GB/3.8 GB   19 MB/s     33s[K[?25h[?2026l[?2026h[?25l[A[1Gpulling manifest [K
pulling 518db88bbc10:  83% ▕██████████████    ▏ 3.2 GB/3.8 GB   19 MB/s     33s[K[?25h[?2026l[?2026h[?25l[A[1Gpulling manifest [K
pulling 518db88bbc10:  83% ▕██████████████    ▏ 3.2 GB/3.8 GB   19 MB/s     33s[K[?25h[?2026l[?2026h[?25l[A[1Gpulling manifest [K
pulling 518db88bbc10:  83% ▕██████████████    ▏ 3.2 GB/3.8 GB   19 MB/s     33s[K[?25h[?2026l[?2026h[?25l[A[1Gpulling manifest [K
pulling 518db88bbc10:  83% ▕██████████████    ▏ 3.2 GB/3.8 GB   19 MB/s     33s[K[?25h[?2026l[?2026h[?25l[A[1Gpulling manifest [K
pulling 518db88bbc10:  83% ▕███████████████   ▏ 3.2 GB/3.8 GB   19 MB/s     32s[K[?25h[?2026l[?2026h[?25l[A[1Gpulling manifest [K
pulling 518db88bbc10:  83% ▕███████████████   ▏ 3.2 GB/3.8 GB   19 MB/s     32s[K[?25h[?2026l[?2026h[?25l[A[1Gpulling manifest [K
pulling 518db88bbc10:  83% ▕███████████████   ▏ 3.2 GB/3.8 GB   19 MB/s     32s[K[?25h[?2026l[?2026h[?25l[A[1Gpulling manifest [K
pulling 518db88bbc10:  83% ▕███████████████   ▏ 3.2 GB/3.8 GB   19 MB/s     32s[K[?25h[?2026l[?2026h[?25l[A[1Gpulling manifest [K
pulling 518db88bbc10:  84% ▕███████████████   ▏ 3.2 GB/3.8 GB   19 MB/s     32s[K[?25h[?2026l[?2026h[?25l[A[1Gpulling manifest [K
pulling 518db88bbc10:  84% ▕███████████████   ▏ 3.2 GB/3.8 GB   19 MB/s     32s[K[?25h[?2026l[?2026h[?25l[A[1Gpulling manifest [K
pulling 518db88bbc10:  84% ▕███████████████   ▏ 3.2 GB/3.8 GB   19 MB/s     32s[K[?25h[?2026l[?2026h[?25l[A[1Gpulling manifest [K
pulling 518db88bbc10:  84% ▕███████████████   ▏ 3.2 GB/3.8 GB   19 MB/s     32s[K[?25h[?2026l[?2026h[?25l[A[1Gpulling manifest [K
pulling 518db88bbc10:  84% ▕███████████████   ▏ 3.2 GB/3.8 GB   19 MB/s     32s[K[?25h[?2026l[?2026h[?25l[A[1Gpulling manifest [K
pulling 518db88bbc10:  84% ▕███████████████   ▏ 3.2 GB/3.8 GB   19 MB/s     31s[K[?25h[?2026l[?2026h[?25l[A[1Gpulling manifest [K
pulling 518db88bbc10:  84% ▕███████████████   ▏ 3.2 GB/3.8 GB   19 MB/s     31s[K[?25h[?2026l[?2026h[?25l[A[1Gpulling manifest [K
pulling 518db88bbc10:  84% ▕███████████████   ▏ 3.2 GB/3.8 GB   19 MB/s     31s[K[?25h[?2026l[?2026h[?25l[A[1Gpulling manifest [K
pulling 518db88bbc10:  84% ▕███████████████   ▏ 3.2 GB/3.8 GB   19 MB/s     31s[K[?25h[?2026l[?2026h[?25l[A[1Gpulling manifest [K
pulling 518db88bbc10:  84% ▕███████████████   ▏ 3.2 GB/3.8 GB   19 MB/s     31s[K[?25h[?2026l[?2026h[?25l[A[1Gpulling manifest [K
pulling 518db88bbc10:  84% ▕███████████████   ▏ 3.2 GB/3.8 GB   19 MB/s     31s[K[?25h[?2026l[?2026h[?25l[A[1Gpulling manifest [K
pulling 518db88bbc10:  84% ▕███████████████   ▏ 3.2 GB/3.8 GB   19 MB/s     31s[K[?25h[?2026l[?2026h[?25l[A[1Gpulling manifest [K
pulling 518db88bbc10:  84% ▕███████████████   ▏ 3.2 GB/3.8 GB   19 MB/s     31s[K[?25h[?2026l[?2026h[?25l[A[1Gpulling manifest [K
pulling 518db88bbc10:  84% ▕███████████████   ▏ 3.2 GB/3.8 GB   19 MB/s     30s[K[?25h[?2026l[?2026h[?25l[A[1Gpulling manifest [K
pulling 518db88bbc10:  84% ▕███████████████   ▏ 3.2 GB/3.8 GB   19 MB/s     30s[K[?25h[?2026l[?2026h[?25l[A[1Gpulling manifest [K
pulling 518db88bbc10:  84% ▕███████████████   ▏ 3.2 GB/3.8 GB   19 MB/s     30s[K[?25h[?2026l[?2026h[?25l[A[1Gpulling manifest [K
pulling 518db88bbc10:  84% ▕███████████████   ▏ 3.2 GB/3.8 GB   19 MB/s     30s[K[?25h[?2026l[?2026h[?25l[A[1Gpulling manifest [K
pulling 518db88bbc10:  84% ▕███████████████   ▏ 3.2 GB/3.8 GB   19 MB/s     30s[K[?25h[?2026l[?2026h[?25l[A[1Gpulling manifest [K
pulling 518db88bbc10:  85% ▕███████████████   ▏ 3.3 GB/3.8 GB   19 MB/s     30s[K[?25h[?2026l[?2026h[?25l[A[1Gpulling manifest [K
pulling 518db88bbc10:  85% ▕███████████████   ▏ 3.3 GB/3.8 GB   19 MB/s     30s[K[?25h[?2026l[?2026h[?25l[A[1Gpulling manifest [K
pulling 518db88bbc10:  85% ▕███████████████   ▏ 3.3 GB/3.8 GB   19 MB/s     29s[K[?25h[?2026l[?2026h[?25l[A[1Gpulling manifest [K
pulling 518db88bbc10:  85% ▕███████████████   ▏ 3.3 GB/3.8 GB   19 MB/s     29s[K[?25h[?2026l[?2026h[?25l[A[1Gpulling manifest [K
pulling 518db88bbc10:  85% ▕███████████████   ▏ 3.3 GB/3.8 GB   19 MB/s     29s[K[?25h[?2026l[?2026h[?25l[A[1Gpulling manifest [K
pulling 518db88bbc10:  85% ▕███████████████   ▏ 3.3 GB/3.8 GB   19 MB/s     29s[K[?25h[?2026l[?2026h[?25l[A[1Gpulling manifest [K
pulling 518db88bbc10:  85% ▕███████████████   ▏ 3.3 GB/3.8 GB   19 MB/s     29s[K[?25h[?2026l[?2026h[?25l[A[1Gpulling manifest [K
pulling 518db88bbc10:  85% ▕███████████████   ▏ 3.3 GB/3.8 GB   19 MB/s     29s[K[?25h[?2026l[?2026h[?25l[A[1Gpulling manifest [K
pulling 518db88bbc10:  85% ▕███████████████   ▏ 3.3 GB/3.8 GB   19 MB/s     29s[K[?25h[?2026l[?2026h[?25l[A[1Gpulling manifest [K
pulling 518db88bbc10:  85% ▕███████████████   ▏ 3.3 GB/3.8 GB   19 MB/s     29s[K[?25h[?2026l[?2026h[?25l[A[1Gpulling manifest [K
pulling 518db88bbc10:  85% ▕███████████████   ▏ 3.3 GB/3.8 GB   19 MB/s     29s[K[?25h[?2026l[?2026h[?25l[A[1Gpulling manifest [K
pulling 518db88bbc10:  85% ▕███████████████   ▏ 3.3 GB/3.8 GB   19 MB/s     29s[K[?25h[?2026l[?2026h[?25l[A[1Gpulling manifest [K
pulling 518db88bbc10:  85% ▕███████████████   ▏ 3.3 GB/3.8 GB   19 MB/s     28s[K[?25h[?2026l[?2026h[?25l[A[1Gpulling manifest [K
pulling 518db88bbc10:  85% ▕███████████████   ▏ 3.3 GB/3.8 GB   19 MB/s     28s[K[?25h[?2026l[?2026h[?25l[A[1Gpulling manifest [K
pulling 518db88bbc10:  85% ▕███████████████   ▏ 3.3 GB/3.8 GB   19 MB/s     28s[K[?25h[?2026l[?2026h[?25l[A[1Gpulling manifest [K
pulling 518db88bbc10:  85% ▕███████████████   ▏ 3.3 GB/3.8 GB   19 MB/s     28s[K[?25h[?2026l[?2026h[?25l[A[1Gpulling manifest [K
pulling 518db88bbc10:  85% ▕███████████████   ▏ 3.3 GB/3.8 GB   19 MB/s     28s[K[?25h[?2026l[?2026h[?25l[A[1Gpulling manifest [K
pulling 518db88bbc10:  85% ▕███████████████   ▏ 3.3 GB/3.8 GB   19 MB/s     28s[K[?25h[?2026l[?2026h[?25l[A[1Gpulling manifest [K
pulling 518db88bbc10:  85% ▕███████████████   ▏ 3.3 GB/3.8 GB   20 MB/s     27s[K[?25h[?2026l[?2026h[?25l[A[1Gpulling manifest [K
pulling 518db88bbc10:  86% ▕███████████████   ▏ 3.3 GB/3.8 GB   20 MB/s     27s[K[?25h[?2026l[?2026h[?25l[A[1Gpulling manifest [K
pulling 518db88bbc10:  86% ▕███████████████   ▏ 3.3 GB/3.8 GB   20 MB/s     27s[K[?25h[?2026l[?2026h[?25l[A[1Gpulling manifest [K
pulling 518db88bbc10:  86% ▕███████████████   ▏ 3.3 GB/3.8 GB   20 MB/s     27s[K[?25h[?2026l[?2026h[?25l[A[1Gpulling manifest [K
pulling 518db88bbc10:  86% ▕███████████████   ▏ 3.3 GB/3.8 GB   20 MB/s     27s[K[?25h[?2026l[?2026h[?25l[A[1Gpulling manifest [K
pulling 518db88bbc10:  86% ▕███████████████   ▏ 3.3 GB/3.8 GB   20 MB/s     27s[K[?25h[?2026l[?2026h[?25l[A[1Gpulling manifest [K
pulling 518db88bbc10:  86% ▕███████████████   ▏ 3.3 GB/3.8 GB   20 MB/s     27s[K[?25h[?2026l[?2026h[?25l[A[1Gpulling manifest [K
pulling 518db88bbc10:  86% ▕███████████████   ▏ 3.3 GB/3.8 GB   20 MB/s     27s[K[?25h[?2026l[?2026h[?25l[A[1Gpulling manifest [K
pulling 518db88bbc10:  86% ▕███████████████   ▏ 3.3 GB/3.8 GB   20 MB/s     27s[K[?25h[?2026l[?2026h[?25l[A[1Gpulling manifest [K
pulling 518db88bbc10:  86% ▕███████████████   ▏ 3.3 GB/3.8 GB   20 MB/s     27s[K[?25h[?2026l[?2026h[?25l[A[1Gpulling manifest [K
pulling 518db88bbc10:  86% ▕███████████████   ▏ 3.3 GB/3.8 GB   19 MB/s     27s[K[?25h[?2026l[?2026h[?25l[A[1Gpulling manifest [K
pulling 518db88bbc10:  86% ▕███████████████   ▏ 3.3 GB/3.8 GB   19 MB/s     27s[K[?25h[?2026l[?2026h[?25l[A[1Gpulling manifest [K
pulling 518db88bbc10:  86% ▕███████████████   ▏ 3.3 GB/3.8 GB   19 MB/s     27s[K[?25h[?2026l[?2026h[?25l[A[1Gpulling manifest [K
pulling 518db88bbc10:  86% ▕███████████████   ▏ 3.3 GB/3.8 GB   19 MB/s     26s[K[?25h[?2026l[?2026h[?25l[A[1Gpulling manifest [K
pulling 518db88bbc10:  86% ▕███████████████   ▏ 3.3 GB/3.8 GB   19 MB/s     26s[K[?25h[?2026l[?2026h[?25l[A[1Gpulling manifest [K
pulling 518db88bbc10:  86% ▕███████████████   ▏ 3.3 GB/3.8 GB   19 MB/s     26s[K[?25h[?2026l[?2026h[?25l[A[1Gpulling manifest [K
pulling 518db88bbc10:  86% ▕███████████████   ▏ 3.3 GB/3.8 GB   19 MB/s     26s[K[?25h[?2026l[?2026h[?25l[A[1Gpulling manifest [K
pulling 518db88bbc10:  86% ▕███████████████   ▏ 3.3 GB/3.8 GB   19 MB/s     26s[K[?25h[?2026l[?2026h[?25l[A[1Gpulling manifest [K
pulling 518db88bbc10:  86% ▕███████████████   ▏ 3.3 GB/3.8 GB   19 MB/s     26s[K[?25h[?2026l[?2026h[?25l[A[1Gpulling manifest [K
pulling 518db88bbc10:  86% ▕███████████████   ▏ 3.3 GB/3.8 GB   19 MB/s     26s[K[?25h[?2026l[?2026h[?25l[A[1Gpulling manifest [K
pulling 518db88bbc10:  86% ▕███████████████   ▏ 3.3 GB/3.8 GB   20 MB/s     25s[K[?25h[?2026l[?2026h[?25l[A[1Gpulling manifest [K
pulling 518db88bbc10:  86% ▕███████████████   ▏ 3.3 GB/3.8 GB   20 MB/s     25s[K[?25h[?2026l[?2026h[?25l[A[1Gpulling manifest [K
pulling 518db88bbc10:  87% ▕███████████████   ▏ 3.3 GB/3.8 GB   20 MB/s     25s[K[?25h[?2026l[?2026h[?25l[A[1Gpulling manifest [K
pulling 518db88bbc10:  87% ▕███████████████   ▏ 3.3 GB/3.8 GB   20 MB/s     25s[K[?25h[?2026l[?2026h[?25l[A[1Gpulling manifest [K
pulling 518db88bbc10:  87% ▕███████████████   ▏ 3.3 GB/3.8 GB   20 MB/s     25s[K[?25h[?2026l[?2026h[?25l[A[1Gpulling manifest [K
pulling 518db88bbc10:  87% ▕███████████████   ▏ 3.3 GB/3.8 GB   20 MB/s     25s[K[?25h[?2026l[?2026h[?25l[A[1Gpulling manifest [K
pulling 518db88bbc10:  87% ▕███████████████   ▏ 3.3 GB/3.8 GB   20 MB/s     25s[K[?25h[?2026l[?2026h[?25l[A[1Gpulling manifest [K
pulling 518db88bbc10:  87% ▕███████████████   ▏ 3.3 GB/3.8 GB   20 MB/s     25s[K[?25h[?2026l[?2026h[?25l[A[1Gpulling manifest [K
pulling 518db88bbc10:  87% ▕███████████████   ▏ 3.3 GB/3.8 GB   20 MB/s     25s[K[?25h[?2026l[?2026h[?25l[A[1Gpulling manifest [K
pulling 518db88bbc10:  87% ▕███████████████   ▏ 3.3 GB/3.8 GB   20 MB/s     25s[K[?25h[?2026l[?2026h[?25l[A[1Gpulling manifest [K
pulling 518db88bbc10:  87% ▕███████████████   ▏ 3.3 GB/3.8 GB   20 MB/s     24s[K[?25h[?2026l[?2026h[?25l[A[1Gpulling manifest [K
pulling 518db88bbc10:  87% ▕███████████████   ▏ 3.3 GB/3.8 GB   20 MB/s     24s[K[?25h[?2026l[?2026h[?25l[A[1Gpulling manifest [K
pulling 518db88bbc10:  87% ▕███████████████   ▏ 3.3 GB/3.8 GB   20 MB/s     24s[K[?25h[?2026l[?2026h[?25l[A[1Gpulling manifest [K
pulling 518db88bbc10:  87% ▕███████████████   ▏ 3.3 GB/3.8 GB   20 MB/s     24s[K[?25h[?2026l[?2026h[?25l[A[1Gpulling manifest [K
pulling 518db88bbc10:  87% ▕███████████████   ▏ 3.4 GB/3.8 GB   20 MB/s     24s[K[?25h[?2026l[?2026h[?25l[A[1Gpulling manifest [K
pulling 518db88bbc10:  87% ▕███████████████   ▏ 3.4 GB/3.8 GB   20 MB/s     24s[K[?25h[?2026l[?2026h[?25l[A[1Gpulling manifest [K
pulling 518db88bbc10:  87% ▕███████████████   ▏ 3.4 GB/3.8 GB   20 MB/s     24s[K[?25h[?2026l[?2026h[?25l[A[1Gpulling manifest [K
pulling 518db88bbc10:  87% ▕███████████████   ▏ 3.4 GB/3.8 GB   20 MB/s     24s[K[?25h[?2026l[?2026h[?25l[A[1Gpulling manifest [K
pulling 518db88bbc10:  87% ▕███████████████   ▏ 3.4 GB/3.8 GB   20 MB/s     24s[K[?25h[?2026l[?2026h[?25l[A[1Gpulling manifest [K
pulling 518db88bbc10:  87% ▕███████████████   ▏ 3.4 GB/3.8 GB   20 MB/s     23s[K[?25h[?2026l[?2026h[?25l[A[1Gpulling manifest [K
pulling 518db88bbc10:  87% ▕███████████████   ▏ 3.4 GB/3.8 GB   20 MB/s     23s[K[?25h[?2026l[?2026h[?25l[A[1Gpulling manifest [K
pulling 518db88bbc10:  87% ▕███████████████   ▏ 3.4 GB/3.8 GB   20 MB/s     23s[K[?25h[?2026l[?2026h[?25l[A[1Gpulling manifest [K
pulling 518db88bbc10:  88% ▕███████████████   ▏ 3.4 GB/3.8 GB   20 MB/s     23s[K[?25h[?2026l[?2026h[?25l[A[1Gpulling manifest [K
pulling 518db88bbc10:  88% ▕███████████████   ▏ 3.4 GB/3.8 GB   20 MB/s     23s[K[?25h[?2026l[?2026h[?25l[A[1Gpulling manifest [K
pulling 518db88bbc10:  88% ▕███████████████   ▏ 3.4 GB/3.8 GB   20 MB/s     23s[K[?25h[?2026l[?2026h[?25l[A[1Gpulling manifest [K
pulling 518db88bbc10:  88% ▕███████████████   ▏ 3.4 GB/3.8 GB   20 MB/s     23s[K[?25h[?2026l[?2026h[?25l[A[1Gpulling manifest [K
pulling 518db88bbc10:  88% ▕███████████████   ▏ 3.4 GB/3.8 GB   20 MB/s     23s[K[?25h[?2026l[?2026h[?25l[A[1Gpulling manifest [K
pulling 518db88bbc10:  88% ▕███████████████   ▏ 3.4 GB/3.8 GB   20 MB/s     23s[K[?25h[?2026l[?2026h[?25l[A[1Gpulling manifest [K
pulling 518db88bbc10:  88% ▕███████████████   ▏ 3.4 GB/3.8 GB   20 MB/s     22s[K[?25h[?2026l[?2026h[?25l[A[1Gpulling manifest [K
pulling 518db88bbc10:  88% ▕███████████████   ▏ 3.4 GB/3.8 GB   20 MB/s     22s[K[?25h[?2026l[?2026h[?25l[A[1Gpulling manifest [K
pulling 518db88bbc10:  88% ▕███████████████   ▏ 3.4 GB/3.8 GB   20 MB/s     22s[K[?25h[?2026l[?2026h[?25l[A[1Gpulling manifest [K
pulling 518db88bbc10:  88% ▕███████████████   ▏ 3.4 GB/3.8 GB   20 MB/s     22s[K[?25h[?2026l[?2026h[?25l[A[1Gpulling manifest [K
pulling 518db88bbc10:  88% ▕███████████████   ▏ 3.4 GB/3.8 GB   20 MB/s     22s[K[?25h[?2026l[?2026h[?25l[A[1Gpulling manifest [K
pulling 518db88bbc10:  88% ▕███████████████   ▏ 3.4 GB/3.8 GB   20 MB/s     22s[K[?25h[?2026l[?2026h[?25l[A[1Gpulling manifest [K
pulling 518db88bbc10:  88% ▕███████████████   ▏ 3.4 GB/3.8 GB   20 MB/s     22s[K[?25h[?2026l[?2026h[?25l[A[1Gpulling manifest [K
pulling 518db88bbc10:  88% ▕███████████████   ▏ 3.4 GB/3.8 GB   20 MB/s     22s[K[?25h[?2026l[?2026h[?25l[A[1Gpulling manifest [K
pulling 518db88bbc10:  88% ▕███████████████   ▏ 3.4 GB/3.8 GB   20 MB/s     22s[K[?25h[?2026l[?2026h[?25l[A[1Gpulling manifest [K
pulling 518db88bbc10:  88% ▕███████████████   ▏ 3.4 GB/3.8 GB   20 MB/s     21s[K[?25h[?2026l[?2026h[?25l[A[1Gpulling manifest [K
pulling 518db88bbc10:  88% ▕███████████████   ▏ 3.4 GB/3.8 GB   20 MB/s     21s[K[?25h[?2026l[?2026h[?25l[A[1Gpulling manifest [K
pulling 518db88bbc10:  88% ▕███████████████   ▏ 3.4 GB/3.8 GB   20 MB/s     21s[K[?25h[?2026l[?2026h[?25l[A[1Gpulling manifest [K
pulling 518db88bbc10:  89% ▕███████████████   ▏ 3.4 GB/3.8 GB   20 MB/s     21s[K[?25h[?2026l[?2026h[?25l[A[1Gpulling manifest [K
pulling 518db88bbc10:  89% ▕███████████████   ▏ 3.4 GB/3.8 GB   20 MB/s     21s[K[?25h[?2026l[?2026h[?25l[A[1Gpulling manifest [K
pulling 518db88bbc10:  89% ▕███████████████   ▏ 3.4 GB/3.8 GB   20 MB/s     21s[K[?25h[?2026l[?2026h[?25l[A[1Gpulling manifest [K
pulling 518db88bbc10:  89% ▕███████████████   ▏ 3.4 GB/3.8 GB   20 MB/s     21s[K[?25h[?2026l[?2026h[?25l[A[1Gpulling manifest [K
pulling 518db88bbc10:  89% ▕███████████████   ▏ 3.4 GB/3.8 GB   20 MB/s     21s[K[?25h[?2026l[?2026h[?25l[A[1Gpulling manifest [K
pulling 518db88bbc10:  89% ▕███████████████   ▏ 3.4 GB/3.8 GB   20 MB/s     21s[K[?25h[?2026l[?2026h[?25l[A[1Gpulling manifest [K
pulling 518db88bbc10:  89% ▕███████████████   ▏ 3.4 GB/3.8 GB   20 MB/s     21s[K[?25h[?2026l[?2026h[?25l[A[1Gpulling manifest [K
pulling 518db88bbc10:  89% ▕████████████████  ▏ 3.4 GB/3.8 GB   20 MB/s     21s[K[?25h[?2026l[?2026h[?25l[A[1Gpulling manifest [K
pulling 518db88bbc10:  89% ▕████████████████  ▏ 3.4 GB/3.8 GB   20 MB/s     20s[K[?25h[?2026l[?2026h[?25l[A[1Gpulling manifest [K
pulling 518db88bbc10:  89% ▕████████████████  ▏ 3.4 GB/3.8 GB   20 MB/s     20s[K[?25h[?2026l[?2026h[?25l[A[1Gpulling manifest [K
pulling 518db88bbc10:  89% ▕████████████████  ▏ 3.4 GB/3.8 GB   20 MB/s     20s[K[?25h[?2026l[?2026h[?25l[A[1Gpulling manifest [K
pulling 518db88bbc10:  89% ▕████████████████  ▏ 3.4 GB/3.8 GB   20 MB/s     20s[K[?25h[?2026l[?2026h[?25l[A[1Gpulling manifest [K
pulling 518db88bbc10:  89% ▕████████████████  ▏ 3.4 GB/3.8 GB   20 MB/s     20s[K[?25h[?2026l[?2026h[?25l[A[1Gpulling manifest [K
pulling 518db88bbc10:  89% ▕████████████████  ▏ 3.4 GB/3.8 GB   20 MB/s     20s[K[?25h[?2026l[?2026h[?25l[A[1Gpulling manifest [K
pulling 518db88bbc10:  89% ▕████████████████  ▏ 3.4 GB/3.8 GB   20 MB/s     20s[K[?25h[?2026l[?2026h[?25l[A[1Gpulling manifest [K
pulling 518db88bbc10:  89% ▕████████████████  ▏ 3.4 GB/3.8 GB   20 MB/s     20s[K[?25h[?2026l[?2026h[?25l[A[1Gpulling manifest [K
pulling 518db88bbc10:  89% ▕████████████████  ▏ 3.4 GB/3.8 GB   20 MB/s     20s[K[?25h[?2026l[?2026h[?25l[A[1Gpulling manifest [K
pulling 518db88bbc10:  89% ▕████████████████  ▏ 3.4 GB/3.8 GB   20 MB/s     20s[K[?25h[?2026l[?2026h[?25l[A[1Gpulling manifest [K
pulling 518db88bbc10:  89% ▕████████████████  ▏ 3.4 GB/3.8 GB   20 MB/s     19s[K[?25h[?2026l[?2026h[?25l[A[1Gpulling manifest [K
pulling 518db88bbc10:  90% ▕████████████████  ▏ 3.4 GB/3.8 GB   20 MB/s     19s[K[?25h[?2026l[?2026h[?25l[A[1Gpulling manifest [K
pulling 518db88bbc10:  90% ▕████████████████  ▏ 3.4 GB/3.8 GB   20 MB/s     19s[K[?25h[?2026l[?2026h[?25l[A[1Gpulling manifest [K
pulling 518db88bbc10:  90% ▕████████████████  ▏ 3.4 GB/3.8 GB   20 MB/s     19s[K[?25h[?2026l[?2026h[?25l[A[1Gpulling manifest [K
pulling 518db88bbc10:  90% ▕████████████████  ▏ 3.4 GB/3.8 GB   20 MB/s     19s[K[?25h[?2026l[?2026h[?25l[A[1Gpulling manifest [K
pulling 518db88bbc10:  90% ▕████████████████  ▏ 3.5 GB/3.8 GB   20 MB/s     19s[K[?25h[?2026l[?2026h[?25l[A[1Gpulling manifest [K
pulling 518db88bbc10:  90% ▕████████████████  ▏ 3.5 GB/3.8 GB   20 MB/s     19s[K[?25h[?2026l[?2026h[?25l[A[1Gpulling manifest [K
pulling 518db88bbc10:  90% ▕████████████████  ▏ 3.5 GB/3.8 GB   20 MB/s     19s[K[?25h[?2026l[?2026h[?25l[A[1Gpulling manifest [K
pulling 518db88bbc10:  90% ▕████████████████  ▏ 3.5 GB/3.8 GB   20 MB/s     19s[K[?25h[?2026l[?2026h[?25l[A[1Gpulling manifest [K
pulling 518db88bbc10:  90% ▕████████████████  ▏ 3.5 GB/3.8 GB   20 MB/s     19s[K[?25h[?2026l[?2026h[?25l[A[1Gpulling manifest [K
pulling 518db88bbc10:  90% ▕████████████████  ▏ 3.5 GB/3.8 GB   20 MB/s     18s[K[?25h[?2026l[?2026h[?25l[A[1Gpulling manifest [K
pulling 518db88bbc10:  90% ▕████████████████  ▏ 3.5 GB/3.8 GB   20 MB/s     18s[K[?25h[?2026l[?2026h[?25l[A[1Gpulling manifest [K
pulling 518db88bbc10:  90% ▕████████████████  ▏ 3.5 GB/3.8 GB   20 MB/s     18s[K[?25h[?2026l[?2026h[?25l[A[1Gpulling manifest [K
pulling 518db88bbc10:  90% ▕████████████████  ▏ 3.5 GB/3.8 GB   20 MB/s     18s[K[?25h[?2026l[?2026h[?25l[A[1Gpulling manifest [K
pulling 518db88bbc10:  90% ▕████████████████  ▏ 3.5 GB/3.8 GB   20 MB/s     18s[K[?25h[?2026l[?2026h[?25l[A[1Gpulling manifest [K
pulling 518db88bbc10:  90% ▕████████████████  ▏ 3.5 GB/3.8 GB   20 MB/s     18s[K[?25h[?2026l[?2026h[?25l[A[1Gpulling manifest [K
pulling 518db88bbc10:  90% ▕████████████████  ▏ 3.5 GB/3.8 GB   20 MB/s     18s[K[?25h[?2026l[?2026h[?25l[A[1Gpulling manifest [K
pulling 518db88bbc10:  90% ▕████████████████  ▏ 3.5 GB/3.8 GB   20 MB/s     18s[K[?25h[?2026l[?2026h[?25l[A[1Gpulling manifest [K
pulling 518db88bbc10:  90% ▕████████████████  ▏ 3.5 GB/3.8 GB   20 MB/s     18s[K[?25h[?2026l[?2026h[?25l[A[1Gpulling manifest [K
pulling 518db88bbc10:  90% ▕████████████████  ▏ 3.5 GB/3.8 GB   20 MB/s     18s[K[?25h[?2026l[?2026h[?25l[A[1Gpulling manifest [K
pulling 518db88bbc10:  91% ▕████████████████  ▏ 3.5 GB/3.8 GB   20 MB/s     17s[K[?25h[?2026l[?2026h[?25l[A[1Gpulling manifest [K
pulling 518db88bbc10:  91% ▕████████████████  ▏ 3.5 GB/3.8 GB   20 MB/s     17s[K[?25h[?2026l[?2026h[?25l[A[1Gpulling manifest [K
pulling 518db88bbc10:  91% ▕████████████████  ▏ 3.5 GB/3.8 GB   20 MB/s     17s[K[?25h[?2026l[?2026h[?25l[A[1Gpulling manifest [K
pulling 518db88bbc10:  91% ▕████████████████  ▏ 3.5 GB/3.8 GB   20 MB/s     17s[K[?25h[?2026l[?2026h[?25l[A[1Gpulling manifest [K
pulling 518db88bbc10:  91% ▕████████████████  ▏ 3.5 GB/3.8 GB   20 MB/s     17s[K[?25h[?2026l[?2026h[?25l[A[1Gpulling manifest [K
pulling 518db88bbc10:  91% ▕████████████████  ▏ 3.5 GB/3.8 GB   20 MB/s     17s[K[?25h[?2026l[?2026h[?25l[A[1Gpulling manifest [K
pulling 518db88bbc10:  91% ▕████████████████  ▏ 3.5 GB/3.8 GB   20 MB/s     17s[K[?25h[?2026l[?2026h[?25l[A[1Gpulling manifest [K
pulling 518db88bbc10:  91% ▕████████████████  ▏ 3.5 GB/3.8 GB   20 MB/s     16s[K[?25h[?2026l[?2026h[?25l[A[1Gpulling manifest [K
pulling 518db88bbc10:  91% ▕████████████████  ▏ 3.5 GB/3.8 GB   20 MB/s     16s[K[?25h[?2026l[?2026h[?25l[A[1Gpulling manifest [K
pulling 518db88bbc10:  91% ▕████████████████  ▏ 3.5 GB/3.8 GB   20 MB/s     16s[K[?25h[?2026l[?2026h[?25l[A[1Gpulling manifest [K
pulling 518db88bbc10:  91% ▕████████████████  ▏ 3.5 GB/3.8 GB   20 MB/s     16s[K[?25h[?2026l[?2026h[?25l[A[1Gpulling manifest [K
pulling 518db88bbc10:  91% ▕████████████████  ▏ 3.5 GB/3.8 GB   20 MB/s     16s[K[?25h[?2026l[?2026h[?25l[A[1Gpulling manifest [K
pulling 518db88bbc10:  91% ▕████████████████  ▏ 3.5 GB/3.8 GB   20 MB/s     16s[K[?25h[?2026l[?2026h[?25l[A[1Gpulling manifest [K
pulling 518db88bbc10:  91% ▕████████████████  ▏ 3.5 GB/3.8 GB   20 MB/s     16s[K[?25h[?2026l[?2026h[?25l[A[1Gpulling manifest [K
pulling 518db88bbc10:  91% ▕████████████████  ▏ 3.5 GB/3.8 GB   20 MB/s     16s[K[?25h[?2026l[?2026h[?25l[A[1Gpulling manifest [K
pulling 518db88bbc10:  91% ▕████████████████  ▏ 3.5 GB/3.8 GB   20 MB/s     16s[K[?25h[?2026l[?2026h[?25l[A[1Gpulling manifest [K
pulling 518db88bbc10:  91% ▕████████████████  ▏ 3.5 GB/3.8 GB   20 MB/s     16s[K[?25h[?2026l[?2026h[?25l[A[1Gpulling manifest [K
pulling 518db88bbc10:  91% ▕████████████████  ▏ 3.5 GB/3.8 GB   20 MB/s     16s[K[?25h[?2026l[?2026h[?25l[A[1Gpulling manifest [K
pulling 518db88bbc10:  91% ▕████████████████  ▏ 3.5 GB/3.8 GB   20 MB/s     16s[K[?25h[?2026l[?2026h[?25l[A[1Gpulling manifest [K
pulling 518db88bbc10:  91% ▕████████████████  ▏ 3.5 GB/3.8 GB   20 MB/s     16s[K[?25h[?2026l[?2026h[?25l[A[1Gpulling manifest [K
pulling 518db88bbc10:  91% ▕████████████████  ▏ 3.5 GB/3.8 GB   20 MB/s     16s[K[?25h[?2026l[?2026h[?25l[A[1Gpulling manifest [K
pulling 518db88bbc10:  91% ▕████████████████  ▏ 3.5 GB/3.8 GB   20 MB/s     16s[K[?25h[?2026l[?2026h[?25l[A[1Gpulling manifest [K
pulling 518db88bbc10:  92% ▕████████████████  ▏ 3.5 GB/3.8 GB   20 MB/s     16s[K[?25h[?2026l[?2026h[?25l[A[1Gpulling manifest [K
pulling 518db88bbc10:  92% ▕████████████████  ▏ 3.5 GB/3.8 GB   20 MB/s     15s[K[?25h[?2026l[?2026h[?25l[A[1Gpulling manifest [K
pulling 518db88bbc10:  92% ▕████████████████  ▏ 3.5 GB/3.8 GB   20 MB/s     16s[K[?25h[?2026l[?2026h[?25l[A[1Gpulling manifest [K
pulling 518db88bbc10:  92% ▕████████████████  ▏ 3.5 GB/3.8 GB   20 MB/s     15s[K[?25h[?2026l[?2026h[?25l[A[1Gpulling manifest [K
pulling 518db88bbc10:  92% ▕████████████████  ▏ 3.5 GB/3.8 GB   20 MB/s     15s[K[?25h[?2026l[?2026h[?25l[A[1Gpulling manifest [K
pulling 518db88bbc10:  92% ▕████████████████  ▏ 3.5 GB/3.8 GB   20 MB/s     15s[K[?25h[?2026l[?2026h[?25l[A[1Gpulling manifest [K
pulling 518db88bbc10:  92% ▕████████████████  ▏ 3.5 GB/3.8 GB   20 MB/s     15s[K[?25h[?2026l[?2026h[?25l[A[1Gpulling manifest [K
pulling 518db88bbc10:  92% ▕████████████████  ▏ 3.5 GB/3.8 GB   20 MB/s     15s[K[?25h[?2026l[?2026h[?25l[A[1Gpulling manifest [K
pulling 518db88bbc10:  92% ▕████████████████  ▏ 3.5 GB/3.8 GB   20 MB/s     15s[K[?25h[?2026l[?2026h[?25l[A[1Gpulling manifest [K
pulling 518db88bbc10:  92% ▕████████████████  ▏ 3.5 GB/3.8 GB   20 MB/s     15s[K[?25h[?2026l[?2026h[?25l[A[1Gpulling manifest [K
pulling 518db88bbc10:  92% ▕████████████████  ▏ 3.5 GB/3.8 GB   20 MB/s     15s[K[?25h[?2026l[?2026h[?25l[A[1Gpulling manifest [K
pulling 518db88bbc10:  92% ▕████████████████  ▏ 3.5 GB/3.8 GB   20 MB/s     15s[K[?25h[?2026l[?2026h[?25l[A[1Gpulling manifest [K
pulling 518db88bbc10:  92% ▕████████████████  ▏ 3.5 GB/3.8 GB   20 MB/s     15s[K[?25h[?2026l[?2026h[?25l[A[1Gpulling manifest [K
pulling 518db88bbc10:  92% ▕████████████████  ▏ 3.5 GB/3.8 GB   20 MB/s     14s[K[?25h[?2026l[?2026h[?25l[A[1Gpulling manifest [K
pulling 518db88bbc10:  92% ▕████████████████  ▏ 3.5 GB/3.8 GB   20 MB/s     14s[K[?25h[?2026l[?2026h[?25l[A[1Gpulling manifest [K
pulling 518db88bbc10:  92% ▕████████████████  ▏ 3.6 GB/3.8 GB   20 MB/s     14s[K[?25h[?2026l[?2026h[?25l[A[1Gpulling manifest [K
pulling 518db88bbc10:  92% ▕████████████████  ▏ 3.6 GB/3.8 GB   20 MB/s     14s[K[?25h[?2026l[?2026h[?25l[A[1Gpulling manifest [K
pulling 518db88bbc10:  92% ▕████████████████  ▏ 3.6 GB/3.8 GB   20 MB/s     14s[K[?25h[?2026l[?2026h[?25l[A[1Gpulling manifest [K
pulling 518db88bbc10:  93% ▕████████████████  ▏ 3.6 GB/3.8 GB   20 MB/s     14s[K[?25h[?2026l[?2026h[?25l[A[1Gpulling manifest [K
pulling 518db88bbc10:  93% ▕████████████████  ▏ 3.6 GB/3.8 GB   20 MB/s     14s[K[?25h[?2026l[?2026h[?25l[A[1Gpulling manifest [K
pulling 518db88bbc10:  93% ▕████████████████  ▏ 3.6 GB/3.8 GB   20 MB/s     14s[K[?25h[?2026l[?2026h[?25l[A[1Gpulling manifest [K
pulling 518db88bbc10:  93% ▕████████████████  ▏ 3.6 GB/3.8 GB   20 MB/s     14s[K[?25h[?2026l[?2026h[?25l[A[1Gpulling manifest [K
pulling 518db88bbc10:  93% ▕████████████████  ▏ 3.6 GB/3.8 GB   20 MB/s     13s[K[?25h[?2026l[?2026h[?25l[A[1Gpulling manifest [K
pulling 518db88bbc10:  93% ▕████████████████  ▏ 3.6 GB/3.8 GB   20 MB/s     13s[K[?25h[?2026l[?2026h[?25l[A[1Gpulling manifest [K
pulling 518db88bbc10:  93% ▕████████████████  ▏ 3.6 GB/3.8 GB   20 MB/s     13s[K[?25h[?2026l[?2026h[?25l[A[1Gpulling manifest [K
pulling 518db88bbc10:  93% ▕████████████████  ▏ 3.6 GB/3.8 GB   20 MB/s     13s[K[?25h[?2026l[?2026h[?25l[A[1Gpulling manifest [K
pulling 518db88bbc10:  93% ▕████████████████  ▏ 3.6 GB/3.8 GB   20 MB/s     13s[K[?25h[?2026l[?2026h[?25l[A[1Gpulling manifest [K
pulling 518db88bbc10:  93% ▕████████████████  ▏ 3.6 GB/3.8 GB   20 MB/s     13s[K[?25h[?2026l[?2026h[?25l[A[1Gpulling manifest [K
pulling 518db88bbc10:  93% ▕████████████████  ▏ 3.6 GB/3.8 GB   20 MB/s     13s[K[?25h[?2026l[?2026h[?25l[A[1Gpulling manifest [K
pulling 518db88bbc10:  93% ▕████████████████  ▏ 3.6 GB/3.8 GB   20 MB/s     13s[K[?25h[?2026l[?2026h[?25l[A[1Gpulling manifest [K
pulling 518db88bbc10:  93% ▕████████████████  ▏ 3.6 GB/3.8 GB   20 MB/s     13s[K[?25h[?2026l[?2026h[?25l[A[1Gpulling manifest [K
pulling 518db88bbc10:  93% ▕████████████████  ▏ 3.6 GB/3.8 GB   20 MB/s     13s[K[?25h[?2026l[?2026h[?25l[A[1Gpulling manifest [K
pulling 518db88bbc10:  93% ▕████████████████  ▏ 3.6 GB/3.8 GB   20 MB/s     13s[K[?25h[?2026l[?2026h[?25l[A[1Gpulling manifest [K
pulling 518db88bbc10:  93% ▕████████████████  ▏ 3.6 GB/3.8 GB   19 MB/s     13s[K[?25h[?2026l[?2026h[?25l[A[1Gpulling manifest [K
pulling 518db88bbc10:  93% ▕████████████████  ▏ 3.6 GB/3.8 GB   19 MB/s     13s[K[?25h[?2026l[?2026h[?25l[A[1Gpulling manifest [K
pulling 518db88bbc10:  93% ▕████████████████  ▏ 3.6 GB/3.8 GB   19 MB/s     13s[K[?25h[?2026l[?2026h[?25l[A[1Gpulling manifest [K
pulling 518db88bbc10:  93% ▕████████████████  ▏ 3.6 GB/3.8 GB   19 MB/s     13s[K[?25h[?2026l[?2026h[?25l[A[1Gpulling manifest [K
pulling 518db88bbc10:  93% ▕████████████████  ▏ 3.6 GB/3.8 GB   19 MB/s     13s[K[?25h[?2026l[?2026h[?25l[A[1Gpulling manifest [K
pulling 518db88bbc10:  93% ▕████████████████  ▏ 3.6 GB/3.8 GB   19 MB/s     13s[K[?25h[?2026l[?2026h[?25l[A[1Gpulling manifest [K
pulling 518db88bbc10:  93% ▕████████████████  ▏ 3.6 GB/3.8 GB   19 MB/s     13s[K[?25h[?2026l[?2026h[?25l[A[1Gpulling manifest [K
pulling 518db88bbc10:  93% ▕████████████████  ▏ 3.6 GB/3.8 GB   19 MB/s     12s[K[?25h[?2026l[?2026h[?25l[A[1Gpulling manifest [K
pulling 518db88bbc10:  93% ▕████████████████  ▏ 3.6 GB/3.8 GB   19 MB/s     12s[K[?25h[?2026l[?2026h[?25l[A[1Gpulling manifest [K
pulling 518db88bbc10:  94% ▕████████████████  ▏ 3.6 GB/3.8 GB   19 MB/s     12s[K[?25h[?2026l[?2026h[?25l[A[1Gpulling manifest [K
pulling 518db88bbc10:  94% ▕████████████████  ▏ 3.6 GB/3.8 GB   18 MB/s     13s[K[?25h[?2026l[?2026h[?25l[A[1Gpulling manifest [K
pulling 518db88bbc10:  94% ▕████████████████  ▏ 3.6 GB/3.8 GB   18 MB/s     13s[K[?25h[?2026l[?2026h[?25l[A[1Gpulling manifest [K
pulling 518db88bbc10:  94% ▕████████████████  ▏ 3.6 GB/3.8 GB   18 MB/s     13s[K[?25h[?2026l[?2026h[?25l[A[1Gpulling manifest [K
pulling 518db88bbc10:  94% ▕████████████████  ▏ 3.6 GB/3.8 GB   18 MB/s     12s[K[?25h[?2026l[?2026h[?25l[A[1Gpulling manifest [K
pulling 518db88bbc10:  94% ▕████████████████  ▏ 3.6 GB/3.8 GB   18 MB/s     12s[K[?25h[?2026l[?2026h[?25l[A[1Gpulling manifest [K
pulling 518db88bbc10:  94% ▕████████████████  ▏ 3.6 GB/3.8 GB   18 MB/s     12s[K[?25h[?2026l[?2026h[?25l[A[1Gpulling manifest [K
pulling 518db88bbc10:  94% ▕████████████████  ▏ 3.6 GB/3.8 GB   18 MB/s     12s[K[?25h[?2026l[?2026h[?25l[A[1Gpulling manifest [K
pulling 518db88bbc10:  94% ▕████████████████  ▏ 3.6 GB/3.8 GB   18 MB/s     12s[K[?25h[?2026l[?2026h[?25l[A[1Gpulling manifest [K
pulling 518db88bbc10:  94% ▕████████████████  ▏ 3.6 GB/3.8 GB   18 MB/s     12s[K[?25h[?2026l[?2026h[?25l[A[1Gpulling manifest [K
pulling 518db88bbc10:  94% ▕████████████████  ▏ 3.6 GB/3.8 GB   18 MB/s     12s[K[?25h[?2026l[?2026h[?25l[A[1Gpulling manifest [K
pulling 518db88bbc10:  94% ▕████████████████  ▏ 3.6 GB/3.8 GB   18 MB/s     12s[K[?25h[?2026l[?2026h[?25l[A[1Gpulling manifest [K
pulling 518db88bbc10:  94% ▕████████████████  ▏ 3.6 GB/3.8 GB   18 MB/s     12s[K[?25h[?2026l[?2026h[?25l[A[1Gpulling manifest [K
pulling 518db88bbc10:  94% ▕████████████████  ▏ 3.6 GB/3.8 GB   18 MB/s     12s[K[?25h[?2026l[?2026h[?25l[A[1Gpulling manifest [K
pulling 518db88bbc10:  94% ▕████████████████  ▏ 3.6 GB/3.8 GB   18 MB/s     12s[K[?25h[?2026l[?2026h[?25l[A[1Gpulling manifest [K
pulling 518db88bbc10:  94% ▕████████████████  ▏ 3.6 GB/3.8 GB   18 MB/s     12s[K[?25h[?2026l[?2026h[?25l[A[1Gpulling manifest [K
pulling 518db88bbc10:  94% ▕████████████████  ▏ 3.6 GB/3.8 GB   18 MB/s     11s[K[?25h[?2026l[?2026h[?25l[A[1Gpulling manifest [K
pulling 518db88bbc10:  94% ▕████████████████  ▏ 3.6 GB/3.8 GB   18 MB/s     11s[K[?25h[?2026l[?2026h[?25l[A[1Gpulling manifest [K
pulling 518db88bbc10:  94% ▕████████████████  ▏ 3.6 GB/3.8 GB   18 MB/s     11s[K[?25h[?2026l[?2026h[?25l[A[1Gpulling manifest [K
pulling 518db88bbc10:  94% ▕████████████████  ▏ 3.6 GB/3.8 GB   18 MB/s     11s[K[?25h[?2026l[?2026h[?25l[A[1Gpulling manifest [K
pulling 518db88bbc10:  94% ▕█████████████████ ▏ 3.6 GB/3.8 GB   18 MB/s     11s[K[?25h[?2026l[?2026h[?25l[A[1Gpulling manifest [K
pulling 518db88bbc10:  95% ▕█████████████████ ▏ 3.6 GB/3.8 GB   18 MB/s     11s[K[?25h[?2026l[?2026h[?25l[A[1Gpulling manifest [K
pulling 518db88bbc10:  95% ▕█████████████████ ▏ 3.6 GB/3.8 GB   18 MB/s     11s[K[?25h[?2026l[?2026h[?25l[A[1Gpulling manifest [K
pulling 518db88bbc10:  95% ▕█████████████████ ▏ 3.6 GB/3.8 GB   18 MB/s     11s[K[?25h[?2026l[?2026h[?25l[A[1Gpulling manifest [K
pulling 518db88bbc10:  95% ▕█████████████████ ▏ 3.6 GB/3.8 GB   18 MB/s     10s[K[?25h[?2026l[?2026h[?25l[A[1Gpulling manifest [K
pulling 518db88bbc10:  95% ▕█████████████████ ▏ 3.6 GB/3.8 GB   18 MB/s     10s[K[?25h[?2026l[?2026h[?25l[A[1Gpulling manifest [K
pulling 518db88bbc10:  95% ▕█████████████████ ▏ 3.6 GB/3.8 GB   18 MB/s     10s[K[?25h[?2026l[?2026h[?25l[A[1Gpulling manifest [K
pulling 518db88bbc10:  95% ▕█████████████████ ▏ 3.6 GB/3.8 GB   18 MB/s     10s[K[?25h[?2026l[?2026h[?25l[A[1Gpulling manifest [K
pulling 518db88bbc10:  95% ▕█████████████████ ▏ 3.7 GB/3.8 GB   18 MB/s     10s[K[?25h[?2026l[?2026h[?25l[A[1Gpulling manifest [K
pulling 518db88bbc10:  95% ▕█████████████████ ▏ 3.7 GB/3.8 GB   18 MB/s     10s[K[?25h[?2026l[?2026h[?25l[A[1Gpulling manifest [K
pulling 518db88bbc10:  95% ▕█████████████████ ▏ 3.7 GB/3.8 GB   18 MB/s     10s[K[?25h[?2026l[?2026h[?25l[A[1Gpulling manifest [K
pulling 518db88bbc10:  95% ▕█████████████████ ▏ 3.7 GB/3.8 GB   18 MB/s     10s[K[?25h[?2026l[?2026h[?25l[A[1Gpulling manifest [K
pulling 518db88bbc10:  95% ▕█████████████████ ▏ 3.7 GB/3.8 GB   18 MB/s     10s[K[?25h[?2026l[?2026h[?25l[A[1Gpulling manifest [K
pulling 518db88bbc10:  95% ▕█████████████████ ▏ 3.7 GB/3.8 GB   18 MB/s     10s[K[?25h[?2026l[?2026h[?25l[A[1Gpulling manifest [K
pulling 518db88bbc10:  95% ▕█████████████████ ▏ 3.7 GB/3.8 GB   18 MB/s      9s[K[?25h[?2026l[?2026h[?25l[A[1Gpulling manifest [K
pulling 518db88bbc10:  95% ▕█████████████████ ▏ 3.7 GB/3.8 GB   18 MB/s      9s[K[?25h[?2026l[?2026h[?25l[A[1Gpulling manifest [K
pulling 518db88bbc10:  95% ▕█████████████████ ▏ 3.7 GB/3.8 GB   18 MB/s      9s[K[?25h[?2026l[?2026h[?25l[A[1Gpulling manifest [K
pulling 518db88bbc10:  95% ▕█████████████████ ▏ 3.7 GB/3.8 GB   18 MB/s      9s[K[?25h[?2026l[?2026h[?25l[A[1Gpulling manifest [K
pulling 518db88bbc10:  95% ▕█████████████████ ▏ 3.7 GB/3.8 GB   18 MB/s      9s[K[?25h[?2026l[?2026h[?25l[A[1Gpulling manifest [K
pulling 518db88bbc10:  95% ▕█████████████████ ▏ 3.7 GB/3.8 GB   18 MB/s      9s[K[?25h[?2026l[?2026h[?25l[A[1Gpulling manifest [K
pulling 518db88bbc10:  96% ▕█████████████████ ▏ 3.7 GB/3.8 GB   18 MB/s      9s[K[?25h[?2026l[?2026h[?25l[A[1Gpulling manifest [K
pulling 518db88bbc10:  96% ▕█████████████████ ▏ 3.7 GB/3.8 GB   18 MB/s      9s[K[?25h[?2026l[?2026h[?25l[A[1Gpulling manifest [K
pulling 518db88bbc10:  96% ▕█████████████████ ▏ 3.7 GB/3.8 GB   18 MB/s      8s[K[?25h[?2026l[?2026h[?25l[A[1Gpulling manifest [K
pulling 518db88bbc10:  96% ▕█████████████████ ▏ 3.7 GB/3.8 GB   18 MB/s      8s[K[?25h[?2026l[?2026h[?25l[A[1Gpulling manifest [K
pulling 518db88bbc10:  96% ▕█████████████████ ▏ 3.7 GB/3.8 GB   18 MB/s      8s[K[?25h[?2026l[?2026h[?25l[A[1Gpulling manifest [K
pulling 518db88bbc10:  96% ▕█████████████████ ▏ 3.7 GB/3.8 GB   18 MB/s      8s[K[?25h[?2026l[?2026h[?25l[A[1Gpulling manifest [K
pulling 518db88bbc10:  96% ▕█████████████████ ▏ 3.7 GB/3.8 GB   18 MB/s      8s[K[?25h[?2026l[?2026h[?25l[A[1Gpulling manifest [K
pulling 518db88bbc10:  96% ▕█████████████████ ▏ 3.7 GB/3.8 GB   18 MB/s      8s[K[?25h[?2026l[?2026h[?25l[A[1Gpulling manifest [K
pulling 518db88bbc10:  96% ▕█████████████████ ▏ 3.7 GB/3.8 GB   18 MB/s      8s[K[?25h[?2026l[?2026h[?25l[A[1Gpulling manifest [K
pulling 518db88bbc10:  96% ▕█████████████████ ▏ 3.7 GB/3.8 GB   18 MB/s      8s[K[?25h[?2026l[?2026h[?25l[A[1Gpulling manifest [K
pulling 518db88bbc10:  96% ▕█████████████████ ▏ 3.7 GB/3.8 GB   18 MB/s      8s[K[?25h[?2026l[?2026h[?25l[A[1Gpulling manifest [K
pulling 518db88bbc10:  96% ▕█████████████████ ▏ 3.7 GB/3.8 GB   18 MB/s      7s[K[?25h[?2026l[?2026h[?25l[A[1Gpulling manifest [K
pulling 518db88bbc10:  96% ▕█████████████████ ▏ 3.7 GB/3.8 GB   19 MB/s      7s[K[?25h[?2026l[?2026h[?25l[A[1Gpulling manifest [K
pulling 518db88bbc10:  96% ▕█████████████████ ▏ 3.7 GB/3.8 GB   19 MB/s      7s[K[?25h[?2026l[?2026h[?25l[A[1Gpulling manifest [K
pulling 518db88bbc10:  96% ▕█████████████████ ▏ 3.7 GB/3.8 GB   19 MB/s      7s[K[?25h[?2026l[?2026h[?25l[A[1Gpulling manifest [K
pulling 518db88bbc10:  96% ▕█████████████████ ▏ 3.7 GB/3.8 GB   19 MB/s      7s[K[?25h[?2026l[?2026h[?25l[A[1Gpulling manifest [K
pulling 518db88bbc10:  96% ▕█████████████████ ▏ 3.7 GB/3.8 GB   19 MB/s      7s[K[?25h[?2026l[?2026h[?25l[A[1Gpulling manifest [K
pulling 518db88bbc10:  96% ▕█████████████████ ▏ 3.7 GB/3.8 GB   19 MB/s      7s[K[?25h[?2026l[?2026h[?25l[A[1Gpulling manifest [K
pulling 518db88bbc10:  97% ▕█████████████████ ▏ 3.7 GB/3.8 GB   19 MB/s      6s[K[?25h[?2026l[?2026h[?25l[A[1Gpulling manifest [K
pulling 518db88bbc10:  97% ▕█████████████████ ▏ 3.7 GB/3.8 GB   19 MB/s      6s[K[?25h[?2026l[?2026h[?25l[A[1Gpulling manifest [K
pulling 518db88bbc10:  97% ▕█████████████████ ▏ 3.7 GB/3.8 GB   19 MB/s      6s[K[?25h[?2026l[?2026h[?25l[A[1Gpulling manifest [K
pulling 518db88bbc10:  97% ▕█████████████████ ▏ 3.7 GB/3.8 GB   19 MB/s      6s[K[?25h[?2026l[?2026h[?25l[A[1Gpulling manifest [K
pulling 518db88bbc10:  97% ▕█████████████████ ▏ 3.7 GB/3.8 GB   19 MB/s      6s[K[?25h[?2026l[?2026h[?25l[A[1Gpulling manifest [K
pulling 518db88bbc10:  97% ▕█████████████████ ▏ 3.7 GB/3.8 GB   19 MB/s      6s[K[?25h[?2026l[?2026h[?25l[A[1Gpulling manifest [K
pulling 518db88bbc10:  97% ▕█████████████████ ▏ 3.7 GB/3.8 GB   19 MB/s      6s[K[?25h[?2026l[?2026h[?25l[A[1Gpulling manifest [K
pulling 518db88bbc10:  97% ▕█████████████████ ▏ 3.7 GB/3.8 GB   19 MB/s      6s[K[?25h[?2026l[?2026h[?25l[A[1Gpulling manifest [K
pulling 518db88bbc10:  97% ▕█████████████████ ▏ 3.7 GB/3.8 GB   19 MB/s      6s[K[?25h[?2026l[?2026h[?25l[A[1Gpulling manifest [K
pulling 518db88bbc10:  97% ▕█████████████████ ▏ 3.7 GB/3.8 GB   19 MB/s      6s[K[?25h[?2026l[?2026h[?25l[A[1Gpulling manifest [K
pulling 518db88bbc10:  97% ▕█████████████████ ▏ 3.7 GB/3.8 GB   19 MB/s      6s[K[?25h[?2026l[?2026h[?25l[A[1Gpulling manifest [K
pulling 518db88bbc10:  97% ▕█████████████████ ▏ 3.7 GB/3.8 GB   19 MB/s      6s[K[?25h[?2026l[?2026h[?25l[A[1Gpulling manifest [K
pulling 518db88bbc10:  97% ▕█████████████████ ▏ 3.7 GB/3.8 GB   19 MB/s      6s[K[?25h[?2026l[?2026h[?25l[A[1Gpulling manifest [K
pulling 518db88bbc10:  97% ▕█████████████████ ▏ 3.7 GB/3.8 GB   19 MB/s      6s[K[?25h[?2026l[?2026h[?25l[A[1Gpulling manifest [K
pulling 518db88bbc10:  97% ▕█████████████████ ▏ 3.7 GB/3.8 GB   18 MB/s      6s[K[?25h[?2026l[?2026h[?25l[A[1Gpulling manifest [K
pulling 518db88bbc10:  97% ▕█████████████████ ▏ 3.7 GB/3.8 GB   18 MB/s      6s[K[?25h[?2026l[?2026h[?25l[A[1Gpulling manifest [K
pulling 518db88bbc10:  97% ▕█████████████████ ▏ 3.7 GB/3.8 GB   18 MB/s      6s[K[?25h[?2026l[?2026h[?25l[A[1Gpulling manifest [K
pulling 518db88bbc10:  97% ▕█████████████████ ▏ 3.7 GB/3.8 GB   18 MB/s      6s[K[?25h[?2026l[?2026h[?25l[A[1Gpulling manifest [K
pulling 518db88bbc10:  97% ▕█████████████████ ▏ 3.7 GB/3.8 GB   18 MB/s      6s[K[?25h[?2026l[?2026h[?25l[A[1Gpulling manifest [K
pulling 518db88bbc10:  97% ▕█████████████████ ▏ 3.7 GB/3.8 GB   18 MB/s      6s[K[?25h[?2026l[?2026h[?25l[A[1Gpulling manifest [K
pulling 518db88bbc10:  97% ▕█████████████████ ▏ 3.7 GB/3.8 GB   18 MB/s      6s[K[?25h[?2026l[?2026h[?25l[A[1Gpulling manifest [K
pulling 518db88bbc10:  97% ▕█████████████████ ▏ 3.7 GB/3.8 GB   18 MB/s      6s[K[?25h[?2026l[?2026h[?25l[A[1Gpulling manifest [K
pulling 518db88bbc10:  97% ▕█████████████████ ▏ 3.7 GB/3.8 GB   18 MB/s      6s[K[?25h[?2026l[?2026h[?25l[A[1Gpulling manifest [K
pulling 518db88bbc10:  97% ▕█████████████████ ▏ 3.7 GB/3.8 GB   18 MB/s      6s[K[?25h[?2026l[?2026h[?25l[A[1Gpulling manifest [K
pulling 518db88bbc10:  97% ▕█████████████████ ▏ 3.7 GB/3.8 GB   17 MB/s      6s[K[?25h[?2026l[?2026h[?25l[A[1Gpulling manifest [K
pulling 518db88bbc10:  97% ▕█████████████████ ▏ 3.7 GB/3.8 GB   17 MB/s      6s[K[?25h[?2026l[?2026h[?25l[A[1Gpulling manifest [K
pulling 518db88bbc10:  97% ▕█████████████████ ▏ 3.7 GB/3.8 GB   17 MB/s      6s[K[?25h[?2026l[?2026h[?25l[A[1Gpulling manifest [K
pulling 518db88bbc10:  97% ▕█████████████████ ▏ 3.7 GB/3.8 GB   17 MB/s      6s[K[?25h[?2026l[?2026h[?25l[A[1Gpulling manifest [K
pulling 518db88bbc10:  97% ▕█████████████████ ▏ 3.7 GB/3.8 GB   17 MB/s      6s[K[?25h[?2026l[?2026h[?25l[A[1Gpulling manifest [K
pulling 518db88bbc10:  97% ▕█████████████████ ▏ 3.7 GB/3.8 GB   17 MB/s      6s[K[?25h[?2026l[?2026h[?25l[A[1Gpulling manifest [K
pulling 518db88bbc10:  97% ▕█████████████████ ▏ 3.7 GB/3.8 GB   17 MB/s      6s[K[?25h[?2026l[?2026h[?25l[A[1Gpulling manifest [K
pulling 518db88bbc10:  97% ▕█████████████████ ▏ 3.7 GB/3.8 GB   17 MB/s      6s[K[?25h[?2026l[?2026h[?25l[A[1Gpulling manifest [K
pulling 518db88bbc10:  97% ▕█████████████████ ▏ 3.7 GB/3.8 GB   17 MB/s      6s[K[?25h[?2026l[?2026h[?25l[A[1Gpulling manifest [K
pulling 518db88bbc10:  97% ▕█████████████████ ▏ 3.7 GB/3.8 GB   17 MB/s      5s[K[?25h[?2026l[?2026h[?25l[A[1Gpulling manifest [K
pulling 518db88bbc10:  97% ▕█████████████████ ▏ 3.7 GB/3.8 GB   17 MB/s      5s[K[?25h[?2026l[?2026h[?25l[A[1Gpulling manifest [K
pulling 518db88bbc10:  97% ▕█████████████████ ▏ 3.7 GB/3.8 GB   16 MB/s      6s[K[?25h[?2026l[?2026h[?25l[A[1Gpulling manifest [K
pulling 518db88bbc10:  97% ▕█████████████████ ▏ 3.7 GB/3.8 GB   16 MB/s      6s[K[?25h[?2026l[?2026h[?25l[A[1Gpulling manifest [K
pulling 518db88bbc10:  97% ▕█████████████████ ▏ 3.7 GB/3.8 GB   16 MB/s      6s[K[?25h[?2026l[?2026h[?25l[A[1Gpulling manifest [K
pulling 518db88bbc10:  97% ▕█████████████████ ▏ 3.7 GB/3.8 GB   16 MB/s      6s[K[?25h[?2026l[?2026h[?25l[A[1Gpulling manifest [K
pulling 518db88bbc10:  97% ▕█████████████████ ▏ 3.7 GB/3.8 GB   16 MB/s      5s[K[?25h[?2026l[?2026h[?25l[A[1Gpulling manifest [K
pulling 518db88bbc10:  97% ▕█████████████████ ▏ 3.7 GB/3.8 GB   16 MB/s      5s[K[?25h[?2026l[?2026h[?25l[A[1Gpulling manifest [K
pulling 518db88bbc10:  98% ▕█████████████████ ▏ 3.7 GB/3.8 GB   16 MB/s      5s[K[?25h[?2026l[?2026h[?25l[A[1Gpulling manifest [K
pulling 518db88bbc10:  98% ▕█████████████████ ▏ 3.8 GB/3.8 GB   16 MB/s      5s[K[?25h[?2026l[?2026h[?25l[A[1Gpulling manifest [K
pulling 518db88bbc10:  98% ▕█████████████████ ▏ 3.8 GB/3.8 GB   16 MB/s      5s[K[?25h[?2026l[?2026h[?25l[A[1Gpulling manifest [K
pulling 518db88bbc10:  98% ▕█████████████████ ▏ 3.8 GB/3.8 GB   16 MB/s      5s[K[?25h[?2026l[?2026h[?25l[A[1Gpulling manifest [K
pulling 518db88bbc10:  98% ▕█████████████████ ▏ 3.8 GB/3.8 GB   15 MB/s      5s[K[?25h[?2026l[?2026h[?25l[A[1Gpulling manifest [K
pulling 518db88bbc10:  98% ▕█████████████████ ▏ 3.8 GB/3.8 GB   15 MB/s      5s[K[?25h[?2026l[?2026h[?25l[A[1Gpulling manifest [K
pulling 518db88bbc10:  98% ▕█████████████████ ▏ 3.8 GB/3.8 GB   15 MB/s      5s[K[?25h[?2026l[?2026h[?25l[A[1Gpulling manifest [K
pulling 518db88bbc10:  98% ▕█████████████████ ▏ 3.8 GB/3.8 GB   15 MB/s      5s[K[?25h[?2026l[?2026h[?25l[A[1Gpulling manifest [K
pulling 518db88bbc10:  98% ▕█████████████████ ▏ 3.8 GB/3.8 GB   15 MB/s      5s[K[?25h[?2026l[?2026h[?25l[A[1Gpulling manifest [K
pulling 518db88bbc10:  98% ▕█████████████████ ▏ 3.8 GB/3.8 GB   15 MB/s      5s[K[?25h[?2026l[?2026h[?25l[A[1Gpulling manifest [K
pulling 518db88bbc10:  98% ▕█████████████████ ▏ 3.8 GB/3.8 GB   15 MB/s      5s[K[?25h[?2026l[?2026h[?25l[A[1Gpulling manifest [K
pulling 518db88bbc10:  98% ▕█████████████████ ▏ 3.8 GB/3.8 GB   15 MB/s      5s[K[?25h[?2026l[?2026h[?25l[A[1Gpulling manifest [K
pulling 518db88bbc10:  98% ▕█████████████████ ▏ 3.8 GB/3.8 GB   15 MB/s      4s[K[?25h[?2026l[?2026h[?25l[A[1Gpulling manifest [K
pulling 518db88bbc10:  98% ▕█████████████████ ▏ 3.8 GB/3.8 GB   15 MB/s      4s[K[?25h[?2026l[?2026h[?25l[A[1Gpulling manifest [K
pulling 518db88bbc10:  98% ▕█████████████████ ▏ 3.8 GB/3.8 GB   15 MB/s      4s[K[?25h[?2026l[?2026h[?25l[A[1Gpulling manifest [K
pulling 518db88bbc10:  98% ▕█████████████████ ▏ 3.8 GB/3.8 GB   15 MB/s      4s[K[?25h[?2026l[?2026h[?25l[A[1Gpulling manifest [K
pulling 518db88bbc10:  98% ▕█████████████████ ▏ 3.8 GB/3.8 GB   15 MB/s      4s[K[?25h[?2026l[?2026h[?25l[A[1Gpulling manifest [K
pulling 518db88bbc10:  98% ▕█████████████████ ▏ 3.8 GB/3.8 GB   15 MB/s      4s[K[?25h[?2026l[?2026h[?25l[A[1Gpulling manifest [K
pulling 518db88bbc10:  98% ▕█████████████████ ▏ 3.8 GB/3.8 GB   15 MB/s      4s[K[?25h[?2026l[?2026h[?25l[A[1Gpulling manifest [K
pulling 518db88bbc10:  98% ▕█████████████████ ▏ 3.8 GB/3.8 GB   15 MB/s      4s[K[?25h[?2026l[?2026h[?25l[A[1Gpulling manifest [K
pulling 518db88bbc10:  98% ▕█████████████████ ▏ 3.8 GB/3.8 GB   15 MB/s      4s[K[?25h[?2026l[?2026h[?25l[A[1Gpulling manifest [K
pulling 518db88bbc10:  98% ▕█████████████████ ▏ 3.8 GB/3.8 GB   15 MB/s      3s[K[?25h[?2026l[?2026h[?25l[A[1Gpulling manifest [K
pulling 518db88bbc10:  98% ▕█████████████████ ▏ 3.8 GB/3.8 GB   15 MB/s      3s[K[?25h[?2026l[?2026h[?25l[A[1Gpulling manifest [K
pulling 518db88bbc10:  98% ▕█████████████████ ▏ 3.8 GB/3.8 GB   15 MB/s      3s[K[?25h[?2026l[?2026h[?25l[A[1Gpulling manifest [K
pulling 518db88bbc10:  98% ▕█████████████████ ▏ 3.8 GB/3.8 GB   14 MB/s      4s[K[?25h[?2026l[?2026h[?25l[A[1Gpulling manifest [K
pulling 518db88bbc10:  98% ▕█████████████████ ▏ 3.8 GB/3.8 GB   14 MB/s      4s[K[?25h[?2026l[?2026h[?25l[A[1Gpulling manifest [K
pulling 518db88bbc10:  98% ▕█████████████████ ▏ 3.8 GB/3.8 GB   14 MB/s      4s[K[?25h[?2026l[?2026h[?25l[A[1Gpulling manifest [K
pulling 518db88bbc10:  99% ▕█████████████████ ▏ 3.8 GB/3.8 GB   14 MB/s      3s[K[?25h[?2026l[?2026h[?25l[A[1Gpulling manifest [K
pulling 518db88bbc10:  99% ▕█████████████████ ▏ 3.8 GB/3.8 GB   14 MB/s      3s[K[?25h[?2026l[?2026h[?25l[A[1Gpulling manifest [K
pulling 518db88bbc10:  99% ▕█████████████████ ▏ 3.8 GB/3.8 GB   14 MB/s      3s[K[?25h[?2026l[?2026h[?25l[A[1Gpulling manifest [K
pulling 518db88bbc10:  99% ▕█████████████████ ▏ 3.8 GB/3.8 GB   14 MB/s      3s[K[?25h[?2026l[?2026h[?25l[A[1Gpulling manifest [K
pulling 518db88bbc10:  99% ▕█████████████████ ▏ 3.8 GB/3.8 GB   14 MB/s      3s[K[?25h[?2026l[?2026h[?25l[A[1Gpulling manifest [K
pulling 518db88bbc10:  99% ▕█████████████████ ▏ 3.8 GB/3.8 GB   14 MB/s      3s[K[?25h[?2026l[?2026h[?25l[A[1Gpulling manifest [K
pulling 518db88bbc10:  99% ▕█████████████████ ▏ 3.8 GB/3.8 GB   14 MB/s      3s[K[?25h[?2026l[?2026h[?25l[A[1Gpulling manifest [K
pulling 518db88bbc10:  99% ▕█████████████████ ▏ 3.8 GB/3.8 GB   12 MB/s      4s[K[?25h[?2026l[?2026h[?25l[A[1Gpulling manifest [K
pulling 518db88bbc10:  99% ▕█████████████████ ▏ 3.8 GB/3.8 GB   12 MB/s      4s[K[?25h[?2026l[?2026h[?25l[A[1Gpulling manifest [K
pulling 518db88bbc10:  99% ▕█████████████████ ▏ 3.8 GB/3.8 GB   12 MB/s      4s[K[?25h[?2026l[?2026h[?25l[A[1Gpulling manifest [K
pulling 518db88bbc10:  99% ▕█████████████████ ▏ 3.8 GB/3.8 GB   12 MB/s      4s[K[?25h[?2026l[?2026h[?25l[A[1Gpulling manifest [K
pulling 518db88bbc10:  99% ▕█████████████████ ▏ 3.8 GB/3.8 GB   12 MB/s      3s[K[?25h[?2026l[?2026h[?25l[A[1Gpulling manifest [K
pulling 518db88bbc10:  99% ▕█████████████████ ▏ 3.8 GB/3.8 GB   12 MB/s      3s[K[?25h[?2026l[?2026h[?25l[A[1Gpulling manifest [K
pulling 518db88bbc10:  99% ▕█████████████████ ▏ 3.8 GB/3.8 GB   12 MB/s      3s[K[?25h[?2026l[?2026h[?25l[A[1Gpulling manifest [K
pulling 518db88bbc10:  99% ▕█████████████████ ▏ 3.8 GB/3.8 GB   12 MB/s      3s[K[?25h[?2026l[?2026h[?25l[A[1Gpulling manifest [K
pulling 518db88bbc10:  99% ▕█████████████████ ▏ 3.8 GB/3.8 GB   12 MB/s      3s[K[?25h[?2026l[?2026h[?25l[A[1Gpulling manifest [K
pulling 518db88bbc10:  99% ▕█████████████████ ▏ 3.8 GB/3.8 GB   12 MB/s      3s[K[?25h[?2026l[?2026h[?25l[A[1Gpulling manifest [K
pulling 518db88bbc10:  99% ▕█████████████████ ▏ 3.8 GB/3.8 GB   12 MB/s      3s[K[?25h[?2026l[?2026h[?25l[A[1Gpulling manifest [K
pulling 518db88bbc10:  99% ▕█████████████████ ▏ 3.8 GB/3.8 GB   11 MB/s      4s[K[?25h[?2026l[?2026h[?25l[A[1Gpulling manifest [K
pulling 518db88bbc10:  99% ▕█████████████████ ▏ 3.8 GB/3.8 GB   11 MB/s      4s[K[?25h[?2026l[?2026h[?25l[A[1Gpulling manifest [K
pulling 518db88bbc10:  99% ▕█████████████████ ▏ 3.8 GB/3.8 GB   11 MB/s      4s[K[?25h[?2026l[?2026h[?25l[A[1Gpulling manifest [K
pulling 518db88bbc10:  99% ▕█████████████████ ▏ 3.8 GB/3.8 GB   11 MB/s      4s[K[?25h[?2026l[?2026h[?25l[A[1Gpulling manifest [K
pulling 518db88bbc10:  99% ▕█████████████████ ▏ 3.8 GB/3.8 GB   11 MB/s      4s[K[?25h[?2026l[?2026h[?25l[A[1Gpulling manifest [K
pulling 518db88bbc10:  99% ▕█████████████████ ▏ 3.8 GB/3.8 GB   11 MB/s      4s[K[?25h[?2026l[?2026h[?25l[A[1Gpulling manifest [K
pulling 518db88bbc10:  99% ▕█████████████████ ▏ 3.8 GB/3.8 GB   11 MB/s      4s[K[?25h[?2026l[?2026h[?25l[A[1Gpulling manifest [K
pulling 518db88bbc10:  99% ▕█████████████████ ▏ 3.8 GB/3.8 GB   11 MB/s      3s[K[?25h[?2026l[?2026h[?25l[A[1Gpulling manifest [K
pulling 518db88bbc10:  99% ▕█████████████████ ▏ 3.8 GB/3.8 GB   11 MB/s      3s[K[?25h[?2026l[?2026h[?25l[A[1Gpulling manifest [K
pulling 518db88bbc10:  99% ▕█████████████████ ▏ 3.8 GB/3.8 GB   11 MB/s      3s[K[?25h[?2026l[?2026h[?25l[A[1Gpulling manifest [K
pulling 518db88bbc10:  99% ▕█████████████████ ▏ 3.8 GB/3.8 GB  9.5 MB/s      4s[K[?25h[?2026l[?2026h[?25l[A[1Gpulling manifest [K
pulling 518db88bbc10:  99% ▕█████████████████ ▏ 3.8 GB/3.8 GB  9.5 MB/s      4s[K[?25h[?2026l[?2026h[?25l[A[1Gpulling manifest [K
pulling 518db88bbc10:  99% ▕█████████████████ ▏ 3.8 GB/3.8 GB  9.5 MB/s      4s[K[?25h[?2026l[?2026h[?25l[A[1Gpulling manifest [K
pulling 518db88bbc10:  99% ▕█████████████████ ▏ 3.8 GB/3.8 GB  9.5 MB/s      4s[K[?25h[?2026l[?2026h[?25l[A[1Gpulling manifest [K
pulling 518db88bbc10:  99% ▕█████████████████ ▏ 3.8 GB/3.8 GB  9.5 MB/s      4s[K[?25h[?2026l[?2026h[?25l[A[1Gpulling manifest [K
pulling 518db88bbc10:  99% ▕█████████████████ ▏ 3.8 GB/3.8 GB  9.5 MB/s      4s[K[?25h[?2026l[?2026h[?25l[A[1Gpulling manifest [K
pulling 518db88bbc10:  99% ▕█████████████████ ▏ 3.8 GB/3.8 GB  9.5 MB/s      4s[K[?25h[?2026l[?2026h[?25l[A[1Gpulling manifest [K
pulling 518db88bbc10:  99% ▕█████████████████ ▏ 3.8 GB/3.8 GB  9.5 MB/s      4s[K[?25h[?2026l[?2026h[?25l[A[1Gpulling manifest [K
pulling 518db88bbc10:  99% ▕█████████████████ ▏ 3.8 GB/3.8 GB  9.5 MB/s      4s[K[?25h[?2026l[?2026h[?25l[A[1Gpulling manifest [K
pulling 518db88bbc10:  99% ▕█████████████████ ▏ 3.8 GB/3.8 GB  9.5 MB/s      3s[K[?25h[?2026l[?2026h[?25l[A[1Gpulling manifest [K
pulling 518db88bbc10:  99% ▕█████████████████ ▏ 3.8 GB/3.8 GB  8.6 MB/s      4s[K[?25h[?2026l[?2026h[?25l[A[1Gpulling manifest [K
pulling 518db88bbc10:  99% ▕█████████████████ ▏ 3.8 GB/3.8 GB  8.6 MB/s      4s[K[?25h[?2026l[?2026h[?25l[A[1Gpulling manifest [K
pulling 518db88bbc10:  99% ▕█████████████████ ▏ 3.8 GB/3.8 GB  8.6 MB/s      4s[K[?25h[?2026l[?2026h[?25l[A[1Gpulling manifest [K
pulling 518db88bbc10:  99% ▕█████████████████ ▏ 3.8 GB/3.8 GB  8.6 MB/s      4s[K[?25h[?2026l[?2026h[?25l[A[1Gpulling manifest [K
pulling 518db88bbc10:  99% ▕█████████████████ ▏ 3.8 GB/3.8 GB  8.6 MB/s      4s[K[?25h[?2026l[?2026h[?25l[A[1Gpulling manifest [K
pulling 518db88bbc10:  99% ▕█████████████████ ▏ 3.8 GB/3.8 GB  8.6 MB/s      4s[K[?25h[?2026l[?2026h[?25l[A[1Gpulling manifest [K
pulling 518db88bbc10:  99% ▕█████████████████ ▏ 3.8 GB/3.8 GB  8.6 MB/s      4s[K[?25h[?2026l[?2026h[?25l[A[1Gpulling manifest [K
pulling 518db88bbc10:  99% ▕█████████████████ ▏ 3.8 GB/3.8 GB  8.6 MB/s      3s[K[?25h[?2026l[?2026h[?25l[A[1Gpulling manifest [K
pulling 518db88bbc10:  99% ▕█████████████████ ▏ 3.8 GB/3.8 GB  8.6 MB/s      3s[K[?25h[?2026l[?2026h[?25l[A[1Gpulling manifest [K
pulling 518db88bbc10:  99% ▕█████████████████ ▏ 3.8 GB/3.8 GB  8.6 MB/s      3s[K[?25h[?2026l[?2026h[?25l[A[1Gpulling manifest [K
pulling 518db88bbc10:  99% ▕█████████████████ ▏ 3.8 GB/3.8 GB  8.5 MB/s      3s[K[?25h[?2026l[?2026h[?25l[A[1Gpulling manifest [K
pulling 518db88bbc10:  99% ▕█████████████████ ▏ 3.8 GB/3.8 GB  8.5 MB/s      3s[K[?25h[?2026l[?2026h[?25l[A[1Gpulling manifest [K
pulling 518db88bbc10:  99% ▕█████████████████ ▏ 3.8 GB/3.8 GB  8.5 MB/s      3s[K[?25h[?2026l[?2026h[?25l[A[1Gpulling manifest [K
pulling 518db88bbc10:  99% ▕█████████████████ ▏ 3.8 GB/3.8 GB  8.5 MB/s      3s[K[?25h[?2026l[?2026h[?25l[A[1Gpulling manifest [K
pulling 518db88bbc10:  99% ▕█████████████████ ▏ 3.8 GB/3.8 GB  8.5 MB/s      3s[K[?25h[?2026l[?2026h[?25l[A[1Gpulling manifest [K
pulling 518db88bbc10:  99% ▕█████████████████ ▏ 3.8 GB/3.8 GB  8.5 MB/s      3s[K[?25h[?2026l[?2026h[?25l[A[1Gpulling manifest [K
pulling 518db88bbc10:  99% ▕█████████████████ ▏ 3.8 GB/3.8 GB  8.5 MB/s      3s[K[?25h[?2026l[?2026h[?25l[A[1Gpulling manifest [K
pulling 518db88bbc10:  99% ▕█████████████████ ▏ 3.8 GB/3.8 GB  8.5 MB/s      3s[K[?25h[?2026l[?2026h[?25l[A[1Gpulling manifest [K
pulling 518db88bbc10:  99% ▕█████████████████ ▏ 3.8 GB/3.8 GB  8.5 MB/s      3s[K[?25h[?2026l[?2026h[?25l[A[1Gpulling manifest [K
pulling 518db88bbc10:  99% ▕█████████████████ ▏ 3.8 GB/3.8 GB  8.5 MB/s      3s[K[?25h[?2026l[?2026h[?25l[A[1Gpulling manifest [K
pulling 518db88bbc10:  99% ▕█████████████████ ▏ 3.8 GB/3.8 GB  8.4 MB/s      3s[K[?25h[?2026l[?2026h[?25l[A[1Gpulling manifest [K
pulling 518db88bbc10:  99% ▕█████████████████ ▏ 3.8 GB/3.8 GB  8.4 MB/s      3s[K[?25h[?2026l[?2026h[?25l[A[1Gpulling manifest [K
pulling 518db88bbc10:  99% ▕█████████████████ ▏ 3.8 GB/3.8 GB  8.4 MB/s      3s[K[?25h[?2026l[?2026h[?25l[A[1Gpulling manifest [K
pulling 518db88bbc10:  99% ▕█████████████████ ▏ 3.8 GB/3.8 GB  8.4 MB/s      3s[K[?25h[?2026l[?2026h[?25l[A[1Gpulling manifest [K
pulling 518db88bbc10:  99% ▕█████████████████ ▏ 3.8 GB/3.8 GB  8.4 MB/s      2s[K[?25h[?2026l[?2026h[?25l[A[1Gpulling manifest [K
pulling 518db88bbc10:  99% ▕█████████████████ ▏ 3.8 GB/3.8 GB  8.4 MB/s      2s[K[?25h[?2026l[?2026h[?25l[A[1Gpulling manifest [K
pulling 518db88bbc10:  99% ▕█████████████████ ▏ 3.8 GB/3.8 GB  8.4 MB/s      2s[K[?25h[?2026l[?2026h[?25l[A[1Gpulling manifest [K
pulling 518db88bbc10:  99% ▕█████████████████ ▏ 3.8 GB/3.8 GB  8.4 MB/s      2s[K[?25h[?2026l[?2026h[?25l[A[1Gpulling manifest [K
pulling 518db88bbc10:  99% ▕█████████████████ ▏ 3.8 GB/3.8 GB  8.4 MB/s      2s[K[?25h[?2026l[?2026h[?25l[A[1Gpulling manifest [K
pulling 518db88bbc10:  99% ▕█████████████████ ▏ 3.8 GB/3.8 GB  8.4 MB/s      2s[K[?25h[?2026l[?2026h[?25l[A[1Gpulling manifest [K
pulling 518db88bbc10:  99% ▕█████████████████ ▏ 3.8 GB/3.8 GB  8.4 MB/s      2s[K[?25h[?2026l[?2026h[?25l[A[1Gpulling manifest [K
pulling 518db88bbc10:  99% ▕█████████████████ ▏ 3.8 GB/3.8 GB  7.8 MB/s      2s[K[?25h[?2026l[?2026h[?25l[A[1Gpulling manifest [K
pulling 518db88bbc10: 100% ▕█████████████████ ▏ 3.8 GB/3.8 GB  7.8 MB/s      2s[K[?25h[?2026l[?2026h[?25l[A[1Gpulling manifest [K
pulling 518db88bbc10: 100% ▕█████████████████ ▏ 3.8 GB/3.8 GB  7.8 MB/s      2s[K[?25h[?2026l[?2026h[?25l[A[1Gpulling manifest [K
pulling 518db88bbc10: 100% ▕█████████████████ ▏ 3.8 GB/3.8 GB  7.8 MB/s      1s[K[?25h[?2026l[?2026h[?25l[A[1Gpulling manifest [K
pulling 518db88bbc10: 100% ▕█████████████████ ▏ 3.8 GB/3.8 GB  7.8 MB/s      1s[K[?25h[?2026l[?2026h[?25l[A[1Gpulling manifest [K
pulling 518db88bbc10: 100% ▕█████████████████ ▏ 3.8 GB/3.8 GB  7.8 MB/s      1s[K[?25h[?2026l[?2026h[?25l[A[1Gpulling manifest [K
pulling 518db88bbc10: 100% ▕█████████████████ ▏ 3.8 GB/3.8 GB  7.8 MB/s      1s[K[?25h[?2026l[?2026h[?25l[A[1Gpulling manifest [K
pulling 518db88bbc10: 100% ▕█████████████████ ▏ 3.8 GB/3.8 GB  7.8 MB/s      0s[K[?25h[?2026l[?2026h[?25l[A[1Gpulling manifest [K
pulling 518db88bbc10: 100% ▕█████████████████ ▏ 3.8 GB/3.8 GB  7.8 MB/s      0s[K[?25h[?2026l[?2026h[?25l[A[1Gpulling manifest [K
pulling 518db88bbc10: 100% ▕█████████████████ ▏ 3.8 GB/3.8 GB  7.8 MB/s      0s[K[?25h[?2026l[?2026h[?25l[A[1Gpulling manifest [K
pulling 518db88bbc10: 100% ▕█████████████████ ▏ 3.8 GB/3.8 GB  7.8 MB/s      0s[K[?25h[?2026l[?2026h[?25l[A[1Gpulling manifest [K
pulling 518db88bbc10: 100% ▕█████████████████ ▏ 3.8 GB/3.8 GB  7.8 MB/s      0s[K[?25h[?2026l[?2026h[?25l[A[1Gpulling manifest [K
pulling 518db88bbc10: 100% ▕█████████████████ ▏ 3.8 GB/3.8 GB  7.8 MB/s      0s[K[?25h[?2026l[?2026h[?25l[A[1Gpulling manifest [K
pulling 518db88bbc10: 100% ▕█████████████████ ▏ 3.8 GB/3.8 GB  7.8 MB/s      0s[K[?25h[?2026l[?2026h[?25l[A[1Gpulling manifest [K
pulling 518db88bbc10: 100% ▕█████████████████ ▏ 3.8 GB/3.8 GB  7.8 MB/s      0s[K[?25h[?2026l[?2026h[?25l[A[1Gpulling manifest [K
pulling 518db88bbc10: 100% ▕█████████████████ ▏ 3.8 GB/3.8 GB  7.8 MB/s      0s[K[?25h[?2026l[?2026h[?25l[A[1Gpulling manifest [K
pulling 518db88bbc10: 100% ▕█████████████████ ▏ 3.8 GB/3.8 GB  7.8 MB/s      0s[K[?25h[?2026l[?2026h[?25l[A[1Gpulling manifest [K
pulling 518db88bbc10: 100% ▕█████████████████ ▏ 3.8 GB/3.8 GB  7.8 MB/s      0s[K[?25h[?2026l[?2026h[?25l[A[1Gpulling manifest [K
pulling 518db88bbc10: 100% ▕█████████████████ ▏ 3.8 GB/3.8 GB  7.8 MB/s      0s[K[?25h[?2026l[?2026h[?25l[A[1Gpulling manifest [K
pulling 518db88bbc10: 100% ▕█████████████████ ▏ 3.8 GB/3.8 GB  7.8 MB/s      0s[K
verifying sha256 digest ⠋ [K[?25h[?2026l[?2026h[?25l[A[A[1Gpulling manifest [K
pulling 518db88bbc10: 100% ▕█████████████████ ▏ 3.8 GB/3.8 GB  7.8 MB/s      0s[K
verifying sha256 digest ⠙ [K[?25h[?2026l[?2026h[?25l[A[A[1Gpulling manifest [K
pulling 518db88bbc10: 100% ▕█████████████████ ▏ 3.8 GB/3.8 GB  7.8 MB/s      0s[K
verifying sha256 digest ⠹ [K[?25h[?2026l[?2026h[?25l[A[A[1Gpulling manifest [K
pulling 518db88bbc10: 100% ▕█████████████████ ▏ 3.8 GB/3.8 GB  7.8 MB/s      0s[K
verifying sha256 digest ⠸ [K[?25h[?2026l[?2026h[?25l[A[A[1Gpulling manifest [K
pulling 518db88bbc10: 100% ▕█████████████████ ▏ 3.8 GB/3.8 GB  7.8 MB/s      0s[K
verifying sha256 digest ⠼ [K[?25h[?2026l[?2026h[?25l[A[A[1Gpulling manifest [K
pulling 518db88bbc10: 100% ▕█████████████████ ▏ 3.8 GB/3.8 GB  7.8 MB/s      0s[K
verifying sha256 digest ⠴ [K[?25h[?2026l[?2026h[?25l[A[A[1Gpulling manifest [K
pulling 518db88bbc10: 100% ▕█████████████████ ▏ 3.8 GB/3.8 GB  7.8 MB/s      0s[K
verifying sha256 digest ⠦ [K[?25h[?2026l[?2026h[?25l[A[A[1Gpulling manifest [K
pulling 518db88bbc10: 100% ▕█████████████████ ▏ 3.8 GB/3.8 GB  7.8 MB/s      0s[K
verifying sha256 digest ⠧ [K[?25h[?2026l[?2026h[?25l[A[A[1Gpulling manifest [K
pulling 518db88bbc10: 100% ▕█████████████████ ▏ 3.8 GB/3.8 GB  7.8 MB/s      0s[K
verifying sha256 digest ⠇ [K[?25h[?2026l[?2026h[?25l[A[A[1Gpulling manifest [K
pulling 518db88bbc10: 100% ▕█████████████████ ▏ 3.8 GB/3.8 GB  7.8 MB/s      0s[K
verifying sha256 digest ⠏ [K[?25h[?2026l[?2026h[?25l[A[A[1Gpulling manifest [K
pulling 518db88bbc10: 100% ▕█████████████████ ▏ 3.8 GB/3.8 GB  7.8 MB/s      0s[K
verifying sha256 digest ⠋ [K[?25h[?2026l[?2026h[?25l[A[A[1Gpulling manifest [K
pulling 518db88bbc10: 100% ▕█████████████████ ▏ 3.8 GB/3.8 GB  7.8 MB/s      0s[K
verifying sha256 digest ⠙ [K[?25h[?2026l[?2026h[?25l[A[A[1Gpulling manifest [K
pulling 518db88bbc10: 100% ▕█████████████████ ▏ 3.8 GB/3.8 GB  7.8 MB/s      0s[K
verifying sha256 digest ⠹ [K[?25h[?2026l[?2026h[?25l[A[A[1Gpulling manifest [K
pulling 518db88bbc10: 100% ▕█████████████████ ▏ 3.8 GB/3.8 GB  7.8 MB/s      0s[K
verifying sha256 digest ⠸ [K[?25h[?2026l[?2026h[?25l[A[A[1Gpulling manifest [K
pulling 518db88bbc10: 100% ▕█████████████████ ▏ 3.8 GB/3.8 GB  7.8 MB/s      0s[K
verifying sha256 digest ⠼ [K[?25h[?2026l[?2026h[?25l[A[A[1Gpulling manifest [K
pulling 518db88bbc10: 100% ▕█████████████████ ▏ 3.8 GB/3.8 GB  7.8 MB/s      0s[K
verifying sha256 digest ⠴ [K[?25h[?2026l[?2026h[?25l[A[A[1Gpulling manifest [K
pulling 518db88bbc10: 100% ▕█████████████████ ▏ 3.8 GB/3.8 GB  7.8 MB/s      0s[K
verifying sha256 digest ⠦ [K[?25h[?2026l[?2026h[?25l[A[A[1Gpulling manifest [K
pulling 518db88bbc10: 100% ▕█████████████████ ▏ 3.8 GB/3.8 GB  7.8 MB/s      0s[K
verifying sha256 digest ⠧ [K[?25h[?2026l[?2026h[?25l[A[A[1Gpulling manifest [K
pulling 518db88bbc10: 100% ▕█████████████████ ▏ 3.8 GB/3.8 GB  7.8 MB/s      0s[K
verifying sha256 digest ⠇ [K[?25h[?2026l[?2026h[?25l[A[A[1Gpulling manifest [K
pulling 518db88bbc10: 100% ▕█████████████████ ▏ 3.8 GB/3.8 GB  7.8 MB/s      0s[K
verifying sha256 digest ⠏ [K[?25h[?2026l[?2026h[?25l[A[A[1Gpulling manifest [K
pulling 518db88bbc10: 100% ▕█████████████████ ▏ 3.8 GB/3.8 GB  7.8 MB/s      0s[K
verifying sha256 digest ⠋ [K[?25h[?2026l[?2026h[?25l[A[A[1Gpulling manifest [K
pulling 518db88bbc10: 100% ▕█████████████████ ▏ 3.8 GB/3.8 GB  7.8 MB/s      0s[K
verifying sha256 digest [K
writing manifest [K
success [K[?25h[?2026l
