[?2026h[?25l[1Gpulling manifest ⠋ [K[?25h[?2026l[?2026h[?25l[1Gpulling manifest ⠹ [K[?25h[?2026l[?2026h[?25l[1Gpulling manifest ⠹ [K[?25h[?2026l[?2026h[?25l[1Gpulling manifest ⠸ [K[?25h[?2026l[?2026h[?25l[1Gpulling manifest ⠼ [K[?25h[?2026l[?2026h[?25l[1Gpulling manifest ⠴ [K[?25h[?2026l[?2026h[?25l[1Gpulling manifest ⠦ [K[?25h[?2026l[?2026h[?25l[1Gpulling manifest ⠧ [K[?25h[?2026l[?2026h[?25l[1Gpulling manifest ⠇ [K[?25h[?2026l[?2026h[?25l[1Gpulling manifest ⠋ [K[?25h[?2026l[?2026h[?25l[1Gpulling manifest ⠋ [K[?25h[?2026l[?2026h[?25l[1Gpulling manifest ⠹ [K[?25h[?2026l[?2026h[?25l[1Gpulling manifest [K
pulling 9657d5771484:   0% ▕                  ▏ 621 KB/6.2 GB                  [K[?25h[?2026l[?2026h[?25l[A[1Gpulling manifest [K
pulling 9657d5771484:   0% ▕                  ▏ 980 KB/6.2 GB                  [K[?25h[?2026l[?2026h[?25l[A[1Gpulling manifest [K
pulling 9657d5771484:   0% ▕                  ▏ 2.7 MB/6.2 GB                  [K[?25h[?2026l[?2026h[?25l[A[1Gpulling manifest [K
pulling 9657d5771484:   0% ▕                  ▏ 4.9 MB/6.2 GB                  [K[?25h[?2026l[?2026h[?25l[A[1Gpulling manifest [K
pulling 9657d5771484:   0% ▕                  ▏ 5.5 MB/6.2 GB                  [K[?25h[?2026l[?2026h[?25l[A[1Gpulling manifest [K
pulling 9657d5771484:   0% ▕                  ▏ 7.5 MB/6.2 GB                  [K[?25h[?2026l[?2026h[?25l[A[1Gpulling manifest [K
pulling 9657d5771484:   0% ▕                  ▏ 8.9 MB/6.2 GB                  [K[?25h[?2026l[?2026h[?25l[A[1Gpulling manifest [K
pulling 9657d5771484:   0% ▕                  ▏  10 MB/6.2 GB                  [K[?25h[?2026l[?2026h[?25l[A[1Gpulling manifest [K
pulling 9657d5771484:   0% ▕                  ▏  12 MB/6.2 GB                  [K[?25h[?2026l[?2026h[?25l[A[1Gpulling manifest [K
pulling 9657d5771484:   0% ▕                  ▏  14 MB/6.2 GB                  [K[?25h[?2026l[?2026h[?25l[A[1Gpulling manifest [K
pulling 9657d5771484:   0% ▕                  ▏  15 MB/6.2 GB   15 MB/s   6m52s[K[?25h[?2026l[?2026h[?25l[A[1Gpulling manifest [K
pulling 9657d5771484:   0% ▕                  ▏  17 MB/6.2 GB   15 MB/s   6m52s[K[?25h[?2026l[?2026h[?25l[A[1Gpulling manifest [K
pulling 9657d5771484:   0% ▕                  ▏  20 MB/6.2 GB   15 MB/s   6m52s[K[?25h[?2026l[?2026h[?25l[A[1Gpulling manifest [K
pulling 9657d5771484:   0% ▕                  ▏  20 MB/6.2 GB   15 MB/s   6m52s[K[?25h[?2026l[?2026h[?25l[A[1Gpulling manifest [K
pulling 9657d5771484:   0% ▕                  ▏  22 MB/6.2 GB   15 MB/s   6m52s[K[?25h[?2026l[?2026h[?25l[A[1Gpulling manifest [K
pulling 9657d5771484:   0% ▕                  ▏  24 MB/6.2 GB   15 MB/s   6m52s[K[?25h[?2026l[?2026h[?25l[A[1Gpulling manifest [K
pulling 9657d5771484:   0% ▕                  ▏  25 MB/6.2 GB   15 MB/s   6m52s[K[?25h[?2026l[?2026h[?25l[A[1Gpulling manifest [K
pulling 9657d5771484:   0% ▕                  ▏  28 MB/6.2 GB   15 MB/s   6m52s[K[?25h[?2026l[?2026h[?25l[A[1Gpulling manifest [K
pulling 9657d5771484:   0% ▕                  ▏  30 MB/6.2 GB   15 MB/s   6m51s[K[?25h[?2026l[?2026h[?25l[A[1Gpulling manifest [K
pulling 9657d5771484:   1% ▕                  ▏  31 MB/6.2 GB   15 MB/s   6m51s[K[?25h[?2026l[?2026h[?25l[A[1Gpulling manifest [K
pulling 9657d5771484:   1% ▕                  ▏  34 MB/6.2 GB   17 MB/s   5m58s[K[?25h[?2026l[?2026h[?25l[A[1Gpulling manifest [K
pulling 9657d5771484:   1% ▕                  ▏  36 MB/6.2 GB   17 MB/s   5m58s[K[?25h[?2026l[?2026h[?25l[A[1Gpulling manifest [K
pulling 9657d5771484:   1% ▕                  ▏  38 MB/6.2 GB   17 MB/s   5m58s[K[?25h[?2026l[?2026h[?25l[A[1Gpulling manifest [K
pulling 9657d5771484:   1% ▕                  ▏  41 MB/6.2 GB   17 MB/s   5m58s[K[?25h[?2026l[?2026h[?25l[A[1Gpulling manifest [K
pulling 9657d5771484:   1% ▕                  ▏  43 MB/6.2 GB   17 MB/s   5m58s[K[?25h[?2026l[?2026h[?25l[A[1Gpulling manifest [K
pulling 9657d5771484:   1% ▕                  ▏  44 MB/6.2 GB   17 MB/s   5m58s[K[?25h[?2026l[?2026h[?25l[A[1Gpulling manifest [K
pulling 9657d5771484:   1% ▕                  ▏  47 MB/6.2 GB   17 MB/s   5m58s[K[?25h[?2026l[?2026h[?25l[A[1Gpulling manifest [K
pulling 9657d5771484:   1% ▕                  ▏  49 MB/6.2 GB   17 MB/s   5m58s[K[?25h[?2026l[?2026h[?25l[A[1Gpulling manifest [K
pulling 9657d5771484:   1% ▕                  ▏  50 MB/6.2 GB   17 MB/s   5m57s[K[?25h[?2026l[?2026h[?25l[A[1Gpulling manifest [K
pulling 9657d5771484:   1% ▕                  ▏  53 MB/6.2 GB   17 MB/s   5m57s[K[?25h[?2026l[?2026h[?25l[A[1Gpulling manifest [K
pulling 9657d5771484:   1% ▕                  ▏  54 MB/6.2 GB   18 MB/s   5m40s[K[?25h[?2026l[?2026h[?25l[A[1Gpulling manifest [K
pulling 9657d5771484:   1% ▕                  ▏  55 MB/6.2 GB   18 MB/s   5m40s[K[?25h[?2026l[?2026h[?25l[A[1Gpulling manifest [K
pulling 9657d5771484:   1% ▕                  ▏  58 MB/6.2 GB   18 MB/s   5m40s[K[?25h[?2026l[?2026h[?25l[A[1Gpulling manifest [K
pulling 9657d5771484:   1% ▕                  ▏  61 MB/6.2 GB   18 MB/s   5m40s[K[?25h[?2026l[?2026h[?25l[A[1Gpulling manifest [K
pulling 9657d5771484:   1% ▕                  ▏  61 MB/6.2 GB   18 MB/s   5m40s[K[?25h[?2026l[?2026h[?25l[A[1Gpulling manifest [K
pulling 9657d5771484:   1% ▕                  ▏  65 MB/6.2 GB   18 MB/s   5m40s[K[?25h[?2026l[?2026h[?25l[A[1Gpulling manifest [K
pulling 9657d5771484:   1% ▕                  ▏  66 MB/6.2 GB   18 MB/s   5m40s[K[?25h[?2026l[?2026h[?25l[A[1Gpulling manifest [K
pulling 9657d5771484:   1% ▕                  ▏  68 MB/6.2 GB   18 MB/s   5m39s[K[?25h[?2026l[?2026h[?25l[A[1Gpulling manifest [K
pulling 9657d5771484:   1% ▕                  ▏  69 MB/6.2 GB   18 MB/s   5m39s[K[?25h[?2026l[?2026h[?25l[A[1Gpulling manifest [K
pulling 9657d5771484:   1% ▕                  ▏  72 MB/6.2 GB   18 MB/s   5m39s[K[?25h[?2026l[?2026h[?25l[A[1Gpulling manifest [K
pulling 9657d5771484:   1% ▕                  ▏  73 MB/6.2 GB   18 MB/s   5m39s[K[?25h[?2026l[?2026h[?25l[A[1Gpulling manifest [K
pulling 9657d5771484:   1% ▕                  ▏  77 MB/6.2 GB   18 MB/s   5m28s[K[?25h[?2026l[?2026h[?25l[A[1Gpulling manifest [K
pulling 9657d5771484:   1% ▕                  ▏  78 MB/6.2 GB   18 MB/s   5m28s[K[?25h[?2026l[?2026h[?25l[A[1Gpulling manifest [K
pulling 9657d5771484:   1% ▕                  ▏  80 MB/6.2 GB   18 MB/s   5m28s[K[?25h[?2026l[?2026h[?25l[A[1Gpulling manifest [K
pulling 9657d5771484:   1% ▕                  ▏  82 MB/6.2 GB   18 MB/s   5m27s[K[?25h[?2026l[?2026h[?25l[A[1Gpulling manifest [K
pulling 9657d5771484:   1% ▕                  ▏  84 MB/6.2 GB   18 MB/s   5m27s[K[?25h[?2026l[?2026h[?25l[A[1Gpulling manifest [K
pulling 9657d5771484:   1% ▕                  ▏  85 MB/6.2 GB   18 MB/s   5m27s[K[?25h[?2026l[?2026h[?25l[A[1Gpulling manifest [K
pulling 9657d5771484:   1% ▕                  ▏  88 MB/6.2 GB   18 MB/s   5m27s[K[?25h[?2026l[?2026h[?25l[A[1Gpulling manifest [K
pulling 9657d5771484:   1% ▕                  ▏  90 MB/6.2 GB   18 MB/s   5m27s[K[?25h[?2026l[?2026h[?25l[A[1Gpulling manifest [K
pulling 9657d5771484:   1% ▕                  ▏  92 MB/6.2 GB   18 MB/s   5m27s[K[?25h[?2026l[?2026h[?25l[A[1Gpulling manifest [K
pulling 9657d5771484:   2% ▕                  ▏  94 MB/6.2 GB   18 MB/s   5m27s[K[?25h[?2026l[?2026h[?25l[A[1Gpulling manifest [K
pulling 9657d5771484:   2% ▕                  ▏  96 MB/6.2 GB   19 MB/s   5m18s[K[?25h[?2026l[?2026h[?25l[A[1Gpulling manifest [K
pulling 9657d5771484:   2% ▕                  ▏  98 MB/6.2 GB   19 MB/s   5m18s[K[?25h[?2026l[?2026h[?25l[A[1Gpulling manifest [K
pulling 9657d5771484:   2% ▕                  ▏ 101 MB/6.2 GB   19 MB/s   5m18s[K[?25h[?2026l[?2026h[?25l[A[1Gpulling manifest [K
pulling 9657d5771484:   2% ▕                  ▏ 103 MB/6.2 GB   19 MB/s   5m18s[K[?25h[?2026l[?2026h[?25l[A[1Gpulling manifest [K
pulling 9657d5771484:   2% ▕                  ▏ 104 MB/6.2 GB   19 MB/s   5m18s[K[?25h[?2026l[?2026h[?25l[A[1Gpulling manifest [K
pulling 9657d5771484:   2% ▕                  ▏ 107 MB/6.2 GB   19 MB/s   5m18s[K[?25h[?2026l[?2026h[?25l[A[1Gpulling manifest [K
pulling 9657d5771484:   2% ▕                  ▏ 109 MB/6.2 GB   19 MB/s   5m18s[K[?25h[?2026l[?2026h[?25l[A[1Gpulling manifest [K
pulling 9657d5771484:   2% ▕                  ▏ 111 MB/6.2 GB   19 MB/s   5m18s[K[?25h[?2026l[?2026h[?25l[A[1Gpulling manifest [K
pulling 9657d5771484:   2% ▕                  ▏ 113 MB/6.2 GB   19 MB/s   5m18s[K[?25h[?2026l[?2026h[?25l[A[1Gpulling manifest [K
pulling 9657d5771484:   2% ▕                  ▏ 116 MB/6.2 GB   19 MB/s   5m17s[K[?25h[?2026l[?2026h[?25l[A[1Gpulling manifest [K
pulling 9657d5771484:   2% ▕                  ▏ 117 MB/6.2 GB   19 MB/s   5m12s[K[?25h[?2026l[?2026h[?25l[A[1Gpulling manifest [K
pulling 9657d5771484:   2% ▕                  ▏ 118 MB/6.2 GB   19 MB/s   5m12s[K[?25h[?2026l[?2026h[?25l[A[1Gpulling manifest [K
pulling 9657d5771484:   2% ▕                  ▏ 120 MB/6.2 GB   19 MB/s   5m12s[K[?25h[?2026l[?2026h[?25l[A[1Gpulling manifest [K
pulling 9657d5771484:   2% ▕                  ▏ 121 MB/6.2 GB   19 MB/s   5m12s[K[?25h[?2026l[?2026h[?25l[A[1Gpulling manifest [K
pulling 9657d5771484:   2% ▕                  ▏ 124 MB/6.2 GB   19 MB/s   5m12s[K[?25h[?2026l[?2026h[?25l[A[1Gpulling manifest [K
pulling 9657d5771484:   2% ▕                  ▏ 126 MB/6.2 GB   19 MB/s   5m12s[K[?25h[?2026l[?2026h[?25l[A[1Gpulling manifest [K
pulling 9657d5771484:   2% ▕                  ▏ 127 MB/6.2 GB   19 MB/s   5m12s[K[?25h[?2026l[?2026h[?25l[A[1Gpulling manifest [K
pulling 9657d5771484:   2% ▕                  ▏ 130 MB/6.2 GB   19 MB/s   5m11s[K[?25h[?2026l[?2026h[?25l[A[1Gpulling manifest [K
pulling 9657d5771484:   2% ▕                  ▏ 131 MB/6.2 GB   19 MB/s   5m11s[K[?25h[?2026l[?2026h[?25l[A[1Gpulling manifest [K
pulling 9657d5771484:   2% ▕                  ▏ 132 MB/6.2 GB   19 MB/s   5m11s[K[?25h[?2026l[?2026h[?25l[A[1Gpulling manifest [K
pulling 9657d5771484:   2% ▕                  ▏ 136 MB/6.2 GB   19 MB/s   5m13s[K[?25h[?2026l[?2026h[?25l[A[1Gpulling manifest [K
pulling 9657d5771484:   2% ▕                  ▏ 137 MB/6.2 GB   19 MB/s   5m13s[K[?25h[?2026l[?2026h[?25l[A[1Gpulling manifest [K
pulling 9657d5771484:   2% ▕                  ▏ 138 MB/6.2 GB   19 MB/s   5m13s[K[?25h[?2026l[?2026h[?25l[A[1Gpulling manifest [K
pulling 9657d5771484:   2% ▕                  ▏ 140 MB/6.2 GB   19 MB/s   5m13s[K[?25h[?2026l[?2026h[?25l[A[1Gpulling manifest [K
pulling 9657d5771484:   2% ▕                  ▏ 142 MB/6.2 GB   19 MB/s   5m12s[K[?25h[?2026l[?2026h[?25l[A[1Gpulling manifest [K
pulling 9657d5771484:   2% ▕                  ▏ 144 MB/6.2 GB   19 MB/s   5m12s[K[?25h[?2026l[?2026h[?25l[A[1Gpulling manifest [K
pulling 9657d5771484:   2% ▕                  ▏ 145 MB/6.2 GB   19 MB/s   5m12s[K[?25h[?2026l[?2026h[?25l[A[1Gpulling manifest [K
pulling 9657d5771484:   2% ▕                  ▏ 147 MB/6.2 GB   19 MB/s   5m12s[K[?25h[?2026l[?2026h[?25l[A[1Gpulling manifest [K
pulling 9657d5771484:   2% ▕                  ▏ 148 MB/6.2 GB   19 MB/s   5m12s[K[?25h[?2026l[?2026h[?25l[A[1Gpulling manifest [K
pulling 9657d5771484:   2% ▕                  ▏ 151 MB/6.2 GB   19 MB/s   5m12s[K[?25h[?2026l[?2026h[?25l[A[1Gpulling manifest [K
pulling 9657d5771484:   2% ▕                  ▏ 153 MB/6.2 GB   19 MB/s   5m16s[K[?25h[?2026l[?2026h[?25l[A[1Gpulling manifest [K
pulling 9657d5771484:   2% ▕                  ▏ 154 MB/6.2 GB   19 MB/s   5m15s[K[?25h[?2026l[?2026h[?25l[A[1Gpulling manifest [K
pulling 9657d5771484:   3% ▕                  ▏ 157 MB/6.2 GB   19 MB/s   5m15s[K[?25h[?2026l[?2026h[?25l[A[1Gpulling manifest [K
pulling 9657d5771484:   3% ▕                  ▏ 158 MB/6.2 GB   19 MB/s   5m15s[K[?25h[?2026l[?2026h[?25l[A[1Gpulling manifest [K
pulling 9657d5771484:   3% ▕                  ▏ 159 MB/6.2 GB   19 MB/s   5m15s[K[?25h[?2026l[?2026h[?25l[A[1Gpulling manifest [K
pulling 9657d5771484:   3% ▕                  ▏ 161 MB/6.2 GB   19 MB/s   5m15s[K[?25h[?2026l[?2026h[?25l[A[1Gpulling manifest [K
pulling 9657d5771484:   3% ▕                  ▏ 163 MB/6.2 GB   19 MB/s   5m15s[K[?25h[?2026l[?2026h[?25l[A[1Gpulling manifest [K
pulling 9657d5771484:   3% ▕                  ▏ 164 MB/6.2 GB   19 MB/s   5m15s[K[?25h[?2026l[?2026h[?25l[A[1Gpulling manifest [K
pulling 9657d5771484:   3% ▕                  ▏ 166 MB/6.2 GB   19 MB/s   5m15s[K[?25h[?2026l[?2026h[?25l[A[1Gpulling manifest [K
pulling 9657d5771484:   3% ▕                  ▏ 169 MB/6.2 GB   19 MB/s   5m15s[K[?25h[?2026l[?2026h[?25l[A[1Gpulling manifest [K
pulling 9657d5771484:   3% ▕                  ▏ 169 MB/6.2 GB   19 MB/s   5m15s[K[?25h[?2026l[?2026h[?25l[A[1Gpulling manifest [K
pulling 9657d5771484:   3% ▕                  ▏ 173 MB/6.2 GB   19 MB/s   5m17s[K[?25h[?2026l[?2026h[?25l[A[1Gpulling manifest [K
pulling 9657d5771484:   3% ▕                  ▏ 175 MB/6.2 GB   19 MB/s   5m17s[K[?25h[?2026l[?2026h[?25l[A[1Gpulling manifest [K
pulling 9657d5771484:   3% ▕                  ▏ 177 MB/6.2 GB   19 MB/s   5m17s[K[?25h[?2026l[?2026h[?25l[A[1Gpulling manifest [K
pulling 9657d5771484:   3% ▕                  ▏ 178 MB/6.2 GB   19 MB/s   5m17s[K[?25h[?2026l[?2026h[?25l[A[1Gpulling manifest [K
pulling 9657d5771484:   3% ▕                  ▏ 178 MB/6.2 GB   19 MB/s   5m17s[K[?25h[?2026l[?2026h[?25l[A[1Gpulling manifest [K
pulling 9657d5771484:   3% ▕                  ▏ 178 MB/6.2 GB   19 MB/s   5m17s[K[?25h[?2026l[?2026h[?25l[A[1Gpulling manifest [K
pulling 9657d5771484:   3% ▕                  ▏ 180 MB/6.2 GB   19 MB/s   5m17s[K[?25h[?2026l[?2026h[?25l[A[1Gpulling manifest [K
pulling 9657d5771484:   3% ▕                  ▏ 181 MB/6.2 GB   19 MB/s   5m17s[K[?25h[?2026l[?2026h[?25l[A[1Gpulling manifest [K
pulling 9657d5771484:   3% ▕                  ▏ 182 MB/6.2 GB   19 MB/s   5m17s[K[?25h[?2026l[?2026h[?25l[A[1Gpulling manifest [K
pulling 9657d5771484:   3% ▕                  ▏ 185 MB/6.2 GB   19 MB/s   5m17s[K[?25h[?2026l[?2026h[?25l[A[1Gpulling manifest [K
pulling 9657d5771484:   3% ▕                  ▏ 187 MB/6.2 GB   18 MB/s   5m18s[K[?25h[?2026l[?2026h[?25l[A[1Gpulling manifest [K
pulling 9657d5771484:   3% ▕                  ▏ 187 MB/6.2 GB   18 MB/s   5m18s[K[?25h[?2026l[?2026h[?25l[A[1Gpulling manifest [K
pulling 9657d5771484:   3% ▕                  ▏ 189 MB/6.2 GB   18 MB/s   5m18s[K[?25h[?2026l[?2026h[?25l[A[1Gpulling manifest [K
pulling 9657d5771484:   3% ▕                  ▏ 190 MB/6.2 GB   18 MB/s   5m18s[K[?25h[?2026l[?2026h[?25l[A[1Gpulling manifest [K
pulling 9657d5771484:   3% ▕                  ▏ 191 MB/6.2 GB   18 MB/s   5m18s[K[?25h[?2026l[?2026h[?25l[A[1Gpulling manifest [K
pulling 9657d5771484:   3% ▕                  ▏ 193 MB/6.2 GB   18 MB/s   5m18s[K[?25h[?2026l[?2026h[?25l[A[1Gpulling manifest [K
pulling 9657d5771484:   3% ▕                  ▏ 195 MB/6.2 GB   18 MB/s   5m18s[K[?25h[?2026l[?2026h[?25l[A[1Gpulling manifest [K
pulling 9657d5771484:   3% ▕                  ▏ 196 MB/6.2 GB   18 MB/s   5m18s[K[?25h[?2026l[?2026h[?25l[A[1Gpulling manifest [K
pulling 9657d5771484:   3% ▕                  ▏ 197 MB/6.2 GB   18 MB/s   5m18s[K[?25h[?2026l[?2026h[?25l[A[1Gpulling manifest [K
pulling 9657d5771484:   3% ▕                  ▏ 199 MB/6.2 GB   18 MB/s   5m17s[K[?25h[?2026l[?2026h[?25l[A[1Gpulling manifest [K
pulling 9657d5771484:   3% ▕                  ▏ 200 MB/6.2 GB   18 MB/s   5m27s[K[?25h[?2026l[?2026h[?25l[A[1Gpulling manifest [K
pulling 9657d5771484:   3% ▕                  ▏ 202 MB/6.2 GB   18 MB/s   5m27s[K[?25h[?2026l[?2026h[?25l[A[1Gpulling manifest [K
pulling 9657d5771484:   3% ▕                  ▏ 204 MB/6.2 GB   18 MB/s   5m26s[K[?25h[?2026l[?2026h[?25l[A[1Gpulling manifest [K
pulling 9657d5771484:   3% ▕                  ▏ 206 MB/6.2 GB   18 MB/s   5m26s[K[?25h[?2026l[?2026h[?25l[A[1Gpulling manifest [K
pulling 9657d5771484:   3% ▕                  ▏ 207 MB/6.2 GB   18 MB/s   5m26s[K[?25h[?2026l[?2026h[?25l[A[1Gpulling manifest [K
pulling 9657d5771484:   3% ▕                  ▏ 210 MB/6.2 GB   18 MB/s   5m26s[K[?25h[?2026l[?2026h[?25l[A[1Gpulling manifest [K
pulling 9657d5771484:   3% ▕                  ▏ 211 MB/6.2 GB   18 MB/s   5m26s[K[?25h[?2026l[?2026h[?25l[A[1Gpulling manifest [K
pulling 9657d5771484:   3% ▕                  ▏ 214 MB/6.2 GB   18 MB/s   5m26s[K[?25h[?2026l[?2026h[?25l[A[1Gpulling manifest [K
pulling 9657d5771484:   3% ▕                  ▏ 215 MB/6.2 GB   18 MB/s   5m26s[K[?25h[?2026l[?2026h[?25l[A[1Gpulling manifest [K
pulling 9657d5771484:   3% ▕                  ▏ 216 MB/6.2 GB   18 MB/s   5m26s[K[?25h[?2026l[?2026h[?25l[A[1Gpulling manifest [K
pulling 9657d5771484:   4% ▕                  ▏ 219 MB/6.2 GB   18 MB/s   5m26s[K[?25h[?2026l[?2026h[?25l[A[1Gpulling manifest [K
pulling 9657d5771484:   4% ▕                  ▏ 221 MB/6.2 GB   18 MB/s   5m26s[K[?25h[?2026l[?2026h[?25l[A[1Gpulling manifest [K
pulling 9657d5771484:   4% ▕                  ▏ 222 MB/6.2 GB   18 MB/s   5m26s[K[?25h[?2026l[?2026h[?25l[A[1Gpulling manifest [K
pulling 9657d5771484:   4% ▕                  ▏ 223 MB/6.2 GB   18 MB/s   5m26s[K[?25h[?2026l[?2026h[?25l[A[1Gpulling manifest [K
pulling 9657d5771484:   4% ▕                  ▏ 225 MB/6.2 GB   18 MB/s   5m26s[K[?25h[?2026l[?2026h[?25l[A[1Gpulling manifest [K
pulling 9657d5771484:   4% ▕                  ▏ 227 MB/6.2 GB   18 MB/s   5m26s[K[?25h[?2026l[?2026h[?25l[A[1Gpulling manifest [K
pulling 9657d5771484:   4% ▕                  ▏ 229 MB/6.2 GB   18 MB/s   5m26s[K[?25h[?2026l[?2026h[?25l[A[1Gpulling manifest [K
pulling 9657d5771484:   4% ▕                  ▏ 232 MB/6.2 GB   18 MB/s   5m25s[K[?25h[?2026l[?2026h[?25l[A[1Gpulling manifest [K
pulling 9657d5771484:   4% ▕                  ▏ 232 MB/6.2 GB   18 MB/s   5m25s[K[?25h[?2026l[?2026h[?25l[A[1Gpulling manifest [K
pulling 9657d5771484:   4% ▕                  ▏ 235 MB/6.2 GB   18 MB/s   5m25s[K[?25h[?2026l[?2026h[?25l[A[1Gpulling manifest [K
pulling 9657d5771484:   4% ▕                  ▏ 237 MB/6.2 GB   18 MB/s   5m32s[K[?25h[?2026l[?2026h[?25l[A[1Gpulling manifest [K
pulling 9657d5771484:   4% ▕                  ▏ 238 MB/6.2 GB   18 MB/s   5m32s[K[?25h[?2026l[?2026h[?25l[A[1Gpulling manifest [K
pulling 9657d5771484:   4% ▕                  ▏ 240 MB/6.2 GB   18 MB/s   5m31s[K[?25h[?2026l[?2026h[?25l[A[1Gpulling manifest [K
pulling 9657d5771484:   4% ▕                  ▏ 243 MB/6.2 GB   18 MB/s   5m31s[K[?25h[?2026l[?2026h[?25l[A[1Gpulling manifest [K
pulling 9657d5771484:   4% ▕                  ▏ 244 MB/6.2 GB   18 MB/s   5m31s[K[?25h[?2026l[?2026h[?25l[A[1Gpulling manifest [K
pulling 9657d5771484:   4% ▕                  ▏ 246 MB/6.2 GB   18 MB/s   5m31s[K[?25h[?2026l[?2026h[?25l[A[1Gpulling manifest [K
pulling 9657d5771484:   4% ▕                  ▏ 249 MB/6.2 GB   18 MB/s   5m31s[K[?25h[?2026l[?2026h[?25l[A[1Gpulling manifest [K
pulling 9657d5771484:   4% ▕                  ▏ 250 MB/6.2 GB   18 MB/s   5m31s[K[?25h[?2026l[?2026h[?25l[A[1Gpulling manifest [K
pulling 9657d5771484:   4% ▕                  ▏ 252 MB/6.2 GB   18 MB/s   5m31s[K[?25h[?2026l[?2026h[?25l[A[1Gpulling manifest [K
pulling 9657d5771484:   4% ▕                  ▏ 254 MB/6.2 GB   18 MB/s   5m31s[K[?25h[?2026l[?2026h[?25l[A[1Gpulling manifest [K
pulling 9657d5771484:   4% ▕                  ▏ 255 MB/6.2 GB   18 MB/s   5m31s[K[?25h[?2026l[?2026h[?25l[A[1Gpulling manifest [K
pulling 9657d5771484:   4% ▕                  ▏ 258 MB/6.2 GB   17 MB/s   5m32s[K[?25h[?2026l[?2026h[?25l[A[1Gpulling manifest [K
pulling 9657d5771484:   4% ▕                  ▏ 260 MB/6.2 GB   17 MB/s   5m32s[K[?25h[?2026l[?2026h[?25l[A[1Gpulling manifest [K
pulling 9657d5771484:   4% ▕                  ▏ 261 MB/6.2 GB   17 MB/s   5m31s[K[?25h[?2026l[?2026h[?25l[A[1Gpulling manifest [K
pulling 9657d5771484:   4% ▕                  ▏ 265 MB/6.2 GB   17 MB/s   5m31s[K[?25h[?2026l[?2026h[?25l[A[1Gpulling manifest [K
pulling 9657d5771484:   4% ▕                  ▏ 266 MB/6.2 GB   17 MB/s   5m31s[K[?25h[?2026l[?2026h[?25l[A[1Gpulling manifest [K
pulling 9657d5771484:   4% ▕                  ▏ 268 MB/6.2 GB   17 MB/s   5m31s[K[?25h[?2026l[?2026h[?25l[A[1Gpulling manifest [K
pulling 9657d5771484:   4% ▕                  ▏ 270 MB/6.2 GB   17 MB/s   5m31s[K[?25h[?2026l[?2026h[?25l[A[1Gpulling manifest [K
pulling 9657d5771484:   4% ▕                  ▏ 272 MB/6.2 GB   17 MB/s   5m31s[K[?25h[?2026l[?2026h[?25l[A[1Gpulling manifest [K
pulling 9657d5771484:   4% ▕                  ▏ 273 MB/6.2 GB   17 MB/s   5m31s[K[?25h[?2026l[?2026h[?25l[A[1Gpulling manifest [K
pulling 9657d5771484:   4% ▕                  ▏ 275 MB/6.2 GB   17 MB/s   5m31s[K[?25h[?2026l[?2026h[?25l[A[1Gpulling manifest [K
pulling 9657d5771484:   4% ▕                  ▏ 277 MB/6.2 GB   17 MB/s   5m36s[K[?25h[?2026l[?2026h[?25l[A[1Gpulling manifest [K
pulling 9657d5771484:   4% ▕                  ▏ 278 MB/6.2 GB   17 MB/s   5m36s[K[?25h[?2026l[?2026h[?25l[A[1Gpulling manifest [K
pulling 9657d5771484:   5% ▕                  ▏ 280 MB/6.2 GB   17 MB/s   5m36s[K[?25h[?2026l[?2026h[?25l[A[1Gpulling manifest [K
pulling 9657d5771484:   5% ▕                  ▏ 282 MB/6.2 GB   17 MB/s   5m36s[K[?25h[?2026l[?2026h[?25l[A[1Gpulling manifest [K
pulling 9657d5771484:   5% ▕                  ▏ 283 MB/6.2 GB   17 MB/s   5m36s[K[?25h[?2026l[?2026h[?25l[A[1Gpulling manifest [K
pulling 9657d5771484:   5% ▕                  ▏ 285 MB/6.2 GB   17 MB/s   5m36s[K[?25h[?2026l[?2026h[?25l[A[1Gpulling manifest [K
pulling 9657d5771484:   5% ▕                  ▏ 287 MB/6.2 GB   17 MB/s   5m36s[K[?25h[?2026l[?2026h[?25l[A[1Gpulling manifest [K
pulling 9657d5771484:   5% ▕                  ▏ 289 MB/6.2 GB   17 MB/s   5m35s[K[?25h[?2026l[?2026h[?25l[A[1Gpulling manifest [K
pulling 9657d5771484:   5% ▕                  ▏ 292 MB/6.2 GB   17 MB/s   5m35s[K[?25h[?2026l[?2026h[?25l[A[1Gpulling manifest [K
pulling 9657d5771484:   5% ▕                  ▏ 293 MB/6.2 GB   17 MB/s   5m35s[K[?25h[?2026l[?2026h[?25l[A[1Gpulling manifest [K
pulling 9657d5771484:   5% ▕                  ▏ 294 MB/6.2 GB   17 MB/s   5m35s[K[?25h[?2026l[?2026h[?25l[A[1Gpulling manifest [K
pulling 9657d5771484:   5% ▕                  ▏ 297 MB/6.2 GB   17 MB/s   5m35s[K[?25h[?2026l[?2026h[?25l[A[1Gpulling manifest [K
pulling 9657d5771484:   5% ▕                  ▏ 300 MB/6.2 GB   17 MB/s   5m35s[K[?25h[?2026l[?2026h[?25l[A[1Gpulling manifest [K
pulling 9657d5771484:   5% ▕                  ▏ 301 MB/6.2 GB   17 MB/s   5m35s[K[?25h[?2026l[?2026h[?25l[A[1Gpulling manifest [K
pulling 9657d5771484:   5% ▕                  ▏ 305 MB/6.2 GB   17 MB/s   5m35s[K[?25h[?2026l[?2026h[?25l[A[1Gpulling manifest [K
pulling 9657d5771484:   5% ▕                  ▏ 306 MB/6.2 GB   17 MB/s   5m35s[K[?25h[?2026l[?2026h[?25l[A[1Gpulling manifest [K
pulling 9657d5771484:   5% ▕                  ▏ 307 MB/6.2 GB   17 MB/s   5m35s[K[?25h[?2026l[?2026h[?25l[A[1Gpulling manifest [K
pulling 9657d5771484:   5% ▕                  ▏ 310 MB/6.2 GB   17 MB/s   5m34s[K[?25h[?2026l[?2026h[?25l[A[1Gpulling manifest [K
pulling 9657d5771484:   5% ▕                  ▏ 313 MB/6.2 GB   17 MB/s   5m34s[K[?25h[?2026l[?2026h[?25l[A[1Gpulling manifest [K
pulling 9657d5771484:   5% ▕                  ▏ 315 MB/6.2 GB   17 MB/s   5m34s[K[?25h[?2026l[?2026h[?25l[A[1Gpulling manifest [K
pulling 9657d5771484:   5% ▕                  ▏ 317 MB/6.2 GB   18 MB/s   5m24s[K[?25h[?2026l[?2026h[?25l[A[1Gpulling manifest [K
pulling 9657d5771484:   5% ▕                  ▏ 319 MB/6.2 GB   18 MB/s   5m24s[K[?25h[?2026l[?2026h[?25l[A[1Gpulling manifest [K
pulling 9657d5771484:   5% ▕                  ▏ 320 MB/6.2 GB   18 MB/s   5m24s[K[?25h[?2026l[?2026h[?25l[A[1Gpulling manifest [K
pulling 9657d5771484:   5% ▕                  ▏ 324 MB/6.2 GB   18 MB/s   5m24s[K[?25h[?2026l[?2026h[?25l[A[1Gpulling manifest [K
pulling 9657d5771484:   5% ▕                  ▏ 325 MB/6.2 GB   18 MB/s   5m24s[K[?25h[?2026l[?2026h[?25l[A[1Gpulling manifest [K
pulling 9657d5771484:   5% ▕                  ▏ 326 MB/6.2 GB   18 MB/s   5m24s[K[?25h[?2026l[?2026h[?25l[A[1Gpulling manifest [K
pulling 9657d5771484:   5% ▕                  ▏ 328 MB/6.2 GB   18 MB/s   5m24s[K[?25h[?2026l[?2026h[?25l[A[1Gpulling manifest [K
pulling 9657d5771484:   5% ▕                  ▏ 331 MB/6.2 GB   18 MB/s   5m24s[K[?25h[?2026l[?2026h[?25l[A[1Gpulling manifest [K
pulling 9657d5771484:   5% ▕                  ▏ 332 MB/6.2 GB   18 MB/s   5m24s[K[?25h[?2026l[?2026h[?25l[A[1Gpulling manifest [K
pulling 9657d5771484:   5% ▕                  ▏ 334 MB/6.2 GB   18 MB/s   5m23s[K[?25h[?2026l[?2026h[?25l[A[1Gpulling manifest [K
pulling 9657d5771484:   5% ▕                  ▏ 336 MB/6.2 GB   18 MB/s   5m21s[K[?25h[?2026l[?2026h[?25l[A[1Gpulling manifest [K
pulling 9657d5771484:   5% ▕                  ▏ 337 MB/6.2 GB   18 MB/s   5m20s[K[?25h[?2026l[?2026h[?25l[A[1Gpulling manifest [K
pulling 9657d5771484:   5% ▕                  ▏ 339 MB/6.2 GB   18 MB/s   5m20s[K[?25h[?2026l[?2026h[?25l[A[1Gpulling manifest [K
pulling 9657d5771484:   5% ▕                  ▏ 341 MB/6.2 GB   18 MB/s   5m20s[K[?25h[?2026l[?2026h[?25l[A[1Gpulling manifest [K
pulling 9657d5771484:   6% ▕                  ▏ 343 MB/6.2 GB   18 MB/s   5m20s[K[?25h[?2026l[?2026h[?25l[A[1Gpulling manifest [K
pulling 9657d5771484:   6% ▕█                 ▏ 345 MB/6.2 GB   18 MB/s   5m20s[K[?25h[?2026l[?2026h[?25l[A[1Gpulling manifest [K
pulling 9657d5771484:   6% ▕█                 ▏ 348 MB/6.2 GB   18 MB/s   5m20s[K[?25h[?2026l[?2026h[?25l[A[1Gpulling manifest [K
pulling 9657d5771484:   6% ▕█                 ▏ 349 MB/6.2 GB   18 MB/s   5m20s[K[?25h[?2026l[?2026h[?25l[A[1Gpulling manifest [K
pulling 9657d5771484:   6% ▕█                 ▏ 352 MB/6.2 GB   18 MB/s   5m20s[K[?25h[?2026l[?2026h[?25l[A[1Gpulling manifest [K
pulling 9657d5771484:   6% ▕█                 ▏ 354 MB/6.2 GB   18 MB/s   5m20s[K[?25h[?2026l[?2026h[?25l[A[1Gpulling manifest [K
pulling 9657d5771484:   6% ▕█                 ▏ 355 MB/6.2 GB   18 MB/s   5m19s[K[?25h[?2026l[?2026h[?25l[A[1Gpulling manifest [K
pulling 9657d5771484:   6% ▕█                 ▏ 358 MB/6.2 GB   19 MB/s    5m7s[K[?25h[?2026l[?2026h[?25l[A[1Gpulling manifest [K
pulling 9657d5771484:   6% ▕█                 ▏ 359 MB/6.2 GB   19 MB/s    5m7s[K[?25h[?2026l[?2026h[?25l[A[1Gpulling manifest [K
pulling 9657d5771484:   6% ▕█                 ▏ 360 MB/6.2 GB   19 MB/s    5m7s[K[?25h[?2026l[?2026h[?25l[A[1Gpulling manifest [K
pulling 9657d5771484:   6% ▕█                 ▏ 363 MB/6.2 GB   19 MB/s    5m7s[K[?25h[?2026l[?2026h[?25l[A[1Gpulling manifest [K
pulling 9657d5771484:   6% ▕█                 ▏ 365 MB/6.2 GB   19 MB/s    5m6s[K[?25h[?2026l[?2026h[?25l[A[1Gpulling manifest [K
pulling 9657d5771484:   6% ▕█                 ▏ 366 MB/6.2 GB   19 MB/s    5m6s[K[?25h[?2026l[?2026h[?25l[A[1Gpulling manifest [K
pulling 9657d5771484:   6% ▕█                 ▏ 369 MB/6.2 GB   19 MB/s    5m6s[K[?25h[?2026l[?2026h[?25l[A[1Gpulling manifest [K
pulling 9657d5771484:   6% ▕█                 ▏ 371 MB/6.2 GB   19 MB/s    5m6s[K[?25h[?2026l[?2026h[?25l[A[1Gpulling manifest [K
pulling 9657d5771484:   6% ▕█                 ▏ 372 MB/6.2 GB   19 MB/s    5m6s[K[?25h[?2026l[?2026h[?25l[A[1Gpulling manifest [K
pulling 9657d5771484:   6% ▕█                 ▏ 374 MB/6.2 GB   19 MB/s    5m6s[K[?25h[?2026l[?2026h[?25l[A[1Gpulling manifest [K
pulling 9657d5771484:   6% ▕█                 ▏ 376 MB/6.2 GB   19 MB/s   4m59s[K[?25h[?2026l[?2026h[?25l[A[1Gpulling manifest [K
pulling 9657d5771484:   6% ▕█                 ▏ 377 MB/6.2 GB   19 MB/s   4m59s[K[?25h[?2026l[?2026h[?25l[A[1Gpulling manifest [K
pulling 9657d5771484:   6% ▕█                 ▏ 379 MB/6.2 GB   19 MB/s   4m59s[K[?25h[?2026l[?2026h[?25l[A[1Gpulling manifest [K
pulling 9657d5771484:   6% ▕█                 ▏ 380 MB/6.2 GB   19 MB/s   4m59s[K[?25h[?2026l[?2026h[?25l[A[1Gpulling manifest [K
pulling 9657d5771484:   6% ▕█                 ▏ 381 MB/6.2 GB   19 MB/s   4m59s[K[?25h[?2026l[?2026h[?25l[A[1Gpulling manifest [K
pulling 9657d5771484:   6% ▕█                 ▏ 383 MB/6.2 GB   19 MB/s   4m59s[K[?25h[?2026l[?2026h[?25l[A[1Gpulling manifest [K
pulling 9657d5771484:   6% ▕█                 ▏ 386 MB/6.2 GB   19 MB/s   4m59s[K[?25h[?2026l[?2026h[?25l[A[1Gpulling manifest [K
pulling 9657d5771484:   6% ▕█                 ▏ 388 MB/6.2 GB   19 MB/s   4m59s[K[?25h[?2026l[?2026h[?25l[A[1Gpulling manifest [K
pulling 9657d5771484:   6% ▕█                 ▏ 390 MB/6.2 GB   19 MB/s   4m59s[K[?25h[?2026l[?2026h[?25l[A[1Gpulling manifest [K
pulling 9657d5771484:   6% ▕█                 ▏ 392 MB/6.2 GB   19 MB/s   4m59s[K[?25h[?2026l[?2026h[?25l[A[1Gpulling manifest [K
pulling 9657d5771484:   6% ▕█                 ▏ 394 MB/6.2 GB   19 MB/s    5m0s[K[?25h[?2026l[?2026h[?25l[A[1Gpulling manifest [K
pulling 9657d5771484:   6% ▕█                 ▏ 396 MB/6.2 GB   19 MB/s   4m59s[K[?25h[?2026l[?2026h[?25l[A[1Gpulling manifest [K
pulling 9657d5771484:   6% ▕█                 ▏ 398 MB/6.2 GB   19 MB/s   4m59s[K[?25h[?2026l[?2026h[?25l[A[1Gpulling manifest [K
pulling 9657d5771484:   6% ▕█                 ▏ 399 MB/6.2 GB   19 MB/s   4m59s[K[?25h[?2026l[?2026h[?25l[A[1Gpulling manifest [K
pulling 9657d5771484:   6% ▕█                 ▏ 402 MB/6.2 GB   19 MB/s   4m59s[K[?25h[?2026l[?2026h[?25l[A[1Gpulling manifest [K
pulling 9657d5771484:   7% ▕█                 ▏ 405 MB/6.2 GB   19 MB/s   4m59s[K[?25h[?2026l[?2026h[?25l[A[1Gpulling manifest [K
pulling 9657d5771484:   7% ▕█                 ▏ 406 MB/6.2 GB   19 MB/s   4m59s[K[?25h[?2026l[?2026h[?25l[A[1Gpulling manifest [K
pulling 9657d5771484:   7% ▕█                 ▏ 408 MB/6.2 GB   19 MB/s   4m59s[K[?25h[?2026l[?2026h[?25l[A[1Gpulling manifest [K
pulling 9657d5771484:   7% ▕█                 ▏ 409 MB/6.2 GB   19 MB/s   4m59s[K[?25h[?2026l[?2026h[?25l[A[1Gpulling manifest [K
pulling 9657d5771484:   7% ▕█                 ▏ 410 MB/6.2 GB   19 MB/s   4m59s[K[?25h[?2026l[?2026h[?25l[A[1Gpulling manifest [K
pulling 9657d5771484:   7% ▕█                 ▏ 413 MB/6.2 GB   19 MB/s   4m56s[K[?25h[?2026l[?2026h[?25l[A[1Gpulling manifest [K
pulling 9657d5771484:   7% ▕█                 ▏ 415 MB/6.2 GB   19 MB/s   4m56s[K[?25h[?2026l[?2026h[?25l[A[1Gpulling manifest [K
pulling 9657d5771484:   7% ▕█                 ▏ 415 MB/6.2 GB   19 MB/s   4m56s[K[?25h[?2026l[?2026h[?25l[A[1Gpulling manifest [K
pulling 9657d5771484:   7% ▕█                 ▏ 419 MB/6.2 GB   19 MB/s   4m55s[K[?25h[?2026l[?2026h[?25l[A[1Gpulling manifest [K
pulling 9657d5771484:   7% ▕█                 ▏ 421 MB/6.2 GB   19 MB/s   4m55s[K[?25h[?2026l[?2026h[?25l[A[1Gpulling manifest [K
pulling 9657d5771484:   7% ▕█                 ▏ 422 MB/6.2 GB   19 MB/s   4m55s[K[?25h[?2026l[?2026h[?25l[A[1Gpulling manifest [K
pulling 9657d5771484:   7% ▕█                 ▏ 424 MB/6.2 GB   19 MB/s   4m55s[K[?25h[?2026l[?2026h[?25l[A[1Gpulling manifest [K
pulling 9657d5771484:   7% ▕█                 ▏ 425 MB/6.2 GB   19 MB/s   4m55s[K[?25h[?2026l[?2026h[?25l[A[1Gpulling manifest [K
pulling 9657d5771484:   7% ▕█                 ▏ 427 MB/6.2 GB   19 MB/s   4m55s[K[?25h[?2026l[?2026h[?25l[A[1Gpulling manifest [K
pulling 9657d5771484:   7% ▕█                 ▏ 429 MB/6.2 GB   19 MB/s   4m55s[K[?25h[?2026l[?2026h[?25l[A[1Gpulling manifest [K
pulling 9657d5771484:   7% ▕█                 ▏ 433 MB/6.2 GB   19 MB/s   4m56s[K[?25h[?2026l[?2026h[?25l[A[1Gpulling manifest [K
pulling 9657d5771484:   7% ▕█                 ▏ 434 MB/6.2 GB   19 MB/s   4m56s[K[?25h[?2026l[?2026h[?25l[A[1Gpulling manifest [K
pulling 9657d5771484:   7% ▕█                 ▏ 435 MB/6.2 GB   19 MB/s   4m56s[K[?25h[?2026l[?2026h[?25l[A[1Gpulling manifest [K
pulling 9657d5771484:   7% ▕█                 ▏ 437 MB/6.2 GB   19 MB/s   4m56s[K[?25h[?2026l[?2026h[?25l[A[1Gpulling manifest [K
pulling 9657d5771484:   7% ▕█                 ▏ 438 MB/6.2 GB   19 MB/s   4m56s[K[?25h[?2026l[?2026h[?25l[A[1Gpulling manifest [K
pulling 9657d5771484:   7% ▕█                 ▏ 441 MB/6.2 GB   19 MB/s   4m56s[K[?25h[?2026l[?2026h[?25l[A[1Gpulling manifest [K
pulling 9657d5771484:   7% ▕█                 ▏ 443 MB/6.2 GB   19 MB/s   4m56s[K[?25h[?2026l[?2026h[?25l[A[1Gpulling manifest [K
pulling 9657d5771484:   7% ▕█                 ▏ 444 MB/6.2 GB   19 MB/s   4m55s[K[?25h[?2026l[?2026h[?25l[A[1Gpulling manifest [K
pulling 9657d5771484:   7% ▕█                 ▏ 447 MB/6.2 GB   19 MB/s   4m55s[K[?25h[?2026l[?2026h[?25l[A[1Gpulling manifest [K
pulling 9657d5771484:   7% ▕█                 ▏ 449 MB/6.2 GB   19 MB/s   4m55s[K[?25h[?2026l[?2026h[?25l[A[1Gpulling manifest [K
pulling 9657d5771484:   7% ▕█                 ▏ 450 MB/6.2 GB   19 MB/s   4m55s[K[?25h[?2026l[?2026h[?25l[A[1Gpulling manifest [K
pulling 9657d5771484:   7% ▕█                 ▏ 452 MB/6.2 GB   19 MB/s   4m55s[K[?25h[?2026l[?2026h[?25l[A[1Gpulling manifest [K
pulling 9657d5771484:   7% ▕█                 ▏ 455 MB/6.2 GB   19 MB/s   4m55s[K[?25h[?2026l[?2026h[?25l[A[1Gpulling manifest [K
pulling 9657d5771484:   7% ▕█                 ▏ 456 MB/6.2 GB   19 MB/s   4m54s[K[?25h[?2026l[?2026h[?25l[A[1Gpulling manifest [K
pulling 9657d5771484:   7% ▕█                 ▏ 458 MB/6.2 GB   19 MB/s   4m54s[K[?25h[?2026l[?2026h[?25l[A[1Gpulling manifest [K
pulling 9657d5771484:   7% ▕█                 ▏ 460 MB/6.2 GB   19 MB/s   4m54s[K[?25h[?2026l[?2026h[?25l[A[1Gpulling manifest [K
pulling 9657d5771484:   7% ▕█                 ▏ 461 MB/6.2 GB   19 MB/s   4m54s[K[?25h[?2026l[?2026h[?25l[A[1Gpulling manifest [K
pulling 9657d5771484:   7% ▕█                 ▏ 464 MB/6.2 GB   19 MB/s   4m54s[K[?25h[?2026l[?2026h[?25l[A[1Gpulling manifest [K
pulling 9657d5771484:   8% ▕█                 ▏ 466 MB/6.2 GB   19 MB/s   4m54s[K[?25h[?2026l[?2026h[?25l[A[1Gpulling manifest [K
pulling 9657d5771484:   8% ▕█                 ▏ 468 MB/6.2 GB   19 MB/s   4m54s[K[?25h[?2026l[?2026h[?25l[A[1Gpulling manifest [K
pulling 9657d5771484:   8% ▕█                 ▏ 471 MB/6.2 GB   19 MB/s   4m54s[K[?25h[?2026l[?2026h[?25l[A[1Gpulling manifest [K
pulling 9657d5771484:   8% ▕█                 ▏ 474 MB/6.2 GB   19 MB/s   4m51s[K[?25h[?2026l[?2026h[?25l[A[1Gpulling manifest [K
pulling 9657d5771484:   8% ▕█                 ▏ 474 MB/6.2 GB   19 MB/s   4m51s[K[?25h[?2026l[?2026h[?25l[A[1Gpulling manifest [K
pulling 9657d5771484:   8% ▕█                 ▏ 476 MB/6.2 GB   19 MB/s   4m51s[K[?25h[?2026l[?2026h[?25l[A[1Gpulling manifest [K
pulling 9657d5771484:   8% ▕█                 ▏ 480 MB/6.2 GB   19 MB/s   4m51s[K[?25h[?2026l[?2026h[?25l[A[1Gpulling manifest [K
pulling 9657d5771484:   8% ▕█                 ▏ 481 MB/6.2 GB   19 MB/s   4m51s[K[?25h[?2026l[?2026h[?25l[A[1Gpulling manifest [K
pulling 9657d5771484:   8% ▕█                 ▏ 483 MB/6.2 GB   19 MB/s   4m51s[K[?25h[?2026l[?2026h[?25l[A[1Gpulling manifest [K
pulling 9657d5771484:   8% ▕█                 ▏ 485 MB/6.2 GB   19 MB/s   4m51s[K[?25h[?2026l[?2026h[?25l[A[1Gpulling manifest [K
pulling 9657d5771484:   8% ▕█                 ▏ 486 MB/6.2 GB   19 MB/s   4m51s[K[?25h[?2026l[?2026h[?25l[A[1Gpulling manifest [K
pulling 9657d5771484:   8% ▕█                 ▏ 489 MB/6.2 GB   19 MB/s   4m50s[K[?25h[?2026l[?2026h[?25l[A[1Gpulling manifest [K
pulling 9657d5771484:   8% ▕█                 ▏ 492 MB/6.2 GB   19 MB/s   4m50s[K[?25h[?2026l[?2026h[?25l[A[1Gpulling manifest [K
pulling 9657d5771484:   8% ▕█                 ▏ 493 MB/6.2 GB   19 MB/s   4m51s[K[?25h[?2026l[?2026h[?25l[A[1Gpulling manifest [K
pulling 9657d5771484:   8% ▕█                 ▏ 496 MB/6.2 GB   19 MB/s   4m51s[K[?25h[?2026l[?2026h[?25l[A[1Gpulling manifest [K
pulling 9657d5771484:   8% ▕█                 ▏ 499 MB/6.2 GB   19 MB/s   4m51s[K[?25h[?2026l[?2026h[?25l[A[1Gpulling manifest [K
pulling 9657d5771484:   8% ▕█                 ▏ 500 MB/6.2 GB   19 MB/s   4m51s[K[?25h[?2026l[?2026h[?25l[A[1Gpulling manifest [K
pulling 9657d5771484:   8% ▕█                 ▏ 502 MB/6.2 GB   19 MB/s   4m50s[K[?25h[?2026l[?2026h[?25l[A[1Gpulling manifest [K
pulling 9657d5771484:   8% ▕█                 ▏ 504 MB/6.2 GB   19 MB/s   4m50s[K[?25h[?2026l[?2026h[?25l[A[1Gpulling manifest [K
pulling 9657d5771484:   8% ▕█                 ▏ 506 MB/6.2 GB   19 MB/s   4m50s[K[?25h[?2026l[?2026h[?25l[A[1Gpulling manifest [K
pulling 9657d5771484:   8% ▕█                 ▏ 508 MB/6.2 GB   19 MB/s   4m50s[K[?25h[?2026l[?2026h[?25l[A[1Gpulling manifest [K
pulling 9657d5771484:   8% ▕█                 ▏ 511 MB/6.2 GB   19 MB/s   4m50s[K[?25h[?2026l[?2026h[?25l[A[1Gpulling manifest [K
pulling 9657d5771484:   8% ▕█                 ▏ 512 MB/6.2 GB   19 MB/s   4m50s[K[?25h[?2026l[?2026h[?25l[A[1Gpulling manifest [K
pulling 9657d5771484:   8% ▕█                 ▏ 515 MB/6.2 GB   19 MB/s   4m47s[K[?25h[?2026l[?2026h[?25l[A[1Gpulling manifest [K
pulling 9657d5771484:   8% ▕█                 ▏ 517 MB/6.2 GB   19 MB/s   4m46s[K[?25h[?2026l[?2026h[?25l[A[1Gpulling manifest [K
pulling 9657d5771484:   8% ▕█                 ▏ 518 MB/6.2 GB   19 MB/s   4m46s[K[?25h[?2026l[?2026h[?25l[A[1Gpulling manifest [K
pulling 9657d5771484:   8% ▕█                 ▏ 521 MB/6.2 GB   19 MB/s   4m46s[K[?25h[?2026l[?2026h[?25l[A[1Gpulling manifest [K
pulling 9657d5771484:   8% ▕█                 ▏ 523 MB/6.2 GB   19 MB/s   4m46s[K[?25h[?2026l[?2026h[?25l[A[1Gpulling manifest [K
pulling 9657d5771484:   8% ▕█                 ▏ 525 MB/6.2 GB   19 MB/s   4m46s[K[?25h[?2026l[?2026h[?25l[A[1Gpulling manifest [K
pulling 9657d5771484:   8% ▕█                 ▏ 527 MB/6.2 GB   19 MB/s   4m46s[K[?25h[?2026l[?2026h[?25l[A[1Gpulling manifest [K
pulling 9657d5771484:   9% ▕█                 ▏ 529 MB/6.2 GB   19 MB/s   4m46s[K[?25h[?2026l[?2026h[?25l[A[1Gpulling manifest [K
pulling 9657d5771484:   9% ▕█                 ▏ 530 MB/6.2 GB   19 MB/s   4m46s[K[?25h[?2026l[?2026h[?25l[A[1Gpulling manifest [K
pulling 9657d5771484:   9% ▕█                 ▏ 534 MB/6.2 GB   19 MB/s   4m46s[K[?25h[?2026l[?2026h[?25l[A[1Gpulling manifest [K
pulling 9657d5771484:   9% ▕█                 ▏ 535 MB/6.2 GB   19 MB/s   4m46s[K[?25h[?2026l[?2026h[?25l[A[1Gpulling manifest [K
pulling 9657d5771484:   9% ▕█                 ▏ 536 MB/6.2 GB   19 MB/s   4m46s[K[?25h[?2026l[?2026h[?25l[A[1Gpulling manifest [K
pulling 9657d5771484:   9% ▕█                 ▏ 539 MB/6.2 GB   19 MB/s   4m45s[K[?25h[?2026l[?2026h[?25l[A[1Gpulling manifest [K
pulling 9657d5771484:   9% ▕█                 ▏ 541 MB/6.2 GB   19 MB/s   4m45s[K[?25h[?2026l[?2026h[?25l[A[1Gpulling manifest [K
pulling 9657d5771484:   9% ▕█                 ▏ 542 MB/6.2 GB   19 MB/s   4m45s[K[?25h[?2026l[?2026h[?25l[A[1Gpulling manifest [K
pulling 9657d5771484:   9% ▕█                 ▏ 545 MB/6.2 GB   19 MB/s   4m45s[K[?25h[?2026l[?2026h[?25l[A[1Gpulling manifest [K
pulling 9657d5771484:   9% ▕█                 ▏ 547 MB/6.2 GB   19 MB/s   4m45s[K[?25h[?2026l[?2026h[?25l[A[1Gpulling manifest [K
pulling 9657d5771484:   9% ▕█                 ▏ 549 MB/6.2 GB   19 MB/s   4m45s[K[?25h[?2026l[?2026h[?25l[A[1Gpulling manifest [K
pulling 9657d5771484:   9% ▕█                 ▏ 551 MB/6.2 GB   19 MB/s   4m45s[K[?25h[?2026l[?2026h[?25l[A[1Gpulling manifest [K
pulling 9657d5771484:   9% ▕█                 ▏ 554 MB/6.2 GB   19 MB/s   4m45s[K[?25h[?2026l[?2026h[?25l[A[1Gpulling manifest [K
pulling 9657d5771484:   9% ▕█                 ▏ 555 MB/6.2 GB   19 MB/s   4m45s[K[?25h[?2026l[?2026h[?25l[A[1Gpulling manifest [K
pulling 9657d5771484:   9% ▕█                 ▏ 558 MB/6.2 GB   20 MB/s   4m41s[K[?25h[?2026l[?2026h[?25l[A[1Gpulling manifest [K
pulling 9657d5771484:   9% ▕█                 ▏ 560 MB/6.2 GB   20 MB/s   4m41s[K[?25h[?2026l[?2026h[?25l[A[1Gpulling manifest [K
pulling 9657d5771484:   9% ▕█                 ▏ 561 MB/6.2 GB   20 MB/s   4m41s[K[?25h[?2026l[?2026h[?25l[A[1Gpulling manifest [K
pulling 9657d5771484:   9% ▕█                 ▏ 564 MB/6.2 GB   20 MB/s   4m41s[K[?25h[?2026l[?2026h[?25l[A[1Gpulling manifest [K
pulling 9657d5771484:   9% ▕█                 ▏ 567 MB/6.2 GB   20 MB/s   4m40s[K[?25h[?2026l[?2026h[?25l[A[1Gpulling manifest [K
pulling 9657d5771484:   9% ▕█                 ▏ 567 MB/6.2 GB   20 MB/s   4m40s[K[?25h[?2026l[?2026h[?25l[A[1Gpulling manifest [K
pulling 9657d5771484:   9% ▕█                 ▏ 570 MB/6.2 GB   20 MB/s   4m40s[K[?25h[?2026l[?2026h[?25l[A[1Gpulling manifest [K
pulling 9657d5771484:   9% ▕█                 ▏ 573 MB/6.2 GB   20 MB/s   4m40s[K[?25h[?2026l[?2026h[?25l[A[1Gpulling manifest [K
pulling 9657d5771484:   9% ▕█                 ▏ 574 MB/6.2 GB   20 MB/s   4m40s[K[?25h[?2026l[?2026h[?25l[A[1Gpulling manifest [K
pulling 9657d5771484:   9% ▕█                 ▏ 576 MB/6.2 GB   20 MB/s   4m40s[K[?25h[?2026l[?2026h[?25l[A[1Gpulling manifest [K
pulling 9657d5771484:   9% ▕█                 ▏ 578 MB/6.2 GB   20 MB/s   4m37s[K[?25h[?2026l[?2026h[?25l[A[1Gpulling manifest [K
pulling 9657d5771484:   9% ▕█                 ▏ 580 MB/6.2 GB   20 MB/s   4m37s[K[?25h[?2026l[?2026h[?25l[A[1Gpulling manifest [K
pulling 9657d5771484:   9% ▕█                 ▏ 583 MB/6.2 GB   20 MB/s   4m36s[K[?25h[?2026l[?2026h[?25l[A[1Gpulling manifest [K
pulling 9657d5771484:   9% ▕█                 ▏ 584 MB/6.2 GB   20 MB/s   4m36s[K[?25h[?2026l[?2026h[?25l[A[1Gpulling manifest [K
pulling 9657d5771484:   9% ▕█                 ▏ 584 MB/6.2 GB   20 MB/s   4m36s[K[?25h[?2026l[?2026h[?25l[A[1Gpulling manifest [K
pulling 9657d5771484:   9% ▕█                 ▏ 585 MB/6.2 GB   20 MB/s   4m36s[K[?25h[?2026l[?2026h[?25l[A[1Gpulling manifest [K
pulling 9657d5771484:   9% ▕█                 ▏ 587 MB/6.2 GB   20 MB/s   4m36s[K[?25h[?2026l[?2026h[?25l[A[1Gpulling manifest [K
pulling 9657d5771484:   9% ▕█                 ▏ 589 MB/6.2 GB   20 MB/s   4m36s[K[?25h[?2026l[?2026h[?25l[A[1Gpulling manifest [K
pulling 9657d5771484:  10% ▕█                 ▏ 591 MB/6.2 GB   20 MB/s   4m36s[K[?25h[?2026l[?2026h[?25l[A[1Gpulling manifest [K
pulling 9657d5771484:  10% ▕█                 ▏ 594 MB/6.2 GB   20 MB/s   4m36s[K[?25h[?2026l[?2026h[?25l[A[1Gpulling manifest [K
pulling 9657d5771484:  10% ▕█                 ▏ 596 MB/6.2 GB   20 MB/s   4m36s[K[?25h[?2026l[?2026h[?25l[A[1Gpulling manifest [K
pulling 9657d5771484:  10% ▕█                 ▏ 598 MB/6.2 GB   20 MB/s   4m36s[K[?25h[?2026l[?2026h[?25l[A[1Gpulling manifest [K
pulling 9657d5771484:  10% ▕█                 ▏ 600 MB/6.2 GB   20 MB/s   4m36s[K[?25h[?2026l[?2026h[?25l[A[1Gpulling manifest [K
pulling 9657d5771484:  10% ▕█                 ▏ 600 MB/6.2 GB   20 MB/s   4m36s[K[?25h[?2026l[?2026h[?25l[A[1Gpulling manifest [K
pulling 9657d5771484:  10% ▕█                 ▏ 604 MB/6.2 GB   20 MB/s   4m36s[K[?25h[?2026l[?2026h[?25l[A[1Gpulling manifest [K
pulling 9657d5771484:  10% ▕█                 ▏ 605 MB/6.2 GB   20 MB/s   4m36s[K[?25h[?2026l[?2026h[?25l[A[1Gpulling manifest [K
pulling 9657d5771484:  10% ▕█                 ▏ 606 MB/6.2 GB   20 MB/s   4m36s[K[?25h[?2026l[?2026h[?25l[A[1Gpulling manifest [K
pulling 9657d5771484:  10% ▕█                 ▏ 608 MB/6.2 GB   20 MB/s   4m36s[K[?25h[?2026l[?2026h[?25l[A[1Gpulling manifest [K
pulling 9657d5771484:  10% ▕█                 ▏ 610 MB/6.2 GB   20 MB/s   4m36s[K[?25h[?2026l[?2026h[?25l[A[1Gpulling manifest [K
pulling 9657d5771484:  10% ▕█                 ▏ 611 MB/6.2 GB   20 MB/s   4m36s[K[?25h[?2026l[?2026h[?25l[A[1Gpulling manifest [K
pulling 9657d5771484:  10% ▕█                 ▏ 614 MB/6.2 GB   20 MB/s   4m38s[K[?25h[?2026l[?2026h[?25l[A[1Gpulling manifest [K
pulling 9657d5771484:  10% ▕█                 ▏ 616 MB/6.2 GB   20 MB/s   4m38s[K[?25h[?2026l[?2026h[?25l[A[1Gpulling manifest [K
pulling 9657d5771484:  10% ▕█                 ▏ 618 MB/6.2 GB   20 MB/s   4m38s[K[?25h[?2026l[?2026h[?25l[A[1Gpulling manifest [K
pulling 9657d5771484:  10% ▕█                 ▏ 619 MB/6.2 GB   20 MB/s   4m38s[K[?25h[?2026l[?2026h[?25l[A[1Gpulling manifest [K
pulling 9657d5771484:  10% ▕█                 ▏ 621 MB/6.2 GB   20 MB/s   4m38s[K[?25h[?2026l[?2026h[?25l[A[1Gpulling manifest [K
pulling 9657d5771484:  10% ▕█                 ▏ 621 MB/6.2 GB   20 MB/s   4m38s[K[?25h[?2026l[?2026h[?25l[A[1Gpulling manifest [K
pulling 9657d5771484:  10% ▕█                 ▏ 624 MB/6.2 GB   20 MB/s   4m38s[K[?25h[?2026l[?2026h[?25l[A[1Gpulling manifest [K
pulling 9657d5771484:  10% ▕█                 ▏ 625 MB/6.2 GB   20 MB/s   4m38s[K[?25h[?2026l[?2026h[?25l[A[1Gpulling manifest [K
pulling 9657d5771484:  10% ▕█                 ▏ 627 MB/6.2 GB   20 MB/s   4m38s[K[?25h[?2026l[?2026h[?25l[A[1Gpulling manifest [K
pulling 9657d5771484:  10% ▕█                 ▏ 629 MB/6.2 GB   20 MB/s   4m38s[K[?25h[?2026l[?2026h[?25l[A[1Gpulling manifest [K
pulling 9657d5771484:  10% ▕█                 ▏ 631 MB/6.2 GB   20 MB/s   4m39s[K[?25h[?2026l[?2026h[?25l[A[1Gpulling manifest [K
pulling 9657d5771484:  10% ▕█                 ▏ 633 MB/6.2 GB   20 MB/s   4m39s[K[?25h[?2026l[?2026h[?25l[A[1Gpulling manifest [K
pulling 9657d5771484:  10% ▕█                 ▏ 634 MB/6.2 GB   20 MB/s   4m39s[K[?25h[?2026l[?2026h[?25l[A[1Gpulling manifest [K
pulling 9657d5771484:  10% ▕█                 ▏ 635 MB/6.2 GB   20 MB/s   4m38s[K[?25h[?2026l[?2026h[?25l[A[1Gpulling manifest [K
pulling 9657d5771484:  10% ▕█                 ▏ 636 MB/6.2 GB   20 MB/s   4m38s[K[?25h[?2026l[?2026h[?25l[A[1Gpulling manifest [K
pulling 9657d5771484:  10% ▕█                 ▏ 638 MB/6.2 GB   20 MB/s   4m38s[K[?25h[?2026l[?2026h[?25l[A[1Gpulling manifest [K
pulling 9657d5771484:  10% ▕█                 ▏ 641 MB/6.2 GB   20 MB/s   4m38s[K[?25h[?2026l[?2026h[?25l[A[1Gpulling manifest [K
pulling 9657d5771484:  10% ▕█                 ▏ 642 MB/6.2 GB   20 MB/s   4m38s[K[?25h[?2026l[?2026h[?25l[A[1Gpulling manifest [K
pulling 9657d5771484:  10% ▕█                 ▏ 644 MB/6.2 GB   20 MB/s   4m38s[K[?25h[?2026l[?2026h[?25l[A[1Gpulling manifest [K
pulling 9657d5771484:  10% ▕█                 ▏ 646 MB/6.2 GB   20 MB/s   4m38s[K[?25h[?2026l[?2026h[?25l[A[1Gpulling manifest [K
pulling 9657d5771484:  10% ▕█                 ▏ 647 MB/6.2 GB   20 MB/s   4m38s[K[?25h[?2026l[?2026h[?25l[A[1Gpulling manifest [K
pulling 9657d5771484:  10% ▕█                 ▏ 649 MB/6.2 GB   19 MB/s   4m45s[K[?25h[?2026l[?2026h[?25l[A[1Gpulling manifest [K
pulling 9657d5771484:  10% ▕█                 ▏ 650 MB/6.2 GB   19 MB/s   4m45s[K[?25h[?2026l[?2026h[?25l[A[1Gpulling manifest [K
pulling 9657d5771484:  10% ▕█                 ▏ 651 MB/6.2 GB   19 MB/s   4m45s[K[?25h[?2026l[?2026h[?25l[A[1Gpulling manifest [K
pulling 9657d5771484:  11% ▕█                 ▏ 654 MB/6.2 GB   19 MB/s   4m44s[K[?25h[?2026l[?2026h[?25l[A[1Gpulling manifest [K
pulling 9657d5771484:  11% ▕█                 ▏ 655 MB/6.2 GB   19 MB/s   4m44s[K[?25h[?2026l[?2026h[?25l[A[1Gpulling manifest [K
pulling 9657d5771484:  11% ▕█                 ▏ 656 MB/6.2 GB   19 MB/s   4m44s[K[?25h[?2026l[?2026h[?25l[A[1Gpulling manifest [K
pulling 9657d5771484:  11% ▕█                 ▏ 658 MB/6.2 GB   19 MB/s   4m44s[K[?25h[?2026l[?2026h[?25l[A[1Gpulling manifest [K
pulling 9657d5771484:  11% ▕█                 ▏ 660 MB/6.2 GB   19 MB/s   4m44s[K[?25h[?2026l[?2026h[?25l[A[1Gpulling manifest [K
pulling 9657d5771484:  11% ▕█                 ▏ 662 MB/6.2 GB   19 MB/s   4m44s[K[?25h[?2026l[?2026h[?25l[A[1Gpulling manifest [K
pulling 9657d5771484:  11% ▕█                 ▏ 664 MB/6.2 GB   19 MB/s   4m44s[K[?25h[?2026l[?2026h[?25l[A[1Gpulling manifest [K
pulling 9657d5771484:  11% ▕█                 ▏ 666 MB/6.2 GB   19 MB/s   4m51s[K[?25h[?2026l[?2026h[?25l[A[1Gpulling manifest [K
pulling 9657d5771484:  11% ▕█                 ▏ 667 MB/6.2 GB   19 MB/s   4m51s[K[?25h[?2026l[?2026h[?25l[A[1Gpulling manifest [K
pulling 9657d5771484:  11% ▕█                 ▏ 670 MB/6.2 GB   19 MB/s   4m50s[K[?25h[?2026l[?2026h[?25l[A[1Gpulling manifest [K
pulling 9657d5771484:  11% ▕█                 ▏ 672 MB/6.2 GB   19 MB/s   4m50s[K[?25h[?2026l[?2026h[?25l[A[1Gpulling manifest [K
pulling 9657d5771484:  11% ▕█                 ▏ 673 MB/6.2 GB   19 MB/s   4m50s[K[?25h[?2026l[?2026h[?25l[A[1Gpulling manifest [K
pulling 9657d5771484:  11% ▕█                 ▏ 675 MB/6.2 GB   19 MB/s   4m50s[K[?25h[?2026l[?2026h[?25l[A[1Gpulling manifest [K
pulling 9657d5771484:  11% ▕█                 ▏ 678 MB/6.2 GB   19 MB/s   4m50s[K[?25h[?2026l[?2026h[?25l[A[1Gpulling manifest [K
pulling 9657d5771484:  11% ▕█                 ▏ 678 MB/6.2 GB   19 MB/s   4m50s[K[?25h[?2026l[?2026h[?25l[A[1Gpulling manifest [K
pulling 9657d5771484:  11% ▕█                 ▏ 681 MB/6.2 GB   19 MB/s   4m50s[K[?25h[?2026l[?2026h[?25l[A[1Gpulling manifest [K
pulling 9657d5771484:  11% ▕█                 ▏ 683 MB/6.2 GB   19 MB/s   4m50s[K[?25h[?2026l[?2026h[?25l[A[1Gpulling manifest [K
pulling 9657d5771484:  11% ▕█                 ▏ 683 MB/6.2 GB   18 MB/s   4m54s[K[?25h[?2026l[?2026h[?25l[A[1Gpulling manifest [K
pulling 9657d5771484:  11% ▕█                 ▏ 686 MB/6.2 GB   18 MB/s   4m54s[K[?25h[?2026l[?2026h[?25l[A[1Gpulling manifest [K
pulling 9657d5771484:  11% ▕█                 ▏ 688 MB/6.2 GB   18 MB/s   4m54s[K[?25h[?2026l[?2026h[?25l[A[1Gpulling manifest [K
pulling 9657d5771484:  11% ▕█                 ▏ 689 MB/6.2 GB   18 MB/s   4m54s[K[?25h[?2026l[?2026h[?25l[A[1Gpulling manifest [K
pulling 9657d5771484:  11% ▕██                ▏ 691 MB/6.2 GB   18 MB/s   4m54s[K[?25h[?2026l[?2026h[?25l[A[1Gpulling manifest [K
pulling 9657d5771484:  11% ▕██                ▏ 694 MB/6.2 GB   18 MB/s   4m54s[K[?25h[?2026l[?2026h[?25l[A[1Gpulling manifest [K
pulling 9657d5771484:  11% ▕██                ▏ 695 MB/6.2 GB   18 MB/s   4m54s[K[?25h[?2026l[?2026h[?25l[A[1Gpulling manifest [K
pulling 9657d5771484:  11% ▕██                ▏ 697 MB/6.2 GB   18 MB/s   4m54s[K[?25h[?2026l[?2026h[?25l[A[1Gpulling manifest [K
pulling 9657d5771484:  11% ▕██                ▏ 699 MB/6.2 GB   18 MB/s   4m53s[K[?25h[?2026l[?2026h[?25l[A[1Gpulling manifest [K
pulling 9657d5771484:  11% ▕██                ▏ 700 MB/6.2 GB   18 MB/s   4m53s[K[?25h[?2026l[?2026h[?25l[A[1Gpulling manifest [K
pulling 9657d5771484:  11% ▕██                ▏ 702 MB/6.2 GB   18 MB/s   4m56s[K[?25h[?2026l[?2026h[?25l[A[1Gpulling manifest [K
pulling 9657d5771484:  11% ▕██                ▏ 704 MB/6.2 GB   18 MB/s   4m56s[K[?25h[?2026l[?2026h[?25l[A[1Gpulling manifest [K
pulling 9657d5771484:  11% ▕██                ▏ 706 MB/6.2 GB   18 MB/s   4m56s[K[?25h[?2026l[?2026h[?25l[A[1Gpulling manifest [K
pulling 9657d5771484:  11% ▕██                ▏ 708 MB/6.2 GB   18 MB/s   4m56s[K[?25h[?2026l[?2026h[?25l[A[1Gpulling manifest [K
pulling 9657d5771484:  11% ▕██                ▏ 710 MB/6.2 GB   18 MB/s   4m56s[K[?25h[?2026l[?2026h[?25l[A[1Gpulling manifest [K
pulling 9657d5771484:  11% ▕██                ▏ 712 MB/6.2 GB   18 MB/s   4m56s[K[?25h[?2026l[?2026h[?25l[A[1Gpulling manifest [K
pulling 9657d5771484:  11% ▕██                ▏ 713 MB/6.2 GB   18 MB/s   4m56s[K[?25h[?2026l[?2026h[?25l[A[1Gpulling manifest [K
pulling 9657d5771484:  12% ▕██                ▏ 715 MB/6.2 GB   18 MB/s   4m56s[K[?25h[?2026l[?2026h[?25l[A[1Gpulling manifest [K
pulling 9657d5771484:  12% ▕██                ▏ 717 MB/6.2 GB   18 MB/s   4m56s[K[?25h[?2026l[?2026h[?25l[A[1Gpulling manifest [K
pulling 9657d5771484:  12% ▕██                ▏ 719 MB/6.2 GB   18 MB/s   4m56s[K[?25h[?2026l[?2026h[?25l[A[1Gpulling manifest [K
pulling 9657d5771484:  12% ▕██                ▏ 721 MB/6.2 GB   18 MB/s    5m0s[K[?25h[?2026l[?2026h[?25l[A[1Gpulling manifest [K
pulling 9657d5771484:  12% ▕██                ▏ 722 MB/6.2 GB   18 MB/s    5m0s[K[?25h[?2026l[?2026h[?25l[A[1Gpulling manifest [K
pulling 9657d5771484:  12% ▕██                ▏ 725 MB/6.2 GB   18 MB/s   4m59s[K[?25h[?2026l[?2026h[?25l[A[1Gpulling manifest [K
pulling 9657d5771484:  12% ▕██                ▏ 727 MB/6.2 GB   18 MB/s   4m59s[K[?25h[?2026l[?2026h[?25l[A[1Gpulling manifest [K
pulling 9657d5771484:  12% ▕██                ▏ 728 MB/6.2 GB   18 MB/s   4m59s[K[?25h[?2026l[?2026h[?25l[A[1Gpulling manifest [K
pulling 9657d5771484:  12% ▕██                ▏ 729 MB/6.2 GB   18 MB/s   4m59s[K[?25h[?2026l[?2026h[?25l[A[1Gpulling manifest [K
pulling 9657d5771484:  12% ▕██                ▏ 730 MB/6.2 GB   18 MB/s   4m59s[K[?25h[?2026l[?2026h[?25l[A[1Gpulling manifest [K
pulling 9657d5771484:  12% ▕██                ▏ 731 MB/6.2 GB   18 MB/s   4m59s[K[?25h[?2026l[?2026h[?25l[A[1Gpulling manifest [K
pulling 9657d5771484:  12% ▕██                ▏ 733 MB/6.2 GB   18 MB/s   4m59s[K[?25h[?2026l[?2026h[?25l[A[1Gpulling manifest [K
pulling 9657d5771484:  12% ▕██                ▏ 736 MB/6.2 GB   18 MB/s   4m59s[K[?25h[?2026l[?2026h[?25l[A[1Gpulling manifest [K
pulling 9657d5771484:  12% ▕██                ▏ 737 MB/6.2 GB   18 MB/s   4m59s[K[?25h[?2026l[?2026h[?25l[A[1Gpulling manifest [K
pulling 9657d5771484:  12% ▕██                ▏ 740 MB/6.2 GB   17 MB/s    5m5s[K[?25h[?2026l[?2026h[?25l[A[1Gpulling manifest [K
pulling 9657d5771484:  12% ▕██                ▏ 742 MB/6.2 GB   17 MB/s    5m5s[K[?25h[?2026l[?2026h[?25l[A[1Gpulling manifest [K
pulling 9657d5771484:  12% ▕██                ▏ 743 MB/6.2 GB   17 MB/s    5m5s[K[?25h[?2026l[?2026h[?25l[A[1Gpulling manifest [K
pulling 9657d5771484:  12% ▕██                ▏ 745 MB/6.2 GB   17 MB/s    5m5s[K[?25h[?2026l[?2026h[?25l[A[1Gpulling manifest [K
pulling 9657d5771484:  12% ▕██                ▏ 746 MB/6.2 GB   17 MB/s    5m5s[K[?25h[?2026l[?2026h[?25l[A[1Gpulling manifest [K
pulling 9657d5771484:  12% ▕██                ▏ 747 MB/6.2 GB   17 MB/s    5m5s[K[?25h[?2026l[?2026h[?25l[A[1Gpulling manifest [K
pulling 9657d5771484:  12% ▕██                ▏ 748 MB/6.2 GB   17 MB/s    5m5s[K[?25h[?2026l[?2026h[?25l[A[1Gpulling manifest [K
pulling 9657d5771484:  12% ▕██                ▏ 749 MB/6.2 GB   17 MB/s    5m5s[K[?25h[?2026l[?2026h[?25l[A[1Gpulling manifest [K
pulling 9657d5771484:  12% ▕██                ▏ 749 MB/6.2 GB   17 MB/s    5m5s[K[?25h[?2026l[?2026h[?25l[A[1Gpulling manifest [K
pulling 9657d5771484:  12% ▕██                ▏ 749 MB/6.2 GB   17 MB/s    5m5s[K[?25h[?2026l[?2026h[?25l[A[1Gpulling manifest [K
pulling 9657d5771484:  12% ▕██                ▏ 749 MB/6.2 GB   17 MB/s   5m20s[K[?25h[?2026l[?2026h[?25l[A[1Gpulling manifest [K
pulling 9657d5771484:  12% ▕██                ▏ 749 MB/6.2 GB   17 MB/s   5m20s[K[?25h[?2026l[?2026h[?25l[A[1Gpulling manifest [K
pulling 9657d5771484:  12% ▕██                ▏ 750 MB/6.2 GB   17 MB/s   5m20s[K[?25h[?2026l[?2026h[?25l[A[1Gpulling manifest [K
pulling 9657d5771484:  12% ▕██                ▏ 751 MB/6.2 GB   17 MB/s   5m20s[K[?25h[?2026l[?2026h[?25l[A[1Gpulling manifest [K
pulling 9657d5771484:  12% ▕██                ▏ 751 MB/6.2 GB   17 MB/s   5m20s[K[?25h[?2026l[?2026h[?25l[A[1Gpulling manifest [K
pulling 9657d5771484:  12% ▕██                ▏ 751 MB/6.2 GB   17 MB/s   5m20s[K[?25h[?2026l[?2026h[?25l[A[1Gpulling manifest [K
pulling 9657d5771484:  12% ▕██                ▏ 751 MB/6.2 GB   17 MB/s   5m20s[K[?25h[?2026l[?2026h[?25l[A[1Gpulling manifest [K
pulling 9657d5771484:  12% ▕██                ▏ 751 MB/6.2 GB   17 MB/s   5m20s[K[?25h[?2026l[?2026h[?25l[A[1Gpulling manifest [K
pulling 9657d5771484:  12% ▕██                ▏ 751 MB/6.2 GB   17 MB/s   5m20s[K[?25h[?2026l[?2026h[?25l[A[1Gpulling manifest [K
pulling 9657d5771484:  12% ▕██                ▏ 751 MB/6.2 GB   17 MB/s   5m20s[K[?25h[?2026l[?2026h[?25l[A[1Gpulling manifest [K
pulling 9657d5771484:  12% ▕██                ▏ 751 MB/6.2 GB   15 MB/s   5m56s[K[?25h[?2026l[?2026h[?25l[A[1Gpulling manifest [K
pulling 9657d5771484:  12% ▕██                ▏ 751 MB/6.2 GB   15 MB/s   5m56s[K[?25h[?2026l[?2026h[?25l[A[1Gpulling manifest [K
pulling 9657d5771484:  12% ▕██                ▏ 751 MB/6.2 GB   15 MB/s   5m56s[K[?25h[?2026l[?2026h[?25l[A[1Gpulling manifest [K
pulling 9657d5771484:  12% ▕██                ▏ 751 MB/6.2 GB   15 MB/s   5m56s[K[?25h[?2026l[?2026h[?25l[A[1Gpulling manifest [K
pulling 9657d5771484:  12% ▕██                ▏ 751 MB/6.2 GB   15 MB/s   5m56s[K[?25h[?2026l[?2026h[?25l[A[1Gpulling manifest [K
pulling 9657d5771484:  12% ▕██                ▏ 751 MB/6.2 GB   15 MB/s   5m56s[K[?25h[?2026l[?2026h[?25l[A[1Gpulling manifest [K
pulling 9657d5771484:  12% ▕██                ▏ 751 MB/6.2 GB   15 MB/s   5m56s[K[?25h[?2026l[?2026h[?25l[A[1Gpulling manifest [K
pulling 9657d5771484:  12% ▕██                ▏ 751 MB/6.2 GB   15 MB/s   5m56s[K[?25h[?2026l[?2026h[?25l[A[1Gpulling manifest [K
pulling 9657d5771484:  12% ▕██                ▏ 752 MB/6.2 GB   15 MB/s   5m56s[K[?25h[?2026l[?2026h[?25l[A[1Gpulling manifest [K
pulling 9657d5771484:  12% ▕██                ▏ 752 MB/6.2 GB   15 MB/s   5m56s[K[?25h[?2026l[?2026h[?25l[A[1Gpulling manifest [K
pulling 9657d5771484:  12% ▕██                ▏ 752 MB/6.2 GB   13 MB/s   6m48s[K[?25h[?2026l[?2026h[?25l[A[1Gpulling manifest [K
pulling 9657d5771484:  12% ▕██                ▏ 752 MB/6.2 GB   13 MB/s   6m48s[K[?25h[?2026l[?2026h[?25l[A[1Gpulling manifest [K
pulling 9657d5771484:  12% ▕██                ▏ 753 MB/6.2 GB   13 MB/s   6m47s[K[?25h[?2026l[?2026h[?25l[A[1Gpulling manifest [K
pulling 9657d5771484:  12% ▕██                ▏ 754 MB/6.2 GB   13 MB/s   6m47s[K[?25h[?2026l[?2026h[?25l[A[1Gpulling manifest [K
pulling 9657d5771484:  12% ▕██                ▏ 754 MB/6.2 GB   13 MB/s   6m47s[K[?25h[?2026l[?2026h[?25l[A[1Gpulling manifest [K
pulling 9657d5771484:  12% ▕██                ▏ 754 MB/6.2 GB   13 MB/s   6m47s[K[?25h[?2026l[?2026h[?25l[A[1Gpulling manifest [K
pulling 9657d5771484:  12% ▕██                ▏ 755 MB/6.2 GB   13 MB/s   6m47s[K[?25h[?2026l[?2026h[?25l[A[1Gpulling manifest [K
pulling 9657d5771484:  12% ▕██                ▏ 756 MB/6.2 GB   13 MB/s   6m47s[K[?25h[?2026l[?2026h[?25l[A[1Gpulling manifest [K
pulling 9657d5771484:  12% ▕██                ▏ 757 MB/6.2 GB   13 MB/s   6m47s[K[?25h[?2026l[?2026h[?25l[A[1Gpulling manifest [K
pulling 9657d5771484:  12% ▕██                ▏ 757 MB/6.2 GB   13 MB/s   6m47s[K[?25h[?2026l[?2026h[?25l[A[1Gpulling manifest [K
pulling 9657d5771484:  12% ▕██                ▏ 758 MB/6.2 GB   12 MB/s   7m22s[K[?25h[?2026l[?2026h[?25l[A[1Gpulling manifest [K
pulling 9657d5771484:  12% ▕██                ▏ 759 MB/6.2 GB   12 MB/s   7m22s[K[?25h[?2026l[?2026h[?25l[A[1Gpulling manifest [K
pulling 9657d5771484:  12% ▕██                ▏ 760 MB/6.2 GB   12 MB/s   7m22s[K[?25h[?2026l[?2026h[?25l[A[1Gpulling manifest [K
pulling 9657d5771484:  12% ▕██                ▏ 761 MB/6.2 GB   12 MB/s   7m22s[K[?25h[?2026l[?2026h[?25l[A[1Gpulling manifest [K
pulling 9657d5771484:  12% ▕██                ▏ 761 MB/6.2 GB   12 MB/s   7m22s[K[?25h[?2026l[?2026h[?25l[A[1Gpulling manifest [K
pulling 9657d5771484:  12% ▕██                ▏ 762 MB/6.2 GB   12 MB/s   7m22s[K[?25h[?2026l[?2026h[?25l[A[1Gpulling manifest [K
pulling 9657d5771484:  12% ▕██                ▏ 763 MB/6.2 GB   12 MB/s   7m22s[K[?25h[?2026l[?2026h[?25l[A[1Gpulling manifest [K
pulling 9657d5771484:  12% ▕██                ▏ 764 MB/6.2 GB   12 MB/s   7m22s[K[?25h[?2026l[?2026h[?25l[A[1Gpulling manifest [K
pulling 9657d5771484:  12% ▕██                ▏ 765 MB/6.2 GB   12 MB/s   7m22s[K[?25h[?2026l[?2026h[?25l[A[1Gpulling manifest [K
pulling 9657d5771484:  12% ▕██                ▏ 766 MB/6.2 GB   12 MB/s   7m21s[K[?25h[?2026l[?2026h[?25l[A[1Gpulling manifest [K
pulling 9657d5771484:  12% ▕██                ▏ 767 MB/6.2 GB   12 MB/s   7m21s[K[?25h[?2026l[?2026h[?25l[A[1Gpulling manifest [K
pulling 9657d5771484:  12% ▕██                ▏ 768 MB/6.2 GB   11 MB/s   7m59s[K[?25h[?2026l[?2026h[?25l[A[1Gpulling manifest [K
pulling 9657d5771484:  12% ▕██                ▏ 769 MB/6.2 GB   11 MB/s   7m59s[K[?25h[?2026l[?2026h[?25l[A[1Gpulling manifest [K
pulling 9657d5771484:  12% ▕██                ▏ 769 MB/6.2 GB   11 MB/s   7m59s[K[?25h[?2026l[?2026h[?25l[A[1Gpulling manifest [K
pulling 9657d5771484:  12% ▕██                ▏ 771 MB/6.2 GB   11 MB/s   7m58s[K[?25h[?2026l[?2026h[?25l[A[1Gpulling manifest [K
pulling 9657d5771484:  12% ▕██                ▏ 773 MB/6.2 GB   11 MB/s   7m58s[K[?25h[?2026l[?2026h[?25l[A[1Gpulling manifest [K
pulling 9657d5771484:  12% ▕██                ▏ 774 MB/6.2 GB   11 MB/s   7m58s[K[?25h[?2026l[?2026h[?25l[A[1Gpulling manifest [K
pulling 9657d5771484:  12% ▕██                ▏ 776 MB/6.2 GB   11 MB/s   7m58s[K[?25h[?2026l[?2026h[?25l[A[1Gpulling manifest [K
pulling 9657d5771484:  13% ▕██                ▏ 777 MB/6.2 GB   11 MB/s   7m58s[K[?25h[?2026l[?2026h[?25l[A[1Gpulling manifest [K
pulling 9657d5771484:  13% ▕██                ▏ 778 MB/6.2 GB   11 MB/s   7m58s[K[?25h[?2026l[?2026h[?25l[A[1Gpulling manifest [K
pulling 9657d5771484:  13% ▕██                ▏ 780 MB/6.2 GB   11 MB/s   7m58s[K[?25h[?2026l[?2026h[?25l[A[1Gpulling manifest [K
pulling 9657d5771484:  13% ▕██                ▏ 782 MB/6.2 GB   10 MB/s   8m22s[K[?25h[?2026l[?2026h[?25l[A[1Gpulling manifest [K
pulling 9657d5771484:  13% ▕██                ▏ 783 MB/6.2 GB   10 MB/s   8m22s[K[?25h[?2026l[?2026h[?25l[A[1Gpulling manifest [K
pulling 9657d5771484:  13% ▕██                ▏ 784 MB/6.2 GB   10 MB/s   8m22s[K[?25h[?2026l[?2026h[?25l[A[1Gpulling manifest [K
pulling 9657d5771484:  13% ▕██                ▏ 785 MB/6.2 GB   10 MB/s   8m22s[K[?25h[?2026l[?2026h[?25l[A[1Gpulling manifest [K
pulling 9657d5771484:  13% ▕██                ▏ 786 MB/6.2 GB   10 MB/s   8m22s[K[?25h[?2026l[?2026h[?25l[A[1Gpulling manifest [K
pulling 9657d5771484:  13% ▕██                ▏ 786 MB/6.2 GB   10 MB/s   8m22s[K[?25h[?2026l[?2026h[?25l[A[1Gpulling manifest [K
pulling 9657d5771484:  13% ▕██                ▏ 787 MB/6.2 GB   10 MB/s   8m22s[K[?25h[?2026l[?2026h[?25l[A[1Gpulling manifest [K
pulling 9657d5771484:  13% ▕██                ▏ 788 MB/6.2 GB   10 MB/s   8m22s[K[?25h[?2026l[?2026h[?25l[A[1Gpulling manifest [K
pulling 9657d5771484:  13% ▕██                ▏ 790 MB/6.2 GB   10 MB/s   8m21s[K[?25h[?2026l[?2026h[?25l[A[1Gpulling manifest [K
pulling 9657d5771484:  13% ▕██                ▏ 792 MB/6.2 GB   10 MB/s   8m21s[K[?25h[?2026l[?2026h[?25l[A[1Gpulling manifest [K
pulling 9657d5771484:  13% ▕██                ▏ 793 MB/6.2 GB   10 MB/s   8m59s[K[?25h[?2026l[?2026h[?25l[A[1Gpulling manifest [K
pulling 9657d5771484:  13% ▕██                ▏ 795 MB/6.2 GB   10 MB/s   8m59s[K[?25h[?2026l[?2026h[?25l[A[1Gpulling manifest [K
pulling 9657d5771484:  13% ▕██                ▏ 797 MB/6.2 GB   10 MB/s   8m58s[K[?25h[?2026l[?2026h[?25l[A[1Gpulling manifest [K
pulling 9657d5771484:  13% ▕██                ▏ 799 MB/6.2 GB   10 MB/s   8m58s[K[?25h[?2026l[?2026h[?25l[A[1Gpulling manifest [K
pulling 9657d5771484:  13% ▕██                ▏ 801 MB/6.2 GB   10 MB/s   8m58s[K[?25h[?2026l[?2026h[?25l[A[1Gpulling manifest [K
pulling 9657d5771484:  13% ▕██                ▏ 804 MB/6.2 GB   10 MB/s   8m58s[K[?25h[?2026l[?2026h[?25l[A[1Gpulling manifest [K
pulling 9657d5771484:  13% ▕██                ▏ 805 MB/6.2 GB   10 MB/s   8m58s[K[?25h[?2026l[?2026h[?25l[A[1Gpulling manifest [K
pulling 9657d5771484:  13% ▕██                ▏ 807 MB/6.2 GB   10 MB/s   8m57s[K[?25h[?2026l[?2026h[?25l[A[1Gpulling manifest [K
pulling 9657d5771484:  13% ▕██                ▏ 810 MB/6.2 GB   10 MB/s   8m57s[K[?25h[?2026l[?2026h[?25l[A[1Gpulling manifest [K
pulling 9657d5771484:  13% ▕██                ▏ 811 MB/6.2 GB   10 MB/s   8m57s[K[?25h[?2026l[?2026h[?25l[A[1Gpulling manifest [K
pulling 9657d5771484:  13% ▕██                ▏ 813 MB/6.2 GB   10 MB/s   8m46s[K[?25h[?2026l[?2026h[?25l[A[1Gpulling manifest [K
pulling 9657d5771484:  13% ▕██                ▏ 815 MB/6.2 GB   10 MB/s   8m46s[K[?25h[?2026l[?2026h[?25l[A[1Gpulling manifest [K
pulling 9657d5771484:  13% ▕██                ▏ 816 MB/6.2 GB   10 MB/s   8m46s[K[?25h[?2026l[?2026h[?25l[A[1Gpulling manifest [K
pulling 9657d5771484:  13% ▕██                ▏ 819 MB/6.2 GB   10 MB/s   8m45s[K[?25h[?2026l[?2026h[?25l[A[1Gpulling manifest [K
pulling 9657d5771484:  13% ▕██                ▏ 820 MB/6.2 GB   10 MB/s   8m45s[K[?25h[?2026l[?2026h[?25l[A[1Gpulling manifest [K
pulling 9657d5771484:  13% ▕██                ▏ 822 MB/6.2 GB   10 MB/s   8m45s[K[?25h[?2026l[?2026h[?25l[A[1Gpulling manifest [K
pulling 9657d5771484:  13% ▕██                ▏ 825 MB/6.2 GB   10 MB/s   8m45s[K[?25h[?2026l[?2026h[?25l[A[1Gpulling manifest [K
pulling 9657d5771484:  13% ▕██                ▏ 827 MB/6.2 GB   10 MB/s   8m45s[K[?25h[?2026l[?2026h[?25l[A[1Gpulling manifest [K
pulling 9657d5771484:  13% ▕██                ▏ 828 MB/6.2 GB   10 MB/s   8m44s[K[?25h[?2026l[?2026h[?25l[A[1Gpulling manifest [K
pulling 9657d5771484:  13% ▕██                ▏ 831 MB/6.2 GB   10 MB/s   8m44s[K[?25h[?2026l[?2026h[?25l[A[1Gpulling manifest [K
pulling 9657d5771484:  13% ▕██                ▏ 834 MB/6.2 GB   10 MB/s   8m25s[K[?25h[?2026l[?2026h[?25l[A[1Gpulling manifest [K
pulling 9657d5771484:  13% ▕██                ▏ 836 MB/6.2 GB   10 MB/s   8m25s[K[?25h[?2026l[?2026h[?25l[A[1Gpulling manifest [K
pulling 9657d5771484:  13% ▕██                ▏ 838 MB/6.2 GB   10 MB/s   8m25s[K[?25h[?2026l[?2026h[?25l[A[1Gpulling manifest [K
pulling 9657d5771484:  14% ▕██                ▏ 840 MB/6.2 GB   10 MB/s   8m24s[K[?25h[?2026l[?2026h[?25l[A[1Gpulling manifest [K
pulling 9657d5771484:  14% ▕██                ▏ 841 MB/6.2 GB   10 MB/s   8m24s[K[?25h[?2026l[?2026h[?25l[A[1Gpulling manifest [K
pulling 9657d5771484:  14% ▕██                ▏ 844 MB/6.2 GB   10 MB/s   8m24s[K[?25h[?2026l[?2026h[?25l[A[1Gpulling manifest [K
pulling 9657d5771484:  14% ▕██                ▏ 846 MB/6.2 GB   10 MB/s   8m24s[K[?25h[?2026l[?2026h[?25l[A[1Gpulling manifest [K
pulling 9657d5771484:  14% ▕██                ▏ 847 MB/6.2 GB   10 MB/s   8m24s[K[?25h[?2026l[?2026h[?25l[A[1Gpulling manifest [K
pulling 9657d5771484:  14% ▕██                ▏ 850 MB/6.2 GB   10 MB/s   8m23s[K[?25h[?2026l[?2026h[?25l[A[1Gpulling manifest [K
pulling 9657d5771484:  14% ▕██                ▏ 853 MB/6.2 GB   10 MB/s   8m23s[K[?25h[?2026l[?2026h[?25l[A[1Gpulling manifest [K
pulling 9657d5771484:  14% ▕██                ▏ 854 MB/6.2 GB   10 MB/s   8m23s[K[?25h[?2026l[?2026h[?25l[A[1Gpulling manifest [K
pulling 9657d5771484:  14% ▕██                ▏ 857 MB/6.2 GB   11 MB/s   7m29s[K[?25h[?2026l[?2026h[?25l[A[1Gpulling manifest [K
pulling 9657d5771484:  14% ▕██                ▏ 860 MB/6.2 GB   11 MB/s   7m29s[K[?25h[?2026l[?2026h[?25l[A[1Gpulling manifest [K
pulling 9657d5771484:  14% ▕██                ▏ 861 MB/6.2 GB   11 MB/s   7m29s[K[?25h[?2026l[?2026h[?25l[A[1Gpulling manifest [K
pulling 9657d5771484:  14% ▕██                ▏ 864 MB/6.2 GB   11 MB/s   7m29s[K[?25h[?2026l[?2026h[?25l[A[1Gpulling manifest [K
pulling 9657d5771484:  14% ▕██                ▏ 867 MB/6.2 GB   11 MB/s   7m29s[K[?25h[?2026l[?2026h[?25l[A[1Gpulling manifest [K
pulling 9657d5771484:  14% ▕██                ▏ 868 MB/6.2 GB   11 MB/s   7m29s[K[?25h[?2026l[?2026h[?25l[A[1Gpulling manifest [K
pulling 9657d5771484:  14% ▕██                ▏ 871 MB/6.2 GB   11 MB/s   7m28s[K[?25h[?2026l[?2026h[?25l[A[1Gpulling manifest [K
pulling 9657d5771484:  14% ▕██                ▏ 873 MB/6.2 GB   11 MB/s   7m28s[K[?25h[?2026l[?2026h[?25l[A[1Gpulling manifest [K
pulling 9657d5771484:  14% ▕██                ▏ 875 MB/6.2 GB   11 MB/s   7m28s[K[?25h[?2026l[?2026h[?25l[A[1Gpulling manifest [K
pulling 9657d5771484:  14% ▕██                ▏ 876 MB/6.2 GB   11 MB/s   7m28s[K[?25h[?2026l[?2026h[?25l[A[1Gpulling manifest [K
pulling 9657d5771484:  14% ▕██                ▏ 879 MB/6.2 GB   14 MB/s   6m20s[K[?25h[?2026l[?2026h[?25l[A[1Gpulling manifest [K
pulling 9657d5771484:  14% ▕██                ▏ 881 MB/6.2 GB   14 MB/s   6m20s[K[?25h[?2026l[?2026h[?25l[A[1Gpulling manifest [K
pulling 9657d5771484:  14% ▕██                ▏ 883 MB/6.2 GB   14 MB/s   6m19s[K[?25h[?2026l[?2026h[?25l[A[1Gpulling manifest [K
pulling 9657d5771484:  14% ▕██                ▏ 886 MB/6.2 GB   14 MB/s   6m19s[K[?25h[?2026l[?2026h[?25l[A[1Gpulling manifest [K
pulling 9657d5771484:  14% ▕██                ▏ 887 MB/6.2 GB   14 MB/s   6m19s[K[?25h[?2026l[?2026h[?25l[A[1Gpulling manifest [K
pulling 9657d5771484:  14% ▕██                ▏ 890 MB/6.2 GB   14 MB/s   6m19s[K[?25h[?2026l[?2026h[?25l[A[1Gpulling manifest [K
pulling 9657d5771484:  14% ▕██                ▏ 892 MB/6.2 GB   14 MB/s   6m19s[K[?25h[?2026l[?2026h[?25l[A[1Gpulling manifest [K
pulling 9657d5771484:  14% ▕██                ▏ 894 MB/6.2 GB   14 MB/s   6m19s[K[?25h[?2026l[?2026h[?25l[A[1Gpulling manifest [K
pulling 9657d5771484:  14% ▕██                ▏ 897 MB/6.2 GB   14 MB/s   6m18s[K[?25h[?2026l[?2026h[?25l[A[1Gpulling manifest [K
pulling 9657d5771484:  14% ▕██                ▏ 899 MB/6.2 GB   14 MB/s   6m18s[K[?25h[?2026l[?2026h[?25l[A[1Gpulling manifest [K
pulling 9657d5771484:  15% ▕██                ▏ 901 MB/6.2 GB   16 MB/s   5m20s[K[?25h[?2026l[?2026h[?25l[A[1Gpulling manifest [K
pulling 9657d5771484:  15% ▕██                ▏ 903 MB/6.2 GB   16 MB/s   5m20s[K[?25h[?2026l[?2026h[?25l[A[1Gpulling manifest [K
pulling 9657d5771484:  15% ▕██                ▏ 905 MB/6.2 GB   16 MB/s   5m20s[K[?25h[?2026l[?2026h[?25l[A[1Gpulling manifest [K
pulling 9657d5771484:  15% ▕██                ▏ 907 MB/6.2 GB   16 MB/s   5m20s[K[?25h[?2026l[?2026h[?25l[A[1Gpulling manifest [K
pulling 9657d5771484:  15% ▕██                ▏ 909 MB/6.2 GB   16 MB/s   5m20s[K[?25h[?2026l[?2026h[?25l[A[1Gpulling manifest [K
pulling 9657d5771484:  15% ▕██                ▏ 911 MB/6.2 GB   16 MB/s   5m20s[K[?25h[?2026l[?2026h[?25l[A[1Gpulling manifest [K
pulling 9657d5771484:  15% ▕██                ▏ 913 MB/6.2 GB   16 MB/s   5m20s[K[?25h[?2026l[?2026h[?25l[A[1Gpulling manifest [K
pulling 9657d5771484:  15% ▕██                ▏ 916 MB/6.2 GB   16 MB/s   5m19s[K[?25h[?2026l[?2026h[?25l[A[1Gpulling manifest [K
pulling 9657d5771484:  15% ▕██                ▏ 918 MB/6.2 GB   16 MB/s   5m19s[K[?25h[?2026l[?2026h[?25l[A[1Gpulling manifest [K
pulling 9657d5771484:  15% ▕██                ▏ 919 MB/6.2 GB   16 MB/s   5m19s[K[?25h[?2026l[?2026h[?25l[A[1Gpulling manifest [K
pulling 9657d5771484:  15% ▕██                ▏ 923 MB/6.2 GB   18 MB/s   4m49s[K[?25h[?2026l[?2026h[?25l[A[1Gpulling manifest [K
pulling 9657d5771484:  15% ▕██                ▏ 925 MB/6.2 GB   18 MB/s   4m49s[K[?25h[?2026l[?2026h[?25l[A[1Gpulling manifest [K
pulling 9657d5771484:  15% ▕██                ▏ 926 MB/6.2 GB   18 MB/s   4m48s[K[?25h[?2026l[?2026h[?25l[A[1Gpulling manifest [K
pulling 9657d5771484:  15% ▕██                ▏ 929 MB/6.2 GB   18 MB/s   4m48s[K[?25h[?2026l[?2026h[?25l[A[1Gpulling manifest [K
pulling 9657d5771484:  15% ▕██                ▏ 931 MB/6.2 GB   18 MB/s   4m48s[K[?25h[?2026l[?2026h[?25l[A[1Gpulling manifest [K
pulling 9657d5771484:  15% ▕██                ▏ 933 MB/6.2 GB   18 MB/s   4m48s[K[?25h[?2026l[?2026h[?25l[A[1Gpulling manifest [K
pulling 9657d5771484:  15% ▕██                ▏ 936 MB/6.2 GB   18 MB/s   4m48s[K[?25h[?2026l[?2026h[?25l[A[1Gpulling manifest [K
pulling 9657d5771484:  15% ▕██                ▏ 938 MB/6.2 GB   18 MB/s   4m48s[K[?25h[?2026l[?2026h[?25l[A[1Gpulling manifest [K
pulling 9657d5771484:  15% ▕██                ▏ 940 MB/6.2 GB   18 MB/s   4m48s[K[?25h[?2026l[?2026h[?25l[A[1Gpulling manifest [K
pulling 9657d5771484:  15% ▕██                ▏ 942 MB/6.2 GB   18 MB/s   4m48s[K[?25h[?2026l[?2026h[?25l[A[1Gpulling manifest [K
pulling 9657d5771484:  15% ▕██                ▏ 944 MB/6.2 GB   19 MB/s   4m28s[K[?25h[?2026l[?2026h[?25l[A[1Gpulling manifest [K
pulling 9657d5771484:  15% ▕██                ▏ 946 MB/6.2 GB   19 MB/s   4m28s[K[?25h[?2026l[?2026h[?25l[A[1Gpulling manifest [K
pulling 9657d5771484:  15% ▕██                ▏ 948 MB/6.2 GB   19 MB/s   4m28s[K[?25h[?2026l[?2026h[?25l[A[1Gpulling manifest [K
pulling 9657d5771484:  15% ▕██                ▏ 949 MB/6.2 GB   19 MB/s   4m28s[K[?25h[?2026l[?2026h[?25l[A[1Gpulling manifest [K
pulling 9657d5771484:  15% ▕██                ▏ 950 MB/6.2 GB   19 MB/s   4m28s[K[?25h[?2026l[?2026h[?25l[A[1Gpulling manifest [K
pulling 9657d5771484:  15% ▕██                ▏ 952 MB/6.2 GB   19 MB/s   4m28s[K[?25h[?2026l[?2026h[?25l[A[1Gpulling manifest [K
pulling 9657d5771484:  15% ▕██                ▏ 954 MB/6.2 GB   19 MB/s   4m27s[K[?25h[?2026l[?2026h[?25l[A[1Gpulling manifest [K
pulling 9657d5771484:  15% ▕██                ▏ 956 MB/6.2 GB   19 MB/s   4m27s[K[?25h[?2026l[?2026h[?25l[A[1Gpulling manifest [K
pulling 9657d5771484:  15% ▕██                ▏ 959 MB/6.2 GB   19 MB/s   4m27s[K[?25h[?2026l[?2026h[?25l[A[1Gpulling manifest [K
pulling 9657d5771484:  15% ▕██                ▏ 961 MB/6.2 GB   19 MB/s   4m27s[K[?25h[?2026l[?2026h[?25l[A[1Gpulling manifest [K
pulling 9657d5771484:  15% ▕██                ▏ 962 MB/6.2 GB   19 MB/s   4m27s[K[?25h[?2026l[?2026h[?25l[A[1Gpulling manifest [K
pulling 9657d5771484:  16% ▕██                ▏ 965 MB/6.2 GB   20 MB/s   4m19s[K[?25h[?2026l[?2026h[?25l[A[1Gpulling manifest [K
pulling 9657d5771484:  16% ▕██                ▏ 967 MB/6.2 GB   20 MB/s   4m19s[K[?25h[?2026l[?2026h[?25l[A[1Gpulling manifest [K
pulling 9657d5771484:  16% ▕██                ▏ 968 MB/6.2 GB   20 MB/s   4m18s[K[?25h[?2026l[?2026h[?25l[A[1Gpulling manifest [K
pulling 9657d5771484:  16% ▕██                ▏ 971 MB/6.2 GB   20 MB/s   4m18s[K[?25h[?2026l[?2026h[?25l[A[1Gpulling manifest [K
pulling 9657d5771484:  16% ▕██                ▏ 973 MB/6.2 GB   20 MB/s   4m18s[K[?25h[?2026l[?2026h[?25l[A[1Gpulling manifest [K
pulling 9657d5771484:  16% ▕██                ▏ 974 MB/6.2 GB   20 MB/s   4m18s[K[?25h[?2026l[?2026h[?25l[A[1Gpulling manifest [K
pulling 9657d5771484:  16% ▕██                ▏ 977 MB/6.2 GB   20 MB/s   4m18s[K[?25h[?2026l[?2026h[?25l[A[1Gpulling manifest [K
pulling 9657d5771484:  16% ▕██                ▏ 979 MB/6.2 GB   20 MB/s   4m18s[K[?25h[?2026l[?2026h[?25l[A[1Gpulling manifest [K
pulling 9657d5771484:  16% ▕██                ▏ 980 MB/6.2 GB   20 MB/s   4m18s[K[?25h[?2026l[?2026h[?25l[A[1Gpulling manifest [K
pulling 9657d5771484:  16% ▕██                ▏ 983 MB/6.2 GB   20 MB/s   4m18s[K[?25h[?2026l[?2026h[?25l[A[1Gpulling manifest [K
pulling 9657d5771484:  16% ▕██                ▏ 985 MB/6.2 GB   21 MB/s    4m6s[K[?25h[?2026l[?2026h[?25l[A[1Gpulling manifest [K
pulling 9657d5771484:  16% ▕██                ▏ 986 MB/6.2 GB   21 MB/s    4m6s[K[?25h[?2026l[?2026h[?25l[A[1Gpulling manifest [K
pulling 9657d5771484:  16% ▕██                ▏ 990 MB/6.2 GB   21 MB/s    4m6s[K[?25h[?2026l[?2026h[?25l[A[1Gpulling manifest [K
pulling 9657d5771484:  16% ▕██                ▏ 991 MB/6.2 GB   21 MB/s    4m6s[K[?25h[?2026l[?2026h[?25l[A[1Gpulling manifest [K
pulling 9657d5771484:  16% ▕██                ▏ 993 MB/6.2 GB   21 MB/s    4m6s[K[?25h[?2026l[?2026h[?25l[A[1Gpulling manifest [K
pulling 9657d5771484:  16% ▕██                ▏ 996 MB/6.2 GB   21 MB/s    4m6s[K[?25h[?2026l[?2026h[?25l[A[1Gpulling manifest [K
pulling 9657d5771484:  16% ▕██                ▏ 998 MB/6.2 GB   21 MB/s    4m6s[K[?25h[?2026l[?2026h[?25l[A[1Gpulling manifest [K
pulling 9657d5771484:  16% ▕██                ▏ 999 MB/6.2 GB   21 MB/s    4m6s[K[?25h[?2026l[?2026h[?25l[A[1Gpulling manifest [K
pulling 9657d5771484:  16% ▕██                ▏ 1.0 GB/6.2 GB   21 MB/s    4m5s[K[?25h[?2026l[?2026h[?25l[A[1Gpulling manifest [K
pulling 9657d5771484:  16% ▕██                ▏ 1.0 GB/6.2 GB   21 MB/s    4m5s[K[?25h[?2026l[?2026h[?25l[A[1Gpulling manifest [K
pulling 9657d5771484:  16% ▕██                ▏ 1.0 GB/6.2 GB   21 MB/s    4m3s[K[?25h[?2026l[?2026h[?25l[A[1Gpulling manifest [K
pulling 9657d5771484:  16% ▕██                ▏ 1.0 GB/6.2 GB   21 MB/s    4m3s[K[?25h[?2026l[?2026h[?25l[A[1Gpulling manifest [K
pulling 9657d5771484:  16% ▕██                ▏ 1.0 GB/6.2 GB   21 MB/s    4m3s[K[?25h[?2026l[?2026h[?25l[A[1Gpulling manifest [K
pulling 9657d5771484:  16% ▕██                ▏ 1.0 GB/6.2 GB   21 MB/s    4m3s[K[?25h[?2026l[?2026h[?25l[A[1Gpulling manifest [K
pulling 9657d5771484:  16% ▕██                ▏ 1.0 GB/6.2 GB   21 MB/s    4m3s[K[?25h[?2026l[?2026h[?25l[A[1Gpulling manifest [K
pulling 9657d5771484:  16% ▕██                ▏ 1.0 GB/6.2 GB   21 MB/s    4m3s[K[?25h[?2026l[?2026h[?25l[A[1Gpulling manifest [K
pulling 9657d5771484:  16% ▕██                ▏ 1.0 GB/6.2 GB   21 MB/s    4m3s[K[?25h[?2026l[?2026h[?25l[A[1Gpulling manifest [K
pulling 9657d5771484:  16% ▕██                ▏ 1.0 GB/6.2 GB   21 MB/s    4m3s[K[?25h[?2026l[?2026h[?25l[A[1Gpulling manifest [K
pulling 9657d5771484:  16% ▕██                ▏ 1.0 GB/6.2 GB   21 MB/s    4m3s[K[?25h[?2026l[?2026h[?25l[A[1Gpulling manifest [K
pulling 9657d5771484:  16% ▕██                ▏ 1.0 GB/6.2 GB   21 MB/s    4m3s[K[?25h[?2026l[?2026h[?25l[A[1Gpulling manifest [K
pulling 9657d5771484:  17% ▕██                ▏ 1.0 GB/6.2 GB   21 MB/s    4m3s[K[?25h[?2026l[?2026h[?25l[A[1Gpulling manifest [K
pulling 9657d5771484:  17% ▕██                ▏ 1.0 GB/6.2 GB   21 MB/s    4m3s[K[?25h[?2026l[?2026h[?25l[A[1Gpulling manifest [K
pulling 9657d5771484:  17% ▕██                ▏ 1.0 GB/6.2 GB   21 MB/s    4m3s[K[?25h[?2026l[?2026h[?25l[A[1Gpulling manifest [K
pulling 9657d5771484:  17% ▕██                ▏ 1.0 GB/6.2 GB   21 MB/s    4m3s[K[?25h[?2026l[?2026h[?25l[A[1Gpulling manifest [K
pulling 9657d5771484:  17% ▕██                ▏ 1.0 GB/6.2 GB   21 MB/s    4m3s[K[?25h[?2026l[?2026h[?25l[A[1Gpulling manifest [K
pulling 9657d5771484:  17% ▕███               ▏ 1.0 GB/6.2 GB   21 MB/s    4m3s[K[?25h[?2026l[?2026h[?25l[A[1Gpulling manifest [K
pulling 9657d5771484:  17% ▕███               ▏ 1.0 GB/6.2 GB   21 MB/s    4m3s[K[?25h[?2026l[?2026h[?25l[A[1Gpulling manifest [K
pulling 9657d5771484:  17% ▕███               ▏ 1.0 GB/6.2 GB   21 MB/s    4m3s[K[?25h[?2026l[?2026h[?25l[A[1Gpulling manifest [K
pulling 9657d5771484:  17% ▕███               ▏ 1.0 GB/6.2 GB   21 MB/s    4m3s[K[?25h[?2026l[?2026h[?25l[A[1Gpulling manifest [K
pulling 9657d5771484:  17% ▕███               ▏ 1.0 GB/6.2 GB   21 MB/s    4m2s[K[?25h[?2026l[?2026h[?25l[A[1Gpulling manifest [K
pulling 9657d5771484:  17% ▕███               ▏ 1.1 GB/6.2 GB   21 MB/s   3m59s[K[?25h[?2026l[?2026h[?25l[A[1Gpulling manifest [K
pulling 9657d5771484:  17% ▕███               ▏ 1.1 GB/6.2 GB   21 MB/s   3m59s[K[?25h[?2026l[?2026h[?25l[A[1Gpulling manifest [K
pulling 9657d5771484:  17% ▕███               ▏ 1.1 GB/6.2 GB   21 MB/s   3m59s[K[?25h[?2026l[?2026h[?25l[A[1Gpulling manifest [K
pulling 9657d5771484:  17% ▕███               ▏ 1.1 GB/6.2 GB   21 MB/s   3m59s[K[?25h[?2026l[?2026h[?25l[A[1Gpulling manifest [K
pulling 9657d5771484:  17% ▕███               ▏ 1.1 GB/6.2 GB   21 MB/s   3m59s[K[?25h[?2026l[?2026h[?25l[A[1Gpulling manifest [K
pulling 9657d5771484:  17% ▕███               ▏ 1.1 GB/6.2 GB   21 MB/s   3m59s[K[?25h[?2026l[?2026h[?25l[A[1Gpulling manifest [K
pulling 9657d5771484:  17% ▕███               ▏ 1.1 GB/6.2 GB   21 MB/s   3m59s[K[?25h[?2026l[?2026h[?25l[A[1Gpulling manifest [K
pulling 9657d5771484:  17% ▕███               ▏ 1.1 GB/6.2 GB   21 MB/s   3m59s[K[?25h[?2026l[?2026h[?25l[A[1Gpulling manifest [K
pulling 9657d5771484:  17% ▕███               ▏ 1.1 GB/6.2 GB   21 MB/s   3m59s[K[?25h[?2026l[?2026h[?25l[A[1Gpulling manifest [K
pulling 9657d5771484:  17% ▕███               ▏ 1.1 GB/6.2 GB   21 MB/s   3m59s[K[?25h[?2026l[?2026h[?25l[A[1Gpulling manifest [K
pulling 9657d5771484:  17% ▕███               ▏ 1.1 GB/6.2 GB   21 MB/s   3m59s[K[?25h[?2026l[?2026h[?25l[A[1Gpulling manifest [K
pulling 9657d5771484:  17% ▕███               ▏ 1.1 GB/6.2 GB   21 MB/s   3m57s[K[?25h[?2026l[?2026h[?25l[A[1Gpulling manifest [K
pulling 9657d5771484:  17% ▕███               ▏ 1.1 GB/6.2 GB   21 MB/s   3m57s[K[?25h[?2026l[?2026h[?25l[A[1Gpulling manifest [K
pulling 9657d5771484:  17% ▕███               ▏ 1.1 GB/6.2 GB   21 MB/s   3m57s[K[?25h[?2026l[?2026h[?25l[A[1Gpulling manifest [K
pulling 9657d5771484:  17% ▕███               ▏ 1.1 GB/6.2 GB   21 MB/s   3m57s[K[?25h[?2026l[?2026h[?25l[A[1Gpulling manifest [K
pulling 9657d5771484:  17% ▕███               ▏ 1.1 GB/6.2 GB   21 MB/s   3m57s[K[?25h[?2026l[?2026h[?25l[A[1Gpulling manifest [K
pulling 9657d5771484:  17% ▕███               ▏ 1.1 GB/6.2 GB   21 MB/s   3m57s[K[?25h[?2026l[?2026h[?25l[A[1Gpulling manifest [K
pulling 9657d5771484:  17% ▕███               ▏ 1.1 GB/6.2 GB   21 MB/s   3m57s[K[?25h[?2026l[?2026h[?25l[A[1Gpulling manifest [K
pulling 9657d5771484:  17% ▕███               ▏ 1.1 GB/6.2 GB   21 MB/s   3m57s[K[?25h[?2026l[?2026h[?25l[A[1Gpulling manifest [K
pulling 9657d5771484:  17% ▕███               ▏ 1.1 GB/6.2 GB   21 MB/s   3m57s[K[?25h[?2026l[?2026h[?25l[A[1Gpulling manifest [K
pulling 9657d5771484:  18% ▕███               ▏ 1.1 GB/6.2 GB   21 MB/s   3m57s[K[?25h[?2026l[?2026h[?25l[A[1Gpulling manifest [K
pulling 9657d5771484:  18% ▕███               ▏ 1.1 GB/6.2 GB   21 MB/s    4m3s[K[?25h[?2026l[?2026h[?25l[A[1Gpulling manifest [K
pulling 9657d5771484:  18% ▕███               ▏ 1.1 GB/6.2 GB   21 MB/s    4m3s[K[?25h[?2026l[?2026h[?25l[A[1Gpulling manifest [K
pulling 9657d5771484:  18% ▕███               ▏ 1.1 GB/6.2 GB   21 MB/s    4m3s[K[?25h[?2026l[?2026h[?25l[A[1Gpulling manifest [K
pulling 9657d5771484:  18% ▕███               ▏ 1.1 GB/6.2 GB   21 MB/s    4m2s[K[?25h[?2026l[?2026h[?25l[A[1Gpulling manifest [K
pulling 9657d5771484:  18% ▕███               ▏ 1.1 GB/6.2 GB   21 MB/s    4m2s[K[?25h[?2026l[?2026h[?25l[A[1Gpulling manifest [K
pulling 9657d5771484:  18% ▕███               ▏ 1.1 GB/6.2 GB   21 MB/s    4m2s[K[?25h[?2026l[?2026h[?25l[A[1Gpulling manifest [K
pulling 9657d5771484:  18% ▕███               ▏ 1.1 GB/6.2 GB   21 MB/s    4m2s[K[?25h[?2026l[?2026h[?25l[A[1Gpulling manifest [K
pulling 9657d5771484:  18% ▕███               ▏ 1.1 GB/6.2 GB   21 MB/s    4m2s[K[?25h[?2026l[?2026h[?25l[A[1Gpulling manifest [K
pulling 9657d5771484:  18% ▕███               ▏ 1.1 GB/6.2 GB   21 MB/s    4m2s[K[?25h[?2026l[?2026h[?25l[A[1Gpulling manifest [K
pulling 9657d5771484:  18% ▕███               ▏ 1.1 GB/6.2 GB   21 MB/s    4m2s[K[?25h[?2026l[?2026h[?25l[A[1Gpulling manifest [K
pulling 9657d5771484:  18% ▕███               ▏ 1.1 GB/6.2 GB   20 MB/s    4m6s[K[?25h[?2026l[?2026h[?25l[A[1Gpulling manifest [K
pulling 9657d5771484:  18% ▕███               ▏ 1.1 GB/6.2 GB   20 MB/s    4m6s[K[?25h[?2026l[?2026h[?25l[A[1Gpulling manifest [K
pulling 9657d5771484:  18% ▕███               ▏ 1.1 GB/6.2 GB   20 MB/s    4m6s[K[?25h[?2026l[?2026h[?25l[A[1Gpulling manifest [K
pulling 9657d5771484:  18% ▕███               ▏ 1.1 GB/6.2 GB   20 MB/s    4m5s[K[?25h[?2026l[?2026h[?25l[A[1Gpulling manifest [K
pulling 9657d5771484:  18% ▕███               ▏ 1.1 GB/6.2 GB   20 MB/s    4m5s[K[?25h[?2026l[?2026h[?25l[A[1Gpulling manifest [K
pulling 9657d5771484:  18% ▕███               ▏ 1.1 GB/6.2 GB   20 MB/s    4m5s[K[?25h[?2026l[?2026h[?25l[A[1Gpulling manifest [K
pulling 9657d5771484:  18% ▕███               ▏ 1.1 GB/6.2 GB   20 MB/s    4m5s[K[?25h[?2026l[?2026h[?25l[A[1Gpulling manifest [K
pulling 9657d5771484:  18% ▕███               ▏ 1.1 GB/6.2 GB   20 MB/s    4m5s[K[?25h[?2026l[?2026h[?25l[A[1Gpulling manifest [K
pulling 9657d5771484:  18% ▕███               ▏ 1.1 GB/6.2 GB   20 MB/s    4m5s[K[?25h[?2026l[?2026h[?25l[A[1Gpulling manifest [K
pulling 9657d5771484:  18% ▕███               ▏ 1.1 GB/6.2 GB   20 MB/s    4m5s[K[?25h[?2026l[?2026h[?25l[A[1Gpulling manifest [K
pulling 9657d5771484:  18% ▕███               ▏ 1.1 GB/6.2 GB   20 MB/s    4m3s[K[?25h[?2026l[?2026h[?25l[A[1Gpulling manifest [K
pulling 9657d5771484:  18% ▕███               ▏ 1.1 GB/6.2 GB   20 MB/s    4m3s[K[?25h[?2026l[?2026h[?25l[A[1Gpulling manifest [K
pulling 9657d5771484:  18% ▕███               ▏ 1.1 GB/6.2 GB   20 MB/s    4m3s[K[?25h[?2026l[?2026h[?25l[A[1Gpulling manifest [K
pulling 9657d5771484:  18% ▕███               ▏ 1.1 GB/6.2 GB   20 MB/s    4m3s[K[?25h[?2026l[?2026h[?25l[A[1Gpulling manifest [K
pulling 9657d5771484:  18% ▕███               ▏ 1.1 GB/6.2 GB   20 MB/s    4m3s[K[?25h[?2026l[?2026h[?25l[A[1Gpulling manifest [K
pulling 9657d5771484:  18% ▕███               ▏ 1.1 GB/6.2 GB   20 MB/s    4m2s[K[?25h[?2026l[?2026h[?25l[A[1Gpulling manifest [K
pulling 9657d5771484:  18% ▕███               ▏ 1.1 GB/6.2 GB   20 MB/s    4m2s[K[?25h[?2026l[?2026h[?25l[A[1Gpulling manifest [K
pulling 9657d5771484:  18% ▕███               ▏ 1.1 GB/6.2 GB   20 MB/s    4m2s[K[?25h[?2026l[?2026h[?25l[A[1Gpulling manifest [K
pulling 9657d5771484:  18% ▕███               ▏ 1.1 GB/6.2 GB   20 MB/s    4m2s[K[?25h[?2026l[?2026h[?25l[A[1Gpulling manifest [K
pulling 9657d5771484:  19% ▕███               ▏ 1.2 GB/6.2 GB   20 MB/s    4m2s[K[?25h[?2026l[?2026h[?25l[A[1Gpulling manifest [K
pulling 9657d5771484:  19% ▕███               ▏ 1.2 GB/6.2 GB   21 MB/s   3m59s[K[?25h[?2026l[?2026h[?25l[A[1Gpulling manifest [K
pulling 9657d5771484:  19% ▕███               ▏ 1.2 GB/6.2 GB   21 MB/s   3m59s[K[?25h[?2026l[?2026h[?25l[A[1Gpulling manifest [K
pulling 9657d5771484:  19% ▕███               ▏ 1.2 GB/6.2 GB   21 MB/s   3m58s[K[?25h[?2026l[?2026h[?25l[A[1Gpulling manifest [K
pulling 9657d5771484:  19% ▕███               ▏ 1.2 GB/6.2 GB   21 MB/s   3m58s[K[?25h[?2026l[?2026h[?25l[A[1Gpulling manifest [K
pulling 9657d5771484:  19% ▕███               ▏ 1.2 GB/6.2 GB   21 MB/s   3m58s[K[?25h[?2026l[?2026h[?25l[A[1Gpulling manifest [K
pulling 9657d5771484:  19% ▕███               ▏ 1.2 GB/6.2 GB   21 MB/s   3m58s[K[?25h[?2026l[?2026h[?25l[A[1Gpulling manifest [K
pulling 9657d5771484:  19% ▕███               ▏ 1.2 GB/6.2 GB   21 MB/s   3m58s[K[?25h[?2026l[?2026h[?25l[A[1Gpulling manifest [K
pulling 9657d5771484:  19% ▕███               ▏ 1.2 GB/6.2 GB   21 MB/s   3m58s[K[?25h[?2026l[?2026h[?25l[A[1Gpulling manifest [K
pulling 9657d5771484:  19% ▕███               ▏ 1.2 GB/6.2 GB   21 MB/s   3m58s[K[?25h[?2026l[?2026h[?25l[A[1Gpulling manifest [K
pulling 9657d5771484:  19% ▕███               ▏ 1.2 GB/6.2 GB   21 MB/s   3m58s[K[?25h[?2026l[?2026h[?25l[A[1Gpulling manifest [K
pulling 9657d5771484:  19% ▕███               ▏ 1.2 GB/6.2 GB   21 MB/s   3m58s[K[?25h[?2026l[?2026h[?25l[A[1Gpulling manifest [K
pulling 9657d5771484:  19% ▕███               ▏ 1.2 GB/6.2 GB   20 MB/s    4m3s[K[?25h[?2026l[?2026h[?25l[A[1Gpulling manifest [K
pulling 9657d5771484:  19% ▕███               ▏ 1.2 GB/6.2 GB   20 MB/s    4m2s[K[?25h[?2026l[?2026h[?25l[A[1Gpulling manifest [K
pulling 9657d5771484:  19% ▕███               ▏ 1.2 GB/6.2 GB   20 MB/s    4m2s[K[?25h[?2026l[?2026h[?25l[A[1Gpulling manifest [K
pulling 9657d5771484:  19% ▕███               ▏ 1.2 GB/6.2 GB   20 MB/s    4m2s[K[?25h[?2026l[?2026h[?25l[A[1Gpulling manifest [K
pulling 9657d5771484:  19% ▕███               ▏ 1.2 GB/6.2 GB   20 MB/s    4m2s[K[?25h[?2026l[?2026h[?25l[A[1Gpulling manifest [K
pulling 9657d5771484:  19% ▕███               ▏ 1.2 GB/6.2 GB   20 MB/s    4m2s[K[?25h[?2026l[?2026h[?25l[A[1Gpulling manifest [K
pulling 9657d5771484:  19% ▕███               ▏ 1.2 GB/6.2 GB   20 MB/s    4m2s[K[?25h[?2026l[?2026h[?25l[A[1Gpulling manifest [K
pulling 9657d5771484:  19% ▕███               ▏ 1.2 GB/6.2 GB   20 MB/s    4m2s[K[?25h[?2026l[?2026h[?25l[A[1Gpulling manifest [K
pulling 9657d5771484:  19% ▕███               ▏ 1.2 GB/6.2 GB   20 MB/s    4m2s[K[?25h[?2026l[?2026h[?25l[A[1Gpulling manifest [K
pulling 9657d5771484:  19% ▕███               ▏ 1.2 GB/6.2 GB   20 MB/s    4m2s[K[?25h[?2026l[?2026h[?25l[A[1Gpulling manifest [K
pulling 9657d5771484:  19% ▕███               ▏ 1.2 GB/6.2 GB   20 MB/s    4m2s[K[?25h[?2026l[?2026h[?25l[A[1Gpulling manifest [K
pulling 9657d5771484:  19% ▕███               ▏ 1.2 GB/6.2 GB   20 MB/s    4m2s[K[?25h[?2026l[?2026h[?25l[A[1Gpulling manifest [K
pulling 9657d5771484:  19% ▕███               ▏ 1.2 GB/6.2 GB   20 MB/s    4m2s[K[?25h[?2026l[?2026h[?25l[A[1Gpulling manifest [K
pulling 9657d5771484:  19% ▕███               ▏ 1.2 GB/6.2 GB   20 MB/s    4m2s[K[?25h[?2026l[?2026h[?25l[A[1Gpulling manifest [K
pulling 9657d5771484:  19% ▕███               ▏ 1.2 GB/6.2 GB   20 MB/s    4m2s[K[?25h[?2026l[?2026h[?25l[A[1Gpulling manifest [K
pulling 9657d5771484:  19% ▕███               ▏ 1.2 GB/6.2 GB   20 MB/s    4m2s[K[?25h[?2026l[?2026h[?25l[A[1Gpulling manifest [K
pulling 9657d5771484:  19% ▕███               ▏ 1.2 GB/6.2 GB   20 MB/s    4m2s[K[?25h[?2026l[?2026h[?25l[A[1Gpulling manifest [K
pulling 9657d5771484:  19% ▕███               ▏ 1.2 GB/6.2 GB   20 MB/s    4m2s[K[?25h[?2026l[?2026h[?25l[A[1Gpulling manifest [K
pulling 9657d5771484:  19% ▕███               ▏ 1.2 GB/6.2 GB   20 MB/s    4m2s[K[?25h[?2026l[?2026h[?25l[A[1Gpulling manifest [K
pulling 9657d5771484:  19% ▕███               ▏ 1.2 GB/6.2 GB   20 MB/s    4m1s[K[?25h[?2026l[?2026h[?25l[A[1Gpulling manifest [K
pulling 9657d5771484:  19% ▕███               ▏ 1.2 GB/6.2 GB   20 MB/s    4m2s[K[?25h[?2026l[?2026h[?25l[A[1Gpulling manifest [K
pulling 9657d5771484:  20% ▕███               ▏ 1.2 GB/6.2 GB   20 MB/s    4m2s[K[?25h[?2026l[?2026h[?25l[A[1Gpulling manifest [K
pulling 9657d5771484:  20% ▕███               ▏ 1.2 GB/6.2 GB   20 MB/s    4m1s[K[?25h[?2026l[?2026h[?25l[A[1Gpulling manifest [K
pulling 9657d5771484:  20% ▕███               ▏ 1.2 GB/6.2 GB   20 MB/s    4m1s[K[?25h[?2026l[?2026h[?25l[A[1Gpulling manifest [K
pulling 9657d5771484:  20% ▕███               ▏ 1.2 GB/6.2 GB   20 MB/s    4m1s[K[?25h[?2026l[?2026h[?25l[A[1Gpulling manifest [K
pulling 9657d5771484:  20% ▕███               ▏ 1.2 GB/6.2 GB   20 MB/s    4m1s[K[?25h[?2026l[?2026h[?25l[A[1Gpulling manifest [K
pulling 9657d5771484:  20% ▕███               ▏ 1.2 GB/6.2 GB   20 MB/s    4m1s[K[?25h[?2026l[?2026h[?25l[A[1Gpulling manifest [K
pulling 9657d5771484:  20% ▕███               ▏ 1.2 GB/6.2 GB   20 MB/s    4m1s[K[?25h[?2026l[?2026h[?25l[A[1Gpulling manifest [K
pulling 9657d5771484:  20% ▕███               ▏ 1.2 GB/6.2 GB   20 MB/s    4m1s[K[?25h[?2026l[?2026h[?25l[A[1Gpulling manifest [K
pulling 9657d5771484:  20% ▕███               ▏ 1.2 GB/6.2 GB   20 MB/s    4m1s[K[?25h[?2026l[?2026h[?25l[A[1Gpulling manifest [K
pulling 9657d5771484:  20% ▕███               ▏ 1.2 GB/6.2 GB   20 MB/s    4m6s[K[?25h[?2026l[?2026h[?25l[A[1Gpulling manifest [K
pulling 9657d5771484:  20% ▕███               ▏ 1.2 GB/6.2 GB   20 MB/s    4m6s[K[?25h[?2026l[?2026h[?25l[A[1Gpulling manifest [K
pulling 9657d5771484:  20% ▕███               ▏ 1.2 GB/6.2 GB   20 MB/s    4m6s[K[?25h[?2026l[?2026h[?25l[A[1Gpulling manifest [K
pulling 9657d5771484:  20% ▕███               ▏ 1.2 GB/6.2 GB   20 MB/s    4m6s[K[?25h[?2026l[?2026h[?25l[A[1Gpulling manifest [K
pulling 9657d5771484:  20% ▕███               ▏ 1.2 GB/6.2 GB   20 MB/s    4m5s[K[?25h[?2026l[?2026h[?25l[A[1Gpulling manifest [K
pulling 9657d5771484:  20% ▕███               ▏ 1.2 GB/6.2 GB   20 MB/s    4m5s[K[?25h[?2026l[?2026h[?25l[A[1Gpulling manifest [K
pulling 9657d5771484:  20% ▕███               ▏ 1.2 GB/6.2 GB   20 MB/s    4m5s[K[?25h[?2026l[?2026h[?25l[A[1Gpulling manifest [K
pulling 9657d5771484:  20% ▕███               ▏ 1.2 GB/6.2 GB   20 MB/s    4m5s[K[?25h[?2026l[?2026h[?25l[A[1Gpulling manifest [K
pulling 9657d5771484:  20% ▕███               ▏ 1.2 GB/6.2 GB   20 MB/s    4m5s[K[?25h[?2026l[?2026h[?25l[A[1Gpulling manifest [K
pulling 9657d5771484:  20% ▕███               ▏ 1.3 GB/6.2 GB   20 MB/s    4m5s[K[?25h[?2026l[?2026h[?25l[A[1Gpulling manifest [K
pulling 9657d5771484:  20% ▕███               ▏ 1.3 GB/6.2 GB   20 MB/s    4m5s[K[?25h[?2026l[?2026h[?25l[A[1Gpulling manifest [K
pulling 9657d5771484:  20% ▕███               ▏ 1.3 GB/6.2 GB   20 MB/s    4m5s[K[?25h[?2026l[?2026h[?25l[A[1Gpulling manifest [K
pulling 9657d5771484:  20% ▕███               ▏ 1.3 GB/6.2 GB   20 MB/s    4m5s[K[?25h[?2026l[?2026h[?25l[A[1Gpulling manifest [K
pulling 9657d5771484:  20% ▕███               ▏ 1.3 GB/6.2 GB   20 MB/s    4m5s[K[?25h[?2026l[?2026h[?25l[A[1Gpulling manifest [K
pulling 9657d5771484:  20% ▕███               ▏ 1.3 GB/6.2 GB   20 MB/s    4m5s[K[?25h[?2026l[?2026h[?25l[A[1Gpulling manifest [K
pulling 9657d5771484:  20% ▕███               ▏ 1.3 GB/6.2 GB   20 MB/s    4m5s[K[?25h[?2026l[?2026h[?25l[A[1Gpulling manifest [K
pulling 9657d5771484:  20% ▕███               ▏ 1.3 GB/6.2 GB   20 MB/s    4m5s[K[?25h[?2026l[?2026h[?25l[A[1Gpulling manifest [K
pulling 9657d5771484:  20% ▕███               ▏ 1.3 GB/6.2 GB   20 MB/s    4m5s[K[?25h[?2026l[?2026h[?25l[A[1Gpulling manifest [K
pulling 9657d5771484:  20% ▕███               ▏ 1.3 GB/6.2 GB   20 MB/s    4m4s[K[?25h[?2026l[?2026h[?25l[A[1Gpulling manifest [K
pulling 9657d5771484:  20% ▕███               ▏ 1.3 GB/6.2 GB   20 MB/s    4m4s[K[?25h[?2026l[?2026h[?25l[A[1Gpulling manifest [K
pulling 9657d5771484:  21% ▕███               ▏ 1.3 GB/6.2 GB   20 MB/s    4m4s[K[?25h[?2026l[?2026h[?25l[A[1Gpulling manifest [K
pulling 9657d5771484:  21% ▕███               ▏ 1.3 GB/6.2 GB   20 MB/s   3m59s[K[?25h[?2026l[?2026h[?25l[A[1Gpulling manifest [K
pulling 9657d5771484:  21% ▕███               ▏ 1.3 GB/6.2 GB   20 MB/s   3m59s[K[?25h[?2026l[?2026h[?25l[A[1Gpulling manifest [K
pulling 9657d5771484:  21% ▕███               ▏ 1.3 GB/6.2 GB   20 MB/s   3m58s[K[?25h[?2026l[?2026h[?25l[A[1Gpulling manifest [K
pulling 9657d5771484:  21% ▕███               ▏ 1.3 GB/6.2 GB   20 MB/s   3m58s[K[?25h[?2026l[?2026h[?25l[A[1Gpulling manifest [K
pulling 9657d5771484:  21% ▕███               ▏ 1.3 GB/6.2 GB   20 MB/s   3m58s[K[?25h[?2026l[?2026h[?25l[A[1Gpulling manifest [K
pulling 9657d5771484:  21% ▕███               ▏ 1.3 GB/6.2 GB   20 MB/s   3m58s[K[?25h[?2026l[?2026h[?25l[A[1Gpulling manifest [K
pulling 9657d5771484:  21% ▕███               ▏ 1.3 GB/6.2 GB   20 MB/s   3m58s[K[?25h[?2026l[?2026h[?25l[A[1Gpulling manifest [K
pulling 9657d5771484:  21% ▕███               ▏ 1.3 GB/6.2 GB   20 MB/s   3m58s[K[?25h[?2026l[?2026h[?25l[A[1Gpulling manifest [K
pulling 9657d5771484:  21% ▕███               ▏ 1.3 GB/6.2 GB   20 MB/s   3m58s[K[?25h[?2026l[?2026h[?25l[A[1Gpulling manifest [K
pulling 9657d5771484:  21% ▕███               ▏ 1.3 GB/6.2 GB   20 MB/s   3m58s[K[?25h[?2026l[?2026h[?25l[A[1Gpulling manifest [K
pulling 9657d5771484:  19% ▕███               ▏ 1.2 GB/6.2 GB  7.0 MB/s   12m5s[K[?25h[?2026l[?2026h[?25l[A[1Gpulling manifest [K
pulling 9657d5771484:  19% ▕███               ▏ 1.2 GB/6.2 GB  7.0 MB/s   12m5s[K[?25h[?2026l[?2026h[?25l[A[1Gpulling manifest [K
pulling 9657d5771484:  19% ▕███               ▏ 1.2 GB/6.2 GB  7.0 MB/s   12m4s[K[?25h[?2026l[?2026h[?25l[A[1Gpulling manifest [K
pulling 9657d5771484:  19% ▕███               ▏ 1.2 GB/6.2 GB  7.0 MB/s   12m4s[K[?25h[?2026l[?2026h[?25l[A[1Gpulling manifest [K
pulling 9657d5771484:  19% ▕███               ▏ 1.2 GB/6.2 GB  7.0 MB/s   12m4s[K[?25h[?2026l[?2026h[?25l[A[1Gpulling manifest [K
pulling 9657d5771484:  19% ▕███               ▏ 1.2 GB/6.2 GB  7.0 MB/s   12m4s[K[?25h[?2026l[?2026h[?25l[A[1Gpulling manifest [K
pulling 9657d5771484:  19% ▕███               ▏ 1.2 GB/6.2 GB  7.0 MB/s   12m3s[K[?25h[?2026l[?2026h[?25l[A[1Gpulling manifest [K
pulling 9657d5771484:  19% ▕███               ▏ 1.2 GB/6.2 GB  7.0 MB/s   12m3s[K[?25h[?2026l[?2026h[?25l[A[1Gpulling manifest [K
pulling 9657d5771484:  19% ▕███               ▏ 1.2 GB/6.2 GB  7.0 MB/s   12m3s[K[?25h[?2026l[?2026h[?25l[A[1Gpulling manifest [K
pulling 9657d5771484:  19% ▕███               ▏ 1.2 GB/6.2 GB  7.0 MB/s   12m2s[K[?25h[?2026l[?2026h[?25l[A[1Gpulling manifest [K
pulling 9657d5771484:  19% ▕███               ▏ 1.2 GB/6.2 GB  6.8 MB/s  12m24s[K[?25h[?2026l[?2026h[?25l[A[1Gpulling manifest [K
pulling 9657d5771484:  19% ▕███               ▏ 1.2 GB/6.2 GB  6.8 MB/s  12m23s[K[?25h[?2026l[?2026h[?25l[A[1Gpulling manifest [K
pulling 9657d5771484:  19% ▕███               ▏ 1.2 GB/6.2 GB  6.8 MB/s  12m23s[K[?25h[?2026l[?2026h[?25l[A[1Gpulling manifest [K
pulling 9657d5771484:  19% ▕███               ▏ 1.2 GB/6.2 GB  6.8 MB/s  12m23s[K[?25h[?2026l[?2026h[?25l[A[1Gpulling manifest [K
pulling 9657d5771484:  19% ▕███               ▏ 1.2 GB/6.2 GB  6.8 MB/s  12m23s[K[?25h[?2026l[?2026h[?25l[A[1Gpulling manifest [K
pulling 9657d5771484:  19% ▕███               ▏ 1.2 GB/6.2 GB  6.8 MB/s  12m22s[K[?25h[?2026l[?2026h[?25l[A[1Gpulling manifest [K
pulling 9657d5771484:  19% ▕███               ▏ 1.2 GB/6.2 GB  6.8 MB/s  12m22s[K[?25h[?2026l[?2026h[?25l[A[1Gpulling manifest [K
pulling 9657d5771484:  19% ▕███               ▏ 1.2 GB/6.2 GB  6.8 MB/s  12m22s[K[?25h[?2026l[?2026h[?25l[A[1Gpulling manifest [K
pulling 9657d5771484:  19% ▕███               ▏ 1.2 GB/6.2 GB  6.8 MB/s  12m22s[K[?25h[?2026l[?2026h[?25l[A[1Gpulling manifest [K
pulling 9657d5771484:  19% ▕███               ▏ 1.2 GB/6.2 GB  6.8 MB/s  12m22s[K[?25h[?2026l[?2026h[?25l[A[1Gpulling manifest [K
pulling 9657d5771484:  19% ▕███               ▏ 1.2 GB/6.2 GB  3.0 MB/s  27m58s[K[?25h[?2026l[?2026h[?25l[A[1Gpulling manifest [K
pulling 9657d5771484:  19% ▕███               ▏ 1.2 GB/6.2 GB  3.0 MB/s  27m57s[K[?25h[?2026l[?2026h[?25l[A[1Gpulling manifest [K
pulling 9657d5771484:  19% ▕███               ▏ 1.2 GB/6.2 GB  3.0 MB/s  27m57s[K[?25h[?2026l[?2026h[?25l[A[1Gpulling manifest [K
pulling 9657d5771484:  19% ▕███               ▏ 1.2 GB/6.2 GB  3.0 MB/s  27m56s[K[?25h[?2026l[?2026h[?25l[A[1Gpulling manifest [K
pulling 9657d5771484:  19% ▕███               ▏ 1.2 GB/6.2 GB  3.0 MB/s  27m56s[K[?25h[?2026l[?2026h[?25l[A[1Gpulling manifest [K
pulling 9657d5771484:  19% ▕███               ▏ 1.2 GB/6.2 GB  3.0 MB/s  27m55s[K[?25h[?2026l[?2026h[?25l[A[1Gpulling manifest [K
pulling 9657d5771484:  19% ▕███               ▏ 1.2 GB/6.2 GB  3.0 MB/s  27m54s[K[?25h[?2026l[?2026h[?25l[A[1Gpulling manifest [K
pulling 9657d5771484:  19% ▕███               ▏ 1.2 GB/6.2 GB  3.0 MB/s  27m54s[K[?25h[?2026l[?2026h[?25l[A[1Gpulling manifest [K
pulling 9657d5771484:  19% ▕███               ▏ 1.2 GB/6.2 GB  3.0 MB/s  27m53s[K[?25h[?2026l[?2026h[?25l[A[1Gpulling manifest [K
pulling 9657d5771484:  19% ▕███               ▏ 1.2 GB/6.2 GB  3.0 MB/s  27m53s[K[?25h[?2026l[?2026h[?25l[A[1Gpulling manifest [K
pulling 9657d5771484:  19% ▕███               ▏ 1.2 GB/6.2 GB  3.0 MB/s  27m49s[K[?25h[?2026l[?2026h[?25l[A[1Gpulling manifest [K
pulling 9657d5771484:  19% ▕███               ▏ 1.2 GB/6.2 GB  3.0 MB/s  27m48s[K[?25h[?2026l[?2026h[?25l[A[1Gpulling manifest [K
pulling 9657d5771484:  19% ▕███               ▏ 1.2 GB/6.2 GB  3.0 MB/s  27m47s[K[?25h[?2026l[?2026h[?25l[A[1Gpulling manifest [K
pulling 9657d5771484:  19% ▕███               ▏ 1.2 GB/6.2 GB  3.0 MB/s  27m47s[K[?25h[?2026l[?2026h[?25l[A[1Gpulling manifest [K
pulling 9657d5771484:  19% ▕███               ▏ 1.2 GB/6.2 GB  3.0 MB/s  27m46s[K[?25h[?2026l[?2026h[?25l[A[1Gpulling manifest [K
pulling 9657d5771484:  19% ▕███               ▏ 1.2 GB/6.2 GB  3.0 MB/s  27m46s[K[?25h[?2026l[?2026h[?25l[A[1Gpulling manifest [K
pulling 9657d5771484:  19% ▕███               ▏ 1.2 GB/6.2 GB  3.0 MB/s  27m45s[K[?25h[?2026l[?2026h[?25l[A[1Gpulling manifest [K
pulling 9657d5771484:  19% ▕███               ▏ 1.2 GB/6.2 GB  3.0 MB/s  27m45s[K[?25h[?2026l[?2026h[?25l[A[1Gpulling manifest [K
pulling 9657d5771484:  20% ▕███               ▏ 1.2 GB/6.2 GB  3.0 MB/s  27m44s[K[?25h[?2026l[?2026h[?25l[A[1Gpulling manifest [K
pulling 9657d5771484:  20% ▕███               ▏ 1.2 GB/6.2 GB  3.0 MB/s  27m43s[K[?25h[?2026l[?2026h[?25l[A[1Gpulling manifest [K
pulling 9657d5771484:  20% ▕███               ▏ 1.2 GB/6.2 GB  3.0 MB/s  27m43s[K[?25h[?2026l[?2026h[?25l[A[1Gpulling manifest [K
pulling 9657d5771484:  20% ▕███               ▏ 1.2 GB/6.2 GB  2.8 MB/s  29m57s[K[?25h[?2026l[?2026h[?25l[A[1Gpulling manifest [K
pulling 9657d5771484:  20% ▕███               ▏ 1.2 GB/6.2 GB  2.8 MB/s  29m56s[K[?25h[?2026l[?2026h[?25l[A[1Gpulling manifest [K
pulling 9657d5771484:  20% ▕███               ▏ 1.2 GB/6.2 GB  2.8 MB/s  29m55s[K[?25h[?2026l[?2026h[?25l[A[1Gpulling manifest [K
pulling 9657d5771484:  20% ▕███               ▏ 1.2 GB/6.2 GB  2.8 MB/s  29m54s[K[?25h[?2026l[?2026h[?25l[A[1Gpulling manifest [K
pulling 9657d5771484:  20% ▕███               ▏ 1.2 GB/6.2 GB  2.8 MB/s  29m53s[K[?25h[?2026l[?2026h[?25l[A[1Gpulling manifest [K
pulling 9657d5771484:  20% ▕███               ▏ 1.2 GB/6.2 GB  2.8 MB/s  29m53s[K[?25h[?2026l[?2026h[?25l[A[1Gpulling manifest [K
pulling 9657d5771484:  20% ▕███               ▏ 1.2 GB/6.2 GB  2.8 MB/s  29m52s[K[?25h[?2026l[?2026h[?25l[A[1Gpulling manifest [K
pulling 9657d5771484:  20% ▕███               ▏ 1.2 GB/6.2 GB  2.8 MB/s  29m51s[K[?25h[?2026l[?2026h[?25l[A[1Gpulling manifest [K
pulling 9657d5771484:  20% ▕███               ▏ 1.2 GB/6.2 GB  2.8 MB/s  29m50s[K[?25h[?2026l[?2026h[?25l[A[1Gpulling manifest [K
pulling 9657d5771484:  20% ▕███               ▏ 1.2 GB/6.2 GB  2.8 MB/s  29m49s[K[?25h[?2026l[?2026h[?25l[A[1Gpulling manifest [K
pulling 9657d5771484:  20% ▕███               ▏ 1.2 GB/6.2 GB  3.0 MB/s  27m31s[K[?25h[?2026l[?2026h[?25l[A[1Gpulling manifest [K
pulling 9657d5771484:  20% ▕███               ▏ 1.2 GB/6.2 GB  3.0 MB/s  27m31s[K[?25h[?2026l[?2026h[?25l[A[1Gpulling manifest [K
pulling 9657d5771484:  20% ▕███               ▏ 1.2 GB/6.2 GB  3.0 MB/s  27m30s[K[?25h[?2026l[?2026h[?25l[A[1Gpulling manifest [K
pulling 9657d5771484:  20% ▕███               ▏ 1.2 GB/6.2 GB  3.0 MB/s  27m30s[K[?25h[?2026l[?2026h[?25l[A[1Gpulling manifest [K
pulling 9657d5771484:  20% ▕███               ▏ 1.2 GB/6.2 GB  3.0 MB/s  27m29s[K[?25h[?2026l[?2026h[?25l[A[1Gpulling manifest [K
pulling 9657d5771484:  20% ▕███               ▏ 1.2 GB/6.2 GB  3.0 MB/s  27m29s[K[?25h[?2026l[?2026h[?25l[A[1Gpulling manifest [K
pulling 9657d5771484:  20% ▕███               ▏ 1.3 GB/6.2 GB  3.0 MB/s  27m28s[K[?25h[?2026l[?2026h[?25l[A[1Gpulling manifest [K
pulling 9657d5771484:  20% ▕███               ▏ 1.3 GB/6.2 GB  3.0 MB/s  27m27s[K[?25h[?2026l[?2026h[?25l[A[1Gpulling manifest [K
pulling 9657d5771484:  20% ▕███               ▏ 1.3 GB/6.2 GB  3.0 MB/s  27m26s[K[?25h[?2026l[?2026h[?25l[A[1Gpulling manifest [K
pulling 9657d5771484:  20% ▕███               ▏ 1.3 GB/6.2 GB  3.0 MB/s  27m25s[K[?25h[?2026l[?2026h[?25l[A[1Gpulling manifest [K
pulling 9657d5771484:  20% ▕███               ▏ 1.3 GB/6.2 GB  3.0 MB/s  27m13s[K[?25h[?2026l[?2026h[?25l[A[1Gpulling manifest [K
pulling 9657d5771484:  20% ▕███               ▏ 1.3 GB/6.2 GB  3.0 MB/s  27m13s[K[?25h[?2026l[?2026h[?25l[A[1Gpulling manifest [K
pulling 9657d5771484:  20% ▕███               ▏ 1.3 GB/6.2 GB  3.0 MB/s  27m12s[K[?25h[?2026l[?2026h[?25l[A[1Gpulling manifest [K
pulling 9657d5771484:  20% ▕███               ▏ 1.3 GB/6.2 GB  3.0 MB/s  27m11s[K[?25h[?2026l[?2026h[?25l[A[1Gpulling manifest [K
pulling 9657d5771484:  20% ▕███               ▏ 1.3 GB/6.2 GB  3.0 MB/s  27m10s[K[?25h[?2026l[?2026h[?25l[A[1Gpulling manifest [K
pulling 9657d5771484:  20% ▕███               ▏ 1.3 GB/6.2 GB  3.0 MB/s  27m10s[K[?25h[?2026l[?2026h[?25l[A[1Gpulling manifest [K
pulling 9657d5771484:  20% ▕███               ▏ 1.3 GB/6.2 GB  3.0 MB/s   27m9s[K[?25h[?2026l[?2026h[?25l[A[1Gpulling manifest [K
pulling 9657d5771484:  20% ▕███               ▏ 1.3 GB/6.2 GB  3.0 MB/s   27m9s[K[?25h[?2026l[?2026h[?25l[A[1Gpulling manifest [K
pulling 9657d5771484:  21% ▕███               ▏ 1.3 GB/6.2 GB  3.0 MB/s   27m8s[K[?25h[?2026l[?2026h[?25l[A[1Gpulling manifest [K
pulling 9657d5771484:  21% ▕███               ▏ 1.3 GB/6.2 GB  3.0 MB/s   27m7s[K[?25h[?2026l[?2026h[?25l[A[1Gpulling manifest [K
pulling 9657d5771484:  21% ▕███               ▏ 1.3 GB/6.2 GB  3.0 MB/s  27m31s[K[?25h[?2026l[?2026h[?25l[A[1Gpulling manifest [K
pulling 9657d5771484:  21% ▕███               ▏ 1.3 GB/6.2 GB  3.0 MB/s  27m30s[K[?25h[?2026l[?2026h[?25l[A[1Gpulling manifest [K
pulling 9657d5771484:  21% ▕███               ▏ 1.3 GB/6.2 GB  3.0 MB/s  27m29s[K[?25h[?2026l[?2026h[?25l[A[1Gpulling manifest [K
pulling 9657d5771484:  21% ▕███               ▏ 1.3 GB/6.2 GB  3.0 MB/s  27m29s[K[?25h[?2026l[?2026h[?25l[A[1Gpulling manifest [K
pulling 9657d5771484:  21% ▕███               ▏ 1.3 GB/6.2 GB  3.0 MB/s  27m28s[K[?25h[?2026l[?2026h[?25l[A[1Gpulling manifest [K
pulling 9657d5771484:  21% ▕███               ▏ 1.3 GB/6.2 GB  3.0 MB/s  27m28s[K[?25h[?2026l[?2026h[?25l[A[1Gpulling manifest [K
pulling 9657d5771484:  21% ▕███               ▏ 1.3 GB/6.2 GB  3.0 MB/s  27m27s[K[?25h[?2026l[?2026h[?25l[A[1Gpulling manifest [K
pulling 9657d5771484:  21% ▕███               ▏ 1.3 GB/6.2 GB  3.0 MB/s  27m26s[K[?25h[?2026l[?2026h[?25l[A[1Gpulling manifest [K
pulling 9657d5771484:  21% ▕███               ▏ 1.3 GB/6.2 GB  3.0 MB/s  27m25s[K[?25h[?2026l[?2026h[?25l[A[1Gpulling manifest [K
pulling 9657d5771484:  21% ▕███               ▏ 1.3 GB/6.2 GB  3.0 MB/s  27m25s[K[?25h[?2026l[?2026h[?25l[A[1Gpulling manifest [K
pulling 9657d5771484:  21% ▕███               ▏ 1.3 GB/6.2 GB  2.7 MB/s  30m31s[K[?25h[?2026l[?2026h[?25l[A[1Gpulling manifest [K
pulling 9657d5771484:  21% ▕███               ▏ 1.3 GB/6.2 GB  2.7 MB/s  30m30s[K[?25h[?2026l[?2026h[?25l[A[1Gpulling manifest [K
pulling 9657d5771484:  21% ▕███               ▏ 1.3 GB/6.2 GB  2.7 MB/s  30m29s[K[?25h[?2026l[?2026h[?25l[A[1Gpulling manifest [K
pulling 9657d5771484:  21% ▕███               ▏ 1.3 GB/6.2 GB  2.7 MB/s  30m28s[K[?25h[?2026l[?2026h[?25l[A[1Gpulling manifest [K
pulling 9657d5771484:  21% ▕███               ▏ 1.3 GB/6.2 GB  2.7 MB/s  30m28s[K[?25h[?2026l[?2026h[?25l[A[1Gpulling manifest [K
pulling 9657d5771484:  21% ▕███               ▏ 1.3 GB/6.2 GB  2.7 MB/s  30m27s[K[?25h[?2026l[?2026h[?25l[A[1Gpulling manifest [K
pulling 9657d5771484:  21% ▕███               ▏ 1.3 GB/6.2 GB  2.7 MB/s  30m26s[K[?25h[?2026l[?2026h[?25l[A[1Gpulling manifest [K
pulling 9657d5771484:  21% ▕███               ▏ 1.3 GB/6.2 GB  2.7 MB/s  30m26s[K[?25h[?2026l[?2026h[?25l[A[1Gpulling manifest [K
pulling 9657d5771484:  21% ▕███               ▏ 1.3 GB/6.2 GB  2.7 MB/s  30m24s[K[?25h[?2026l[?2026h[?25l[A[1Gpulling manifest [K
pulling 9657d5771484:  21% ▕███               ▏ 1.3 GB/6.2 GB  2.7 MB/s  30m24s[K[?25h[?2026l[?2026h[?25l[A[1Gpulling manifest [K
pulling 9657d5771484:  21% ▕███               ▏ 1.3 GB/6.2 GB  2.7 MB/s  30m23s[K[?25h[?2026l[?2026h[?25l[A[1Gpulling manifest [K
pulling 9657d5771484:  21% ▕███               ▏ 1.3 GB/6.2 GB   16 MB/s   4m54s[K[?25h[?2026l[?2026h[?25l[A[1Gpulling manifest [K
pulling 9657d5771484:  21% ▕███               ▏ 1.3 GB/6.2 GB   16 MB/s   4m54s[K[?25h[?2026l[?2026h[?25l[A[1Gpulling manifest [K
pulling 9657d5771484:  21% ▕███               ▏ 1.3 GB/6.2 GB   16 MB/s   4m54s[K[?25h[?2026l[?2026h[?25l[A[1Gpulling manifest [K
pulling 9657d5771484:  21% ▕███               ▏ 1.3 GB/6.2 GB   16 MB/s   4m54s[K[?25h[?2026l[?2026h[?25l[A[1Gpulling manifest [K
pulling 9657d5771484:  21% ▕███               ▏ 1.3 GB/6.2 GB   16 MB/s   4m54s[K[?25h[?2026l[?2026h[?25l[A[1Gpulling manifest [K
pulling 9657d5771484:  21% ▕███               ▏ 1.3 GB/6.2 GB   16 MB/s   4m54s[K[?25h[?2026l[?2026h[?25l[A[1Gpulling manifest [K
pulling 9657d5771484:  21% ▕███               ▏ 1.3 GB/6.2 GB   16 MB/s   4m54s[K[?25h[?2026l[?2026h[?25l[A[1Gpulling manifest [K
pulling 9657d5771484:  22% ▕███               ▏ 1.3 GB/6.2 GB   16 MB/s   4m54s[K[?25h[?2026l[?2026h[?25l[A[1Gpulling manifest [K
pulling 9657d5771484:  22% ▕███               ▏ 1.3 GB/6.2 GB   16 MB/s   4m54s[K[?25h[?2026l[?2026h[?25l[A[1Gpulling manifest [K
pulling 9657d5771484:  22% ▕███               ▏ 1.3 GB/6.2 GB   16 MB/s   4m53s[K[?25h[?2026l[?2026h[?25l[A[1Gpulling manifest [K
pulling 9657d5771484:  22% ▕███               ▏ 1.3 GB/6.2 GB   16 MB/s   4m55s[K[?25h[?2026l[?2026h[?25l[A[1Gpulling manifest [K
pulling 9657d5771484:  22% ▕███               ▏ 1.3 GB/6.2 GB   16 MB/s   4m55s[K[?25h[?2026l[?2026h[?25l[A[1Gpulling manifest [K
pulling 9657d5771484:  22% ▕███               ▏ 1.3 GB/6.2 GB   16 MB/s   4m55s[K[?25h[?2026l[?2026h[?25l[A[1Gpulling manifest [K
pulling 9657d5771484:  22% ▕███               ▏ 1.4 GB/6.2 GB   16 MB/s   4m54s[K[?25h[?2026l[?2026h[?25l[A[1Gpulling manifest [K
pulling 9657d5771484:  22% ▕███               ▏ 1.4 GB/6.2 GB   16 MB/s   4m54s[K[?25h[?2026l[?2026h[?25l[A[1Gpulling manifest [K
pulling 9657d5771484:  22% ▕███               ▏ 1.4 GB/6.2 GB   16 MB/s   4m54s[K[?25h[?2026l[?2026h[?25l[A[1Gpulling manifest [K
pulling 9657d5771484:  22% ▕███               ▏ 1.4 GB/6.2 GB   16 MB/s   4m54s[K[?25h[?2026l[?2026h[?25l[A[1Gpulling manifest [K
pulling 9657d5771484:  22% ▕███               ▏ 1.4 GB/6.2 GB   16 MB/s   4m54s[K[?25h[?2026l[?2026h[?25l[A[1Gpulling manifest [K
pulling 9657d5771484:  22% ▕███               ▏ 1.4 GB/6.2 GB   16 MB/s   4m54s[K[?25h[?2026l[?2026h[?25l[A[1Gpulling manifest [K
pulling 9657d5771484:  22% ▕███               ▏ 1.4 GB/6.2 GB   16 MB/s   4m54s[K[?25h[?2026l[?2026h[?25l[A[1Gpulling manifest [K
pulling 9657d5771484:  22% ▕███               ▏ 1.4 GB/6.2 GB   20 MB/s   3m58s[K[?25h[?2026l[?2026h[?25l[A[1Gpulling manifest [K
pulling 9657d5771484:  22% ▕███               ▏ 1.4 GB/6.2 GB   20 MB/s   3m58s[K[?25h[?2026l[?2026h[?25l[A[1Gpulling manifest [K
pulling 9657d5771484:  22% ▕███               ▏ 1.4 GB/6.2 GB   20 MB/s   3m58s[K[?25h[?2026l[?2026h[?25l[A[1Gpulling manifest [K
pulling 9657d5771484:  22% ▕███               ▏ 1.4 GB/6.2 GB   20 MB/s   3m58s[K[?25h[?2026l[?2026h[?25l[A[1Gpulling manifest [K
pulling 9657d5771484:  22% ▕███               ▏ 1.4 GB/6.2 GB   20 MB/s   3m58s[K[?25h[?2026l[?2026h[?25l[A[1Gpulling manifest [K
pulling 9657d5771484:  22% ▕███               ▏ 1.4 GB/6.2 GB   20 MB/s   3m58s[K[?25h[?2026l[?2026h[?25l[A[1Gpulling manifest [K
pulling 9657d5771484:  22% ▕███               ▏ 1.4 GB/6.2 GB   20 MB/s   3m58s[K[?25h[?2026l[?2026h[?25l[A[1Gpulling manifest [K
pulling 9657d5771484:  22% ▕███               ▏ 1.4 GB/6.2 GB   20 MB/s   3m58s[K[?25h[?2026l[?2026h[?25l[A[1Gpulling manifest [K
pulling 9657d5771484:  22% ▕███               ▏ 1.4 GB/6.2 GB   20 MB/s   3m58s[K[?25h[?2026l[?2026h[?25l[A[1Gpulling manifest [K
pulling 9657d5771484:  22% ▕███               ▏ 1.4 GB/6.2 GB   20 MB/s   3m58s[K[?25h[?2026l[?2026h[?25l[A[1Gpulling manifest [K
pulling 9657d5771484:  22% ▕████              ▏ 1.4 GB/6.2 GB   20 MB/s   3m53s[K[?25h[?2026l[?2026h[?25l[A[1Gpulling manifest [K
pulling 9657d5771484:  22% ▕████              ▏ 1.4 GB/6.2 GB   20 MB/s   3m53s[K[?25h[?2026l[?2026h[?25l[A[1Gpulling manifest [K
pulling 9657d5771484:  22% ▕████              ▏ 1.4 GB/6.2 GB   20 MB/s   3m52s[K[?25h[?2026l[?2026h[?25l[A[1Gpulling manifest [K
pulling 9657d5771484:  22% ▕████              ▏ 1.4 GB/6.2 GB   20 MB/s   3m52s[K[?25h[?2026l[?2026h[?25l[A[1Gpulling manifest [K
pulling 9657d5771484:  22% ▕████              ▏ 1.4 GB/6.2 GB   20 MB/s   3m52s[K[?25h[?2026l[?2026h[?25l[A[1Gpulling manifest [K
pulling 9657d5771484:  22% ▕████              ▏ 1.4 GB/6.2 GB   20 MB/s   3m52s[K[?25h[?2026l[?2026h[?25l[A[1Gpulling manifest [K
pulling 9657d5771484:  22% ▕████              ▏ 1.4 GB/6.2 GB   20 MB/s   3m52s[K[?25h[?2026l[?2026h[?25l[A[1Gpulling manifest [K
pulling 9657d5771484:  22% ▕████              ▏ 1.4 GB/6.2 GB   20 MB/s   3m52s[K[?25h[?2026l[?2026h[?25l[A[1Gpulling manifest [K
pulling 9657d5771484:  23% ▕████              ▏ 1.4 GB/6.2 GB   20 MB/s   3m52s[K[?25h[?2026l[?2026h[?25l[A[1Gpulling manifest [K
pulling 9657d5771484:  23% ▕████              ▏ 1.4 GB/6.2 GB   20 MB/s   3m52s[K[?25h[?2026l[?2026h[?25l[A[1Gpulling manifest [K
pulling 9657d5771484:  23% ▕████              ▏ 1.4 GB/6.2 GB   20 MB/s   3m49s[K[?25h[?2026l[?2026h[?25l[A[1Gpulling manifest [K
pulling 9657d5771484:  23% ▕████              ▏ 1.4 GB/6.2 GB   20 MB/s   3m49s[K[?25h[?2026l[?2026h[?25l[A[1Gpulling manifest [K
pulling 9657d5771484:  23% ▕████              ▏ 1.4 GB/6.2 GB   20 MB/s   3m49s[K[?25h[?2026l[?2026h[?25l[A[1Gpulling manifest [K
pulling 9657d5771484:  23% ▕████              ▏ 1.4 GB/6.2 GB   20 MB/s   3m49s[K[?25h[?2026l[?2026h[?25l[A[1Gpulling manifest [K
pulling 9657d5771484:  23% ▕████              ▏ 1.4 GB/6.2 GB   20 MB/s   3m49s[K[?25h[?2026l[?2026h[?25l[A[1Gpulling manifest [K
pulling 9657d5771484:  23% ▕████              ▏ 1.4 GB/6.2 GB   20 MB/s   3m49s[K[?25h[?2026l[?2026h[?25l[A[1Gpulling manifest [K
pulling 9657d5771484:  23% ▕████              ▏ 1.4 GB/6.2 GB   20 MB/s   3m49s[K[?25h[?2026l[?2026h[?25l[A[1Gpulling manifest [K
pulling 9657d5771484:  23% ▕████              ▏ 1.4 GB/6.2 GB   20 MB/s   3m49s[K[?25h[?2026l[?2026h[?25l[A[1Gpulling manifest [K
pulling 9657d5771484:  23% ▕████              ▏ 1.4 GB/6.2 GB   20 MB/s   3m48s[K[?25h[?2026l[?2026h[?25l[A[1Gpulling manifest [K
pulling 9657d5771484:  23% ▕████              ▏ 1.4 GB/6.2 GB   20 MB/s   3m48s[K[?25h[?2026l[?2026h[?25l[A[1Gpulling manifest [K
pulling 9657d5771484:  23% ▕████              ▏ 1.4 GB/6.2 GB   20 MB/s   3m48s[K[?25h[?2026l[?2026h[?25l[A[1Gpulling manifest [K
pulling 9657d5771484:  23% ▕████              ▏ 1.4 GB/6.2 GB   20 MB/s   3m54s[K[?25h[?2026l[?2026h[?25l[A[1Gpulling manifest [K
pulling 9657d5771484:  23% ▕████              ▏ 1.4 GB/6.2 GB   20 MB/s   3m54s[K[?25h[?2026l[?2026h[?25l[A[1Gpulling manifest [K
pulling 9657d5771484:  23% ▕████              ▏ 1.4 GB/6.2 GB   20 MB/s   3m54s[K[?25h[?2026l[?2026h[?25l[A[1Gpulling manifest [K
pulling 9657d5771484:  23% ▕████              ▏ 1.4 GB/6.2 GB   20 MB/s   3m54s[K[?25h[?2026l[?2026h[?25l[A[1Gpulling manifest [K
pulling 9657d5771484:  23% ▕████              ▏ 1.4 GB/6.2 GB   20 MB/s   3m54s[K[?25h[?2026l[?2026h[?25l[A[1Gpulling manifest [K
pulling 9657d5771484:  23% ▕████              ▏ 1.4 GB/6.2 GB   20 MB/s   3m54s[K[?25h[?2026l[?2026h[?25l[A[1Gpulling manifest [K
pulling 9657d5771484:  23% ▕████              ▏ 1.4 GB/6.2 GB   20 MB/s   3m53s[K[?25h[?2026l[?2026h[?25l[A[1Gpulling manifest [K
pulling 9657d5771484:  23% ▕████              ▏ 1.4 GB/6.2 GB   20 MB/s   3m53s[K[?25h[?2026l[?2026h[?25l[A[1Gpulling manifest [K
pulling 9657d5771484:  23% ▕████              ▏ 1.4 GB/6.2 GB   20 MB/s   3m53s[K[?25h[?2026l[?2026h[?25l[A[1Gpulling manifest [K
pulling 9657d5771484:  23% ▕████              ▏ 1.4 GB/6.2 GB   20 MB/s   3m53s[K[?25h[?2026l[?2026h[?25l[A[1Gpulling manifest [K
pulling 9657d5771484:  23% ▕████              ▏ 1.4 GB/6.2 GB   20 MB/s   3m53s[K[?25h[?2026l[?2026h[?25l[A[1Gpulling manifest [K
pulling 9657d5771484:  23% ▕████              ▏ 1.4 GB/6.2 GB   20 MB/s   3m53s[K[?25h[?2026l[?2026h[?25l[A[1Gpulling manifest [K
pulling 9657d5771484:  23% ▕████              ▏ 1.4 GB/6.2 GB   20 MB/s   3m53s[K[?25h[?2026l[?2026h[?25l[A[1Gpulling manifest [K
pulling 9657d5771484:  23% ▕████              ▏ 1.5 GB/6.2 GB   20 MB/s   3m52s[K[?25h[?2026l[?2026h[?25l[A[1Gpulling manifest [K
pulling 9657d5771484:  23% ▕████              ▏ 1.5 GB/6.2 GB   20 MB/s   3m52s[K[?25h[?2026l[?2026h[?25l[A[1Gpulling manifest [K
pulling 9657d5771484:  23% ▕████              ▏ 1.5 GB/6.2 GB   20 MB/s   3m52s[K[?25h[?2026l[?2026h[?25l[A[1Gpulling manifest [K
pulling 9657d5771484:  23% ▕████              ▏ 1.5 GB/6.2 GB   20 MB/s   3m52s[K[?25h[?2026l[?2026h[?25l[A[1Gpulling manifest [K
pulling 9657d5771484:  23% ▕████              ▏ 1.5 GB/6.2 GB   20 MB/s   3m52s[K[?25h[?2026l[?2026h[?25l[A[1Gpulling manifest [K
pulling 9657d5771484:  23% ▕████              ▏ 1.5 GB/6.2 GB   20 MB/s   3m52s[K[?25h[?2026l[?2026h[?25l[A[1Gpulling manifest [K
pulling 9657d5771484:  24% ▕████              ▏ 1.5 GB/6.2 GB   20 MB/s   3m52s[K[?25h[?2026l[?2026h[?25l[A[1Gpulling manifest [K
pulling 9657d5771484:  24% ▕████              ▏ 1.5 GB/6.2 GB   20 MB/s   3m54s[K[?25h[?2026l[?2026h[?25l[A[1Gpulling manifest [K
pulling 9657d5771484:  24% ▕████              ▏ 1.5 GB/6.2 GB   20 MB/s   3m53s[K[?25h[?2026l[?2026h[?25l[A[1Gpulling manifest [K
pulling 9657d5771484:  24% ▕████              ▏ 1.5 GB/6.2 GB   20 MB/s   3m53s[K[?25h[?2026l[?2026h[?25l[A[1Gpulling manifest [K
pulling 9657d5771484:  24% ▕████              ▏ 1.5 GB/6.2 GB   20 MB/s   3m53s[K[?25h[?2026l[?2026h[?25l[A[1Gpulling manifest [K
pulling 9657d5771484:  24% ▕████              ▏ 1.5 GB/6.2 GB   20 MB/s   3m53s[K[?25h[?2026l[?2026h[?25l[A[1Gpulling manifest [K
pulling 9657d5771484:  24% ▕████              ▏ 1.5 GB/6.2 GB   20 MB/s   3m53s[K[?25h[?2026l[?2026h[?25l[A[1Gpulling manifest [K
pulling 9657d5771484:  24% ▕████              ▏ 1.5 GB/6.2 GB   20 MB/s   3m53s[K[?25h[?2026l[?2026h[?25l[A[1Gpulling manifest [K
pulling 9657d5771484:  24% ▕████              ▏ 1.5 GB/6.2 GB   20 MB/s   3m53s[K[?25h[?2026l[?2026h[?25l[A[1Gpulling manifest [K
pulling 9657d5771484:  24% ▕████              ▏ 1.5 GB/6.2 GB   20 MB/s   3m53s[K[?25h[?2026l[?2026h[?25l[A[1Gpulling manifest [K
pulling 9657d5771484:  24% ▕████              ▏ 1.5 GB/6.2 GB   20 MB/s   3m53s[K[?25h[?2026l[?2026h[?25l[A[1Gpulling manifest [K
pulling 9657d5771484:  24% ▕████              ▏ 1.5 GB/6.2 GB   20 MB/s   3m51s[K[?25h[?2026l[?2026h[?25l[A[1Gpulling manifest [K
pulling 9657d5771484:  24% ▕████              ▏ 1.5 GB/6.2 GB   20 MB/s   3m51s[K[?25h[?2026l[?2026h[?25l[A[1Gpulling manifest [K
pulling 9657d5771484:  24% ▕████              ▏ 1.5 GB/6.2 GB   20 MB/s   3m51s[K[?25h[?2026l[?2026h[?25l[A[1Gpulling manifest [K
pulling 9657d5771484:  24% ▕████              ▏ 1.5 GB/6.2 GB   20 MB/s   3m51s[K[?25h[?2026l[?2026h[?25l[A[1Gpulling manifest [K
pulling 9657d5771484:  24% ▕████              ▏ 1.5 GB/6.2 GB   20 MB/s   3m50s[K[?25h[?2026l[?2026h[?25l[A[1Gpulling manifest [K
pulling 9657d5771484:  24% ▕████              ▏ 1.5 GB/6.2 GB   20 MB/s   3m50s[K[?25h[?2026l[?2026h[?25l[A[1Gpulling manifest [K
pulling 9657d5771484:  24% ▕████              ▏ 1.5 GB/6.2 GB   20 MB/s   3m50s[K[?25h[?2026l[?2026h[?25l[A[1Gpulling manifest [K
pulling 9657d5771484:  24% ▕████              ▏ 1.5 GB/6.2 GB   20 MB/s   3m50s[K[?25h[?2026l[?2026h[?25l[A[1Gpulling manifest [K
pulling 9657d5771484:  24% ▕████              ▏ 1.5 GB/6.2 GB   20 MB/s   3m50s[K[?25h[?2026l[?2026h[?25l[A[1Gpulling manifest [K
pulling 9657d5771484:  24% ▕████              ▏ 1.5 GB/6.2 GB   20 MB/s   3m50s[K[?25h[?2026l[?2026h[?25l[A[1Gpulling manifest [K
pulling 9657d5771484:  24% ▕████              ▏ 1.5 GB/6.2 GB   20 MB/s   3m51s[K[?25h[?2026l[?2026h[?25l[A[1Gpulling manifest [K
pulling 9657d5771484:  24% ▕████              ▏ 1.5 GB/6.2 GB   20 MB/s   3m51s[K[?25h[?2026l[?2026h[?25l[A[1Gpulling manifest [K
pulling 9657d5771484:  24% ▕████              ▏ 1.5 GB/6.2 GB   20 MB/s   3m51s[K[?25h[?2026l[?2026h[?25l[A[1Gpulling manifest [K
pulling 9657d5771484:  24% ▕████              ▏ 1.5 GB/6.2 GB   20 MB/s   3m51s[K[?25h[?2026l[?2026h[?25l[A[1Gpulling manifest [K
pulling 9657d5771484:  24% ▕████              ▏ 1.5 GB/6.2 GB   20 MB/s   3m51s[K[?25h[?2026l[?2026h[?25l[A[1Gpulling manifest [K
pulling 9657d5771484:  24% ▕████              ▏ 1.5 GB/6.2 GB   20 MB/s   3m51s[K[?25h[?2026l[?2026h[?25l[A[1Gpulling manifest [K
pulling 9657d5771484:  24% ▕████              ▏ 1.5 GB/6.2 GB   20 MB/s   3m51s[K[?25h[?2026l[?2026h[?25l[A[1Gpulling manifest [K
pulling 9657d5771484:  24% ▕████              ▏ 1.5 GB/6.2 GB   20 MB/s   3m50s[K[?25h[?2026l[?2026h[?25l[A[1Gpulling manifest [K
pulling 9657d5771484:  24% ▕████              ▏ 1.5 GB/6.2 GB   20 MB/s   3m50s[K[?25h[?2026l[?2026h[?25l[A[1Gpulling manifest [K
pulling 9657d5771484:  25% ▕████              ▏ 1.5 GB/6.2 GB   20 MB/s   3m50s[K[?25h[?2026l[?2026h[?25l[A[1Gpulling manifest [K
pulling 9657d5771484:  25% ▕████              ▏ 1.5 GB/6.2 GB   20 MB/s   3m50s[K[?25h[?2026l[?2026h[?25l[A[1Gpulling manifest [K
pulling 9657d5771484:  25% ▕████              ▏ 1.5 GB/6.2 GB   20 MB/s   3m48s[K[?25h[?2026l[?2026h[?25l[A[1Gpulling manifest [K
pulling 9657d5771484:  25% ▕████              ▏ 1.5 GB/6.2 GB   20 MB/s   3m48s[K[?25h[?2026l[?2026h[?25l[A[1Gpulling manifest [K
pulling 9657d5771484:  25% ▕████              ▏ 1.5 GB/6.2 GB   20 MB/s   3m48s[K[?25h[?2026l[?2026h[?25l[A[1Gpulling manifest [K
pulling 9657d5771484:  25% ▕████              ▏ 1.5 GB/6.2 GB   20 MB/s   3m48s[K[?25h[?2026l[?2026h[?25l[A[1Gpulling manifest [K
pulling 9657d5771484:  25% ▕████              ▏ 1.5 GB/6.2 GB   20 MB/s   3m48s[K[?25h[?2026l[?2026h[?25l[A[1Gpulling manifest [K
pulling 9657d5771484:  25% ▕████              ▏ 1.5 GB/6.2 GB   20 MB/s   3m48s[K[?25h[?2026l[?2026h[?25l[A[1Gpulling manifest [K
pulling 9657d5771484:  25% ▕████              ▏ 1.5 GB/6.2 GB   20 MB/s   3m48s[K[?25h[?2026l[?2026h[?25l[A[1Gpulling manifest [K
pulling 9657d5771484:  25% ▕████              ▏ 1.5 GB/6.2 GB   20 MB/s   3m48s[K[?25h[?2026l[?2026h[?25l[A[1Gpulling manifest [K
pulling 9657d5771484:  25% ▕████              ▏ 1.5 GB/6.2 GB   20 MB/s   3m48s[K[?25h[?2026l[?2026h[?25l[A[1Gpulling manifest [K
pulling 9657d5771484:  25% ▕████              ▏ 1.5 GB/6.2 GB   20 MB/s   3m47s[K[?25h[?2026l[?2026h[?25l[A[1Gpulling manifest [K
pulling 9657d5771484:  25% ▕████              ▏ 1.5 GB/6.2 GB   20 MB/s   3m49s[K[?25h[?2026l[?2026h[?25l[A[1Gpulling manifest [K
pulling 9657d5771484:  25% ▕████              ▏ 1.5 GB/6.2 GB   20 MB/s   3m49s[K[?25h[?2026l[?2026h[?25l[A[1Gpulling manifest [K
pulling 9657d5771484:  25% ▕████              ▏ 1.6 GB/6.2 GB   20 MB/s   3m48s[K[?25h[?2026l[?2026h[?25l[A[1Gpulling manifest [K
pulling 9657d5771484:  25% ▕████              ▏ 1.6 GB/6.2 GB   20 MB/s   3m48s[K[?25h[?2026l[?2026h[?25l[A[1Gpulling manifest [K
pulling 9657d5771484:  25% ▕████              ▏ 1.6 GB/6.2 GB   20 MB/s   3m48s[K[?25h[?2026l[?2026h[?25l[A[1Gpulling manifest [K
pulling 9657d5771484:  25% ▕████              ▏ 1.6 GB/6.2 GB   20 MB/s   3m48s[K[?25h[?2026l[?2026h[?25l[A[1Gpulling manifest [K
pulling 9657d5771484:  25% ▕████              ▏ 1.6 GB/6.2 GB   20 MB/s   3m48s[K[?25h[?2026l[?2026h[?25l[A[1Gpulling manifest [K
pulling 9657d5771484:  25% ▕████              ▏ 1.6 GB/6.2 GB   20 MB/s   3m48s[K[?25h[?2026l[?2026h[?25l[A[1Gpulling manifest [K
pulling 9657d5771484:  25% ▕████              ▏ 1.6 GB/6.2 GB   20 MB/s   3m48s[K[?25h[?2026l[?2026h[?25l[A[1Gpulling manifest [K
pulling 9657d5771484:  25% ▕████              ▏ 1.6 GB/6.2 GB   20 MB/s   3m48s[K[?25h[?2026l[?2026h[?25l[A[1Gpulling manifest [K
pulling 9657d5771484:  25% ▕████              ▏ 1.6 GB/6.2 GB   20 MB/s   3m49s[K[?25h[?2026l[?2026h[?25l[A[1Gpulling manifest [K
pulling 9657d5771484:  25% ▕████              ▏ 1.6 GB/6.2 GB   20 MB/s   3m48s[K[?25h[?2026l[?2026h[?25l[A[1Gpulling manifest [K
pulling 9657d5771484:  25% ▕████              ▏ 1.6 GB/6.2 GB   20 MB/s   3m48s[K[?25h[?2026l[?2026h[?25l[A[1Gpulling manifest [K
pulling 9657d5771484:  25% ▕████              ▏ 1.6 GB/6.2 GB   20 MB/s   3m48s[K[?25h[?2026l[?2026h[?25l[A[1Gpulling manifest [K
pulling 9657d5771484:  25% ▕████              ▏ 1.6 GB/6.2 GB   20 MB/s   3m48s[K[?25h[?2026l[?2026h[?25l[A[1Gpulling manifest [K
pulling 9657d5771484:  25% ▕████              ▏ 1.6 GB/6.2 GB   20 MB/s   3m48s[K[?25h[?2026l[?2026h[?25l[A[1Gpulling manifest [K
pulling 9657d5771484:  25% ▕████              ▏ 1.6 GB/6.2 GB   20 MB/s   3m48s[K[?25h[?2026l[?2026h[?25l[A[1Gpulling manifest [K
pulling 9657d5771484:  25% ▕████              ▏ 1.6 GB/6.2 GB   20 MB/s   3m48s[K[?25h[?2026l[?2026h[?25l[A[1Gpulling manifest [K
pulling 9657d5771484:  26% ▕████              ▏ 1.6 GB/6.2 GB   20 MB/s   3m48s[K[?25h[?2026l[?2026h[?25l[A[1Gpulling manifest [K
pulling 9657d5771484:  26% ▕████              ▏ 1.6 GB/6.2 GB   20 MB/s   3m48s[K[?25h[?2026l[?2026h[?25l[A[1Gpulling manifest [K
pulling 9657d5771484:  26% ▕████              ▏ 1.6 GB/6.2 GB   20 MB/s   3m45s[K[?25h[?2026l[?2026h[?25l[A[1Gpulling manifest [K
pulling 9657d5771484:  26% ▕████              ▏ 1.6 GB/6.2 GB   20 MB/s   3m45s[K[?25h[?2026l[?2026h[?25l[A[1Gpulling manifest [K
pulling 9657d5771484:  26% ▕████              ▏ 1.6 GB/6.2 GB   20 MB/s   3m45s[K[?25h[?2026l[?2026h[?25l[A[1Gpulling manifest [K
pulling 9657d5771484:  26% ▕████              ▏ 1.6 GB/6.2 GB   20 MB/s   3m45s[K[?25h[?2026l[?2026h[?25l[A[1Gpulling manifest [K
pulling 9657d5771484:  26% ▕████              ▏ 1.6 GB/6.2 GB   20 MB/s   3m45s[K[?25h[?2026l[?2026h[?25l[A[1Gpulling manifest [K
pulling 9657d5771484:  26% ▕████              ▏ 1.6 GB/6.2 GB   20 MB/s   3m44s[K[?25h[?2026l[?2026h[?25l[A[1Gpulling manifest [K
pulling 9657d5771484:  26% ▕████              ▏ 1.6 GB/6.2 GB   20 MB/s   3m44s[K[?25h[?2026l[?2026h[?25l[A[1Gpulling manifest [K
pulling 9657d5771484:  26% ▕████              ▏ 1.6 GB/6.2 GB   20 MB/s   3m44s[K[?25h[?2026l[?2026h[?25l[A[1Gpulling manifest [K
pulling 9657d5771484:  26% ▕████              ▏ 1.6 GB/6.2 GB   20 MB/s   3m44s[K[?25h[?2026l[?2026h[?25l[A[1Gpulling manifest [K
pulling 9657d5771484:  26% ▕████              ▏ 1.6 GB/6.2 GB   20 MB/s   3m44s[K[?25h[?2026l[?2026h[?25l[A[1Gpulling manifest [K
pulling 9657d5771484:  26% ▕████              ▏ 1.6 GB/6.2 GB   20 MB/s   3m40s[K[?25h[?2026l[?2026h[?25l[A[1Gpulling manifest [K
pulling 9657d5771484:  26% ▕████              ▏ 1.6 GB/6.2 GB   20 MB/s   3m40s[K[?25h[?2026l[?2026h[?25l[A[1Gpulling manifest [K
pulling 9657d5771484:  26% ▕████              ▏ 1.6 GB/6.2 GB   20 MB/s   3m39s[K[?25h[?2026l[?2026h[?25l[A[1Gpulling manifest [K
pulling 9657d5771484:  26% ▕████              ▏ 1.6 GB/6.2 GB   20 MB/s   3m39s[K[?25h[?2026l[?2026h[?25l[A[1Gpulling manifest [K
pulling 9657d5771484:  26% ▕████              ▏ 1.6 GB/6.2 GB   20 MB/s   3m39s[K[?25h[?2026l[?2026h[?25l[A[1Gpulling manifest [K
pulling 9657d5771484:  26% ▕████              ▏ 1.6 GB/6.2 GB   20 MB/s   3m39s[K[?25h[?2026l[?2026h[?25l[A[1Gpulling manifest [K
pulling 9657d5771484:  26% ▕████              ▏ 1.6 GB/6.2 GB   20 MB/s   3m39s[K[?25h[?2026l[?2026h[?25l[A[1Gpulling manifest [K
pulling 9657d5771484:  26% ▕████              ▏ 1.6 GB/6.2 GB   20 MB/s   3m39s[K[?25h[?2026l[?2026h[?25l[A[1Gpulling manifest [K
pulling 9657d5771484:  26% ▕████              ▏ 1.6 GB/6.2 GB   20 MB/s   3m39s[K[?25h[?2026l[?2026h[?25l[A[1Gpulling manifest [K
pulling 9657d5771484:  26% ▕████              ▏ 1.6 GB/6.2 GB   20 MB/s   3m39s[K[?25h[?2026l[?2026h[?25l[A[1Gpulling manifest [K
pulling 9657d5771484:  26% ▕████              ▏ 1.6 GB/6.2 GB   20 MB/s   3m39s[K[?25h[?2026l[?2026h[?25l[A[1Gpulling manifest [K
pulling 9657d5771484:  26% ▕████              ▏ 1.6 GB/6.2 GB   20 MB/s   3m45s[K[?25h[?2026l[?2026h[?25l[A[1Gpulling manifest [K
pulling 9657d5771484:  26% ▕████              ▏ 1.6 GB/6.2 GB   20 MB/s   3m45s[K[?25h[?2026l[?2026h[?25l[A[1Gpulling manifest [K
pulling 9657d5771484:  26% ▕████              ▏ 1.6 GB/6.2 GB   20 MB/s   3m45s[K[?25h[?2026l[?2026h[?25l[A[1Gpulling manifest [K
pulling 9657d5771484:  26% ▕████              ▏ 1.6 GB/6.2 GB   20 MB/s   3m44s[K[?25h[?2026l[?2026h[?25l[A[1Gpulling manifest [K
pulling 9657d5771484:  26% ▕████              ▏ 1.6 GB/6.2 GB   20 MB/s   3m44s[K[?25h[?2026l[?2026h[?25l[A[1Gpulling manifest [K
pulling 9657d5771484:  26% ▕████              ▏ 1.6 GB/6.2 GB   20 MB/s   3m44s[K[?25h[?2026l[?2026h[?25l[A[1Gpulling manifest [K
pulling 9657d5771484:  26% ▕████              ▏ 1.6 GB/6.2 GB   20 MB/s   3m44s[K[?25h[?2026l[?2026h[?25l[A[1Gpulling manifest [K
pulling 9657d5771484:  26% ▕████              ▏ 1.6 GB/6.2 GB   20 MB/s   3m44s[K[?25h[?2026l[?2026h[?25l[A[1Gpulling manifest [K
pulling 9657d5771484:  26% ▕████              ▏ 1.6 GB/6.2 GB   20 MB/s   3m44s[K[?25h[?2026l[?2026h[?25l[A[1Gpulling manifest [K
pulling 9657d5771484:  26% ▕████              ▏ 1.6 GB/6.2 GB   20 MB/s   3m44s[K[?25h[?2026l[?2026h[?25l[A[1Gpulling manifest [K
pulling 9657d5771484:  27% ▕████              ▏ 1.6 GB/6.2 GB   20 MB/s   3m43s[K[?25h[?2026l[?2026h[?25l[A[1Gpulling manifest [K
pulling 9657d5771484:  27% ▕████              ▏ 1.7 GB/6.2 GB   20 MB/s   3m43s[K[?25h[?2026l[?2026h[?25l[A[1Gpulling manifest [K
pulling 9657d5771484:  27% ▕████              ▏ 1.7 GB/6.2 GB   20 MB/s   3m43s[K[?25h[?2026l[?2026h[?25l[A[1Gpulling manifest [K
pulling 9657d5771484:  27% ▕████              ▏ 1.7 GB/6.2 GB   20 MB/s   3m43s[K[?25h[?2026l[?2026h[?25l[A[1Gpulling manifest [K
pulling 9657d5771484:  27% ▕████              ▏ 1.7 GB/6.2 GB   20 MB/s   3m43s[K[?25h[?2026l[?2026h[?25l[A[1Gpulling manifest [K
pulling 9657d5771484:  27% ▕████              ▏ 1.7 GB/6.2 GB   20 MB/s   3m43s[K[?25h[?2026l[?2026h[?25l[A[1Gpulling manifest [K
pulling 9657d5771484:  27% ▕████              ▏ 1.7 GB/6.2 GB   20 MB/s   3m43s[K[?25h[?2026l[?2026h[?25l[A[1Gpulling manifest [K
pulling 9657d5771484:  27% ▕████              ▏ 1.7 GB/6.2 GB   20 MB/s   3m43s[K[?25h[?2026l[?2026h[?25l[A[1Gpulling manifest [K
pulling 9657d5771484:  27% ▕████              ▏ 1.7 GB/6.2 GB   20 MB/s   3m43s[K[?25h[?2026l[?2026h[?25l[A[1Gpulling manifest [K
pulling 9657d5771484:  27% ▕████              ▏ 1.7 GB/6.2 GB   20 MB/s   3m42s[K[?25h[?2026l[?2026h[?25l[A[1Gpulling manifest [K
pulling 9657d5771484:  27% ▕████              ▏ 1.7 GB/6.2 GB   20 MB/s   3m44s[K[?25h[?2026l[?2026h[?25l[A[1Gpulling manifest [K
pulling 9657d5771484:  27% ▕████              ▏ 1.7 GB/6.2 GB   20 MB/s   3m44s[K[?25h[?2026l[?2026h[?25l[A[1Gpulling manifest [K
pulling 9657d5771484:  27% ▕████              ▏ 1.7 GB/6.2 GB   20 MB/s   3m44s[K[?25h[?2026l[?2026h[?25l[A[1Gpulling manifest [K
pulling 9657d5771484:  27% ▕████              ▏ 1.7 GB/6.2 GB   20 MB/s   3m44s[K[?25h[?2026l[?2026h[?25l[A[1Gpulling manifest [K
pulling 9657d5771484:  27% ▕████              ▏ 1.7 GB/6.2 GB   20 MB/s   3m44s[K[?25h[?2026l[?2026h[?25l[A[1Gpulling manifest [K
pulling 9657d5771484:  27% ▕████              ▏ 1.7 GB/6.2 GB   20 MB/s   3m44s[K[?25h[?2026l[?2026h[?25l[A[1Gpulling manifest [K
pulling 9657d5771484:  27% ▕████              ▏ 1.7 GB/6.2 GB   20 MB/s   3m44s[K[?25h[?2026l[?2026h[?25l[A[1Gpulling manifest [K
pulling 9657d5771484:  27% ▕████              ▏ 1.7 GB/6.2 GB   20 MB/s   3m44s[K[?25h[?2026l[?2026h[?25l[A[1Gpulling manifest [K
pulling 9657d5771484:  27% ▕████              ▏ 1.7 GB/6.2 GB   20 MB/s   3m43s[K[?25h[?2026l[?2026h[?25l[A[1Gpulling manifest [K
pulling 9657d5771484:  27% ▕████              ▏ 1.7 GB/6.2 GB   20 MB/s   3m43s[K[?25h[?2026l[?2026h[?25l[A[1Gpulling manifest [K
pulling 9657d5771484:  27% ▕████              ▏ 1.7 GB/6.2 GB   20 MB/s   3m42s[K[?25h[?2026l[?2026h[?25l[A[1Gpulling manifest [K
pulling 9657d5771484:  27% ▕████              ▏ 1.7 GB/6.2 GB   20 MB/s   3m41s[K[?25h[?2026l[?2026h[?25l[A[1Gpulling manifest [K
pulling 9657d5771484:  27% ▕████              ▏ 1.7 GB/6.2 GB   20 MB/s   3m41s[K[?25h[?2026l[?2026h[?25l[A[1Gpulling manifest [K
pulling 9657d5771484:  27% ▕████              ▏ 1.7 GB/6.2 GB   20 MB/s   3m41s[K[?25h[?2026l[?2026h[?25l[A[1Gpulling manifest [K
pulling 9657d5771484:  27% ▕████              ▏ 1.7 GB/6.2 GB   20 MB/s   3m41s[K[?25h[?2026l[?2026h[?25l[A[1Gpulling manifest [K
pulling 9657d5771484:  27% ▕████              ▏ 1.7 GB/6.2 GB   20 MB/s   3m41s[K[?25h[?2026l[?2026h[?25l[A[1Gpulling manifest [K
pulling 9657d5771484:  27% ▕████              ▏ 1.7 GB/6.2 GB   20 MB/s   3m41s[K[?25h[?2026l[?2026h[?25l[A[1Gpulling manifest [K
pulling 9657d5771484:  27% ▕████              ▏ 1.7 GB/6.2 GB   20 MB/s   3m41s[K[?25h[?2026l[?2026h[?25l[A[1Gpulling manifest [K
pulling 9657d5771484:  27% ▕████              ▏ 1.7 GB/6.2 GB   20 MB/s   3m41s[K[?25h[?2026l[?2026h[?25l[A[1Gpulling manifest [K
pulling 9657d5771484:  27% ▕████              ▏ 1.7 GB/6.2 GB   20 MB/s   3m41s[K[?25h[?2026l[?2026h[?25l[A[1Gpulling manifest [K
pulling 9657d5771484:  28% ▕████              ▏ 1.7 GB/6.2 GB   20 MB/s   3m40s[K[?25h[?2026l[?2026h[?25l[A[1Gpulling manifest [K
pulling 9657d5771484:  28% ▕████              ▏ 1.7 GB/6.2 GB   20 MB/s   3m40s[K[?25h[?2026l[?2026h[?25l[A[1Gpulling manifest [K
pulling 9657d5771484:  28% ▕████              ▏ 1.7 GB/6.2 GB   20 MB/s   3m39s[K[?25h[?2026l[?2026h[?25l[A[1Gpulling manifest [K
pulling 9657d5771484:  28% ▕████              ▏ 1.7 GB/6.2 GB   20 MB/s   3m39s[K[?25h[?2026l[?2026h[?25l[A[1Gpulling manifest [K
pulling 9657d5771484:  28% ▕████              ▏ 1.7 GB/6.2 GB   20 MB/s   3m39s[K[?25h[?2026l[?2026h[?25l[A[1Gpulling manifest [K
pulling 9657d5771484:  28% ▕████              ▏ 1.7 GB/6.2 GB   20 MB/s   3m39s[K[?25h[?2026l[?2026h[?25l[A[1Gpulling manifest [K
pulling 9657d5771484:  28% ▕████              ▏ 1.7 GB/6.2 GB   20 MB/s   3m39s[K[?25h[?2026l[?2026h[?25l[A[1Gpulling manifest [K
pulling 9657d5771484:  28% ▕████              ▏ 1.7 GB/6.2 GB   20 MB/s   3m39s[K[?25h[?2026l[?2026h[?25l[A[1Gpulling manifest [K
pulling 9657d5771484:  28% ▕████              ▏ 1.7 GB/6.2 GB   20 MB/s   3m39s[K[?25h[?2026l[?2026h[?25l[A[1Gpulling manifest [K
pulling 9657d5771484:  28% ▕█████             ▏ 1.7 GB/6.2 GB   20 MB/s   3m39s[K[?25h[?2026l[?2026h[?25l[A[1Gpulling manifest [K
pulling 9657d5771484:  28% ▕█████             ▏ 1.7 GB/6.2 GB   20 MB/s   3m39s[K[?25h[?2026l[?2026h[?25l[A[1Gpulling manifest [K
pulling 9657d5771484:  28% ▕█████             ▏ 1.7 GB/6.2 GB   20 MB/s   3m38s[K[?25h[?2026l[?2026h[?25l[A[1Gpulling manifest [K
pulling 9657d5771484:  28% ▕█████             ▏ 1.7 GB/6.2 GB   20 MB/s   3m38s[K[?25h[?2026l[?2026h[?25l[A[1Gpulling manifest [K
pulling 9657d5771484:  28% ▕█████             ▏ 1.7 GB/6.2 GB   20 MB/s   3m38s[K[?25h[?2026l[?2026h[?25l[A[1Gpulling manifest [K
pulling 9657d5771484:  28% ▕█████             ▏ 1.7 GB/6.2 GB   20 MB/s   3m38s[K[?25h[?2026l[?2026h[?25l[A[1Gpulling manifest [K
pulling 9657d5771484:  28% ▕█████             ▏ 1.7 GB/6.2 GB   20 MB/s   3m38s[K[?25h[?2026l[?2026h[?25l[A[1Gpulling manifest [K
pulling 9657d5771484:  28% ▕█████             ▏ 1.7 GB/6.2 GB   20 MB/s   3m38s[K[?25h[?2026l[?2026h[?25l[A[1Gpulling manifest [K
pulling 9657d5771484:  28% ▕█████             ▏ 1.7 GB/6.2 GB   20 MB/s   3m37s[K[?25h[?2026l[?2026h[?25l[A[1Gpulling manifest [K
pulling 9657d5771484:  28% ▕█████             ▏ 1.7 GB/6.2 GB   20 MB/s   3m37s[K[?25h[?2026l[?2026h[?25l[A[1Gpulling manifest [K
pulling 9657d5771484:  28% ▕█████             ▏ 1.7 GB/6.2 GB   20 MB/s   3m37s[K[?25h[?2026l[?2026h[?25l[A[1Gpulling manifest [K
pulling 9657d5771484:  28% ▕█████             ▏ 1.8 GB/6.2 GB   20 MB/s   3m37s[K[?25h[?2026l[?2026h[?25l[A[1Gpulling manifest [K
pulling 9657d5771484:  28% ▕█████             ▏ 1.8 GB/6.2 GB   20 MB/s   3m38s[K[?25h[?2026l[?2026h[?25l[A[1Gpulling manifest [K
pulling 9657d5771484:  28% ▕█████             ▏ 1.8 GB/6.2 GB   20 MB/s   3m38s[K[?25h[?2026l[?2026h[?25l[A[1Gpulling manifest [K
pulling 9657d5771484:  28% ▕█████             ▏ 1.8 GB/6.2 GB   20 MB/s   3m37s[K[?25h[?2026l[?2026h[?25l[A[1Gpulling manifest [K
pulling 9657d5771484:  28% ▕█████             ▏ 1.8 GB/6.2 GB   20 MB/s   3m37s[K[?25h[?2026l[?2026h[?25l[A[1Gpulling manifest [K
pulling 9657d5771484:  28% ▕█████             ▏ 1.8 GB/6.2 GB   20 MB/s   3m37s[K[?25h[?2026l[?2026h[?25l[A[1Gpulling manifest [K
pulling 9657d5771484:  28% ▕█████             ▏ 1.8 GB/6.2 GB   20 MB/s   3m37s[K[?25h[?2026l[?2026h[?25l[A[1Gpulling manifest [K
pulling 9657d5771484:  28% ▕█████             ▏ 1.8 GB/6.2 GB   20 MB/s   3m37s[K[?25h[?2026l[?2026h[?25l[A[1Gpulling manifest [K
pulling 9657d5771484:  28% ▕█████             ▏ 1.8 GB/6.2 GB   20 MB/s   3m37s[K[?25h[?2026l[?2026h[?25l[A[1Gpulling manifest [K
pulling 9657d5771484:  28% ▕█████             ▏ 1.8 GB/6.2 GB   20 MB/s   3m37s[K[?25h[?2026l[?2026h[?25l[A[1Gpulling manifest [K
pulling 9657d5771484:  28% ▕█████             ▏ 1.8 GB/6.2 GB   20 MB/s   3m37s[K[?25h[?2026l[?2026h[?25l[A[1Gpulling manifest [K
pulling 9657d5771484:  28% ▕█████             ▏ 1.8 GB/6.2 GB   20 MB/s   3m40s[K[?25h[?2026l[?2026h[?25l[A[1Gpulling manifest [K
pulling 9657d5771484:  29% ▕█████             ▏ 1.8 GB/6.2 GB   20 MB/s   3m40s[K[?25h[?2026l[?2026h[?25l[A[1Gpulling manifest [K
pulling 9657d5771484:  29% ▕█████             ▏ 1.8 GB/6.2 GB   20 MB/s   3m40s[K[?25h[?2026l[?2026h[?25l[A[1Gpulling manifest [K
pulling 9657d5771484:  29% ▕█████             ▏ 1.8 GB/6.2 GB   20 MB/s   3m40s[K[?25h[?2026l[?2026h[?25l[A[1Gpulling manifest [K
pulling 9657d5771484:  29% ▕█████             ▏ 1.8 GB/6.2 GB   20 MB/s   3m40s[K[?25h[?2026l[?2026h[?25l[A[1Gpulling manifest [K
pulling 9657d5771484:  29% ▕█████             ▏ 1.8 GB/6.2 GB   20 MB/s   3m40s[K[?25h[?2026l[?2026h[?25l[A[1Gpulling manifest [K
pulling 9657d5771484:  29% ▕█████             ▏ 1.8 GB/6.2 GB   20 MB/s   3m40s[K[?25h[?2026l[?2026h[?25l[A[1Gpulling manifest [K
pulling 9657d5771484:  29% ▕█████             ▏ 1.8 GB/6.2 GB   20 MB/s   3m40s[K[?25h[?2026l[?2026h[?25l[A[1Gpulling manifest [K
pulling 9657d5771484:  29% ▕█████             ▏ 1.8 GB/6.2 GB   20 MB/s   3m40s[K[?25h[?2026l[?2026h[?25l[A[1Gpulling manifest [K
pulling 9657d5771484:  29% ▕█████             ▏ 1.8 GB/6.2 GB   20 MB/s   3m40s[K[?25h[?2026l[?2026h[?25l[A[1Gpulling manifest [K
pulling 9657d5771484:  29% ▕█████             ▏ 1.8 GB/6.2 GB   20 MB/s   3m38s[K[?25h[?2026l[?2026h[?25l[A[1Gpulling manifest [K
pulling 9657d5771484:  29% ▕█████             ▏ 1.8 GB/6.2 GB   20 MB/s   3m38s[K[?25h[?2026l[?2026h[?25l[A[1Gpulling manifest [K
pulling 9657d5771484:  29% ▕█████             ▏ 1.8 GB/6.2 GB   20 MB/s   3m38s[K[?25h[?2026l[?2026h[?25l[A[1Gpulling manifest [K
pulling 9657d5771484:  29% ▕█████             ▏ 1.8 GB/6.2 GB   20 MB/s   3m38s[K[?25h[?2026l[?2026h[?25l[A[1Gpulling manifest [K
pulling 9657d5771484:  29% ▕█████             ▏ 1.8 GB/6.2 GB   20 MB/s   3m38s[K[?25h[?2026l[?2026h[?25l[A[1Gpulling manifest [K
pulling 9657d5771484:  29% ▕█████             ▏ 1.8 GB/6.2 GB   20 MB/s   3m38s[K[?25h[?2026l[?2026h[?25l[A[1Gpulling manifest [K
pulling 9657d5771484:  29% ▕█████             ▏ 1.8 GB/6.2 GB   20 MB/s   3m38s[K[?25h[?2026l[?2026h[?25l[A[1Gpulling manifest [K
pulling 9657d5771484:  29% ▕█████             ▏ 1.8 GB/6.2 GB   20 MB/s   3m38s[K[?25h[?2026l[?2026h[?25l[A[1Gpulling manifest [K
pulling 9657d5771484:  29% ▕█████             ▏ 1.8 GB/6.2 GB   20 MB/s   3m38s[K[?25h[?2026l[?2026h[?25l[A[1Gpulling manifest [K
pulling 9657d5771484:  29% ▕█████             ▏ 1.8 GB/6.2 GB   20 MB/s   3m37s[K[?25h[?2026l[?2026h[?25l[A[1Gpulling manifest [K
pulling 9657d5771484:  29% ▕█████             ▏ 1.8 GB/6.2 GB   20 MB/s   3m39s[K[?25h[?2026l[?2026h[?25l[A[1Gpulling manifest [K
pulling 9657d5771484:  29% ▕█████             ▏ 1.8 GB/6.2 GB   20 MB/s   3m39s[K[?25h[?2026l[?2026h[?25l[A[1Gpulling manifest [K
pulling 9657d5771484:  29% ▕█████             ▏ 1.8 GB/6.2 GB   20 MB/s   3m39s[K[?25h[?2026l[?2026h[?25l[A[1Gpulling manifest [K
pulling 9657d5771484:  29% ▕█████             ▏ 1.8 GB/6.2 GB   20 MB/s   3m39s[K[?25h[?2026l[?2026h[?25l[A[1Gpulling manifest [K
pulling 9657d5771484:  29% ▕█████             ▏ 1.8 GB/6.2 GB   20 MB/s   3m39s[K[?25h[?2026l[?2026h[?25l[A[1Gpulling manifest [K
pulling 9657d5771484:  29% ▕█████             ▏ 1.8 GB/6.2 GB   20 MB/s   3m39s[K[?25h[?2026l[?2026h[?25l[A[1Gpulling manifest [K
pulling 9657d5771484:  29% ▕█████             ▏ 1.8 GB/6.2 GB   20 MB/s   3m39s[K[?25h[?2026l[?2026h[?25l[A[1Gpulling manifest [K
pulling 9657d5771484:  29% ▕█████             ▏ 1.8 GB/6.2 GB   20 MB/s   3m39s[K[?25h[?2026l[?2026h[?25l[A[1Gpulling manifest [K
pulling 9657d5771484:  29% ▕█████             ▏ 1.8 GB/6.2 GB   20 MB/s   3m38s[K[?25h[?2026l[?2026h[?25l[A[1Gpulling manifest [K
pulling 9657d5771484:  29% ▕█████             ▏ 1.8 GB/6.2 GB   20 MB/s   3m38s[K[?25h[?2026l[?2026h[?25l[A[1Gpulling manifest [K
pulling 9657d5771484:  29% ▕█████             ▏ 1.8 GB/6.2 GB   20 MB/s   3m38s[K[?25h[?2026l[?2026h[?25l[A[1Gpulling manifest [K
pulling 9657d5771484:  29% ▕█████             ▏ 1.8 GB/6.2 GB   19 MB/s   3m45s[K[?25h[?2026l[?2026h[?25l[A[1Gpulling manifest [K
pulling 9657d5771484:  29% ▕█████             ▏ 1.8 GB/6.2 GB   19 MB/s   3m45s[K[?25h[?2026l[?2026h[?25l[A[1Gpulling manifest [K
pulling 9657d5771484:  29% ▕█████             ▏ 1.8 GB/6.2 GB   19 MB/s   3m45s[K[?25h[?2026l[?2026h[?25l[A[1Gpulling manifest [K
pulling 9657d5771484:  29% ▕█████             ▏ 1.8 GB/6.2 GB   19 MB/s   3m45s[K[?25h[?2026l[?2026h[?25l[A[1Gpulling manifest [K
pulling 9657d5771484:  29% ▕█████             ▏ 1.8 GB/6.2 GB   19 MB/s   3m45s[K[?25h[?2026l[?2026h[?25l[A[1Gpulling manifest [K
pulling 9657d5771484:  29% ▕█████             ▏ 1.8 GB/6.2 GB   19 MB/s   3m45s[K[?25h[?2026l[?2026h[?25l[A[1Gpulling manifest [K
pulling 9657d5771484:  29% ▕█████             ▏ 1.8 GB/6.2 GB   19 MB/s   3m45s[K[?25h[?2026l[?2026h[?25l[A[1Gpulling manifest [K
pulling 9657d5771484:  29% ▕█████             ▏ 1.8 GB/6.2 GB   19 MB/s   3m45s[K[?25h[?2026l[?2026h[?25l[A[1Gpulling manifest [K
pulling 9657d5771484:  30% ▕█████             ▏ 1.8 GB/6.2 GB   19 MB/s   3m45s[K[?25h[?2026l[?2026h[?25l[A[1Gpulling manifest [K
pulling 9657d5771484:  30% ▕█████             ▏ 1.8 GB/6.2 GB   19 MB/s   3m44s[K[?25h[?2026l[?2026h[?25l[A[1Gpulling manifest [K
pulling 9657d5771484:  30% ▕█████             ▏ 1.8 GB/6.2 GB   19 MB/s   3m49s[K[?25h[?2026l[?2026h[?25l[A[1Gpulling manifest [K
pulling 9657d5771484:  30% ▕█████             ▏ 1.8 GB/6.2 GB   19 MB/s   3m49s[K[?25h[?2026l[?2026h[?25l[A[1Gpulling manifest [K
pulling 9657d5771484:  30% ▕█████             ▏ 1.8 GB/6.2 GB   19 MB/s   3m49s[K[?25h[?2026l[?2026h[?25l[A[1Gpulling manifest [K
pulling 9657d5771484:  30% ▕█████             ▏ 1.8 GB/6.2 GB   19 MB/s   3m49s[K[?25h[?2026l[?2026h[?25l[A[1Gpulling manifest [K
pulling 9657d5771484:  30% ▕█████             ▏ 1.8 GB/6.2 GB   19 MB/s   3m49s[K[?25h[?2026l[?2026h[?25l[A[1Gpulling manifest [K
pulling 9657d5771484:  30% ▕█████             ▏ 1.8 GB/6.2 GB   19 MB/s   3m48s[K[?25h[?2026l[?2026h[?25l[A[1Gpulling manifest [K
pulling 9657d5771484:  30% ▕█████             ▏ 1.9 GB/6.2 GB   19 MB/s   3m48s[K[?25h[?2026l[?2026h[?25l[A[1Gpulling manifest [K
pulling 9657d5771484:  30% ▕█████             ▏ 1.9 GB/6.2 GB   19 MB/s   3m48s[K[?25h[?2026l[?2026h[?25l[A[1Gpulling manifest [K
pulling 9657d5771484:  30% ▕█████             ▏ 1.9 GB/6.2 GB   19 MB/s   3m48s[K[?25h[?2026l[?2026h[?25l[A[1Gpulling manifest [K
pulling 9657d5771484:  30% ▕█████             ▏ 1.9 GB/6.2 GB   19 MB/s   3m48s[K[?25h[?2026l[?2026h[?25l[A[1Gpulling manifest [K
pulling 9657d5771484:  30% ▕█████             ▏ 1.9 GB/6.2 GB   18 MB/s   3m50s[K[?25h[?2026l[?2026h[?25l[A[1Gpulling manifest [K
pulling 9657d5771484:  30% ▕█████             ▏ 1.9 GB/6.2 GB   18 MB/s   3m50s[K[?25h[?2026l[?2026h[?25l[A[1Gpulling manifest [K
pulling 9657d5771484:  30% ▕█████             ▏ 1.9 GB/6.2 GB   18 MB/s   3m50s[K[?25h[?2026l[?2026h[?25l[A[1Gpulling manifest [K
pulling 9657d5771484:  30% ▕█████             ▏ 1.9 GB/6.2 GB   18 MB/s   3m50s[K[?25h[?2026l[?2026h[?25l[A[1Gpulling manifest [K
pulling 9657d5771484:  30% ▕█████             ▏ 1.9 GB/6.2 GB   18 MB/s   3m50s[K[?25h[?2026l[?2026h[?25l[A[1Gpulling manifest [K
pulling 9657d5771484:  30% ▕█████             ▏ 1.9 GB/6.2 GB   18 MB/s   3m49s[K[?25h[?2026l[?2026h[?25l[A[1Gpulling manifest [K
pulling 9657d5771484:  30% ▕█████             ▏ 1.9 GB/6.2 GB   18 MB/s   3m49s[K[?25h[?2026l[?2026h[?25l[A[1Gpulling manifest [K
pulling 9657d5771484:  30% ▕█████             ▏ 1.9 GB/6.2 GB   18 MB/s   3m49s[K[?25h[?2026l[?2026h[?25l[A[1Gpulling manifest [K
pulling 9657d5771484:  30% ▕█████             ▏ 1.9 GB/6.2 GB   18 MB/s   3m49s[K[?25h[?2026l[?2026h[?25l[A[1Gpulling manifest [K
pulling 9657d5771484:  30% ▕█████             ▏ 1.9 GB/6.2 GB   18 MB/s   3m49s[K[?25h[?2026l[?2026h[?25l[A[1Gpulling manifest [K
pulling 9657d5771484:  30% ▕█████             ▏ 1.9 GB/6.2 GB   18 MB/s   3m51s[K[?25h[?2026l[?2026h[?25l[A[1Gpulling manifest [K
pulling 9657d5771484:  30% ▕█████             ▏ 1.9 GB/6.2 GB   18 MB/s   3m51s[K[?25h[?2026l[?2026h[?25l[A[1Gpulling manifest [K
pulling 9657d5771484:  30% ▕█████             ▏ 1.9 GB/6.2 GB   18 MB/s   3m51s[K[?25h[?2026l[?2026h[?25l[A[1Gpulling manifest [K
pulling 9657d5771484:  30% ▕█████             ▏ 1.9 GB/6.2 GB   18 MB/s   3m51s[K[?25h[?2026l[?2026h[?25l[A[1Gpulling manifest [K
pulling 9657d5771484:  30% ▕█████             ▏ 1.9 GB/6.2 GB   18 MB/s   3m51s[K[?25h[?2026l[?2026h[?25l[A[1Gpulling manifest [K
pulling 9657d5771484:  30% ▕█████             ▏ 1.9 GB/6.2 GB   18 MB/s   3m51s[K[?25h[?2026l[?2026h[?25l[A[1Gpulling manifest [K
pulling 9657d5771484:  30% ▕█████             ▏ 1.9 GB/6.2 GB   18 MB/s   3m50s[K[?25h[?2026l[?2026h[?25l[A[1Gpulling manifest [K
pulling 9657d5771484:  30% ▕█████             ▏ 1.9 GB/6.2 GB   18 MB/s   3m50s[K[?25h[?2026l[?2026h[?25l[A[1Gpulling manifest [K
pulling 9657d5771484:  30% ▕█████             ▏ 1.9 GB/6.2 GB   18 MB/s   3m50s[K[?25h[?2026l[?2026h[?25l[A[1Gpulling manifest [K
pulling 9657d5771484:  31% ▕█████             ▏ 1.9 GB/6.2 GB   18 MB/s   3m50s[K[?25h[?2026l[?2026h[?25l[A[1Gpulling manifest [K
pulling 9657d5771484:  31% ▕█████             ▏ 1.9 GB/6.2 GB   18 MB/s   3m49s[K[?25h[?2026l[?2026h[?25l[A[1Gpulling manifest [K
pulling 9657d5771484:  31% ▕█████             ▏ 1.9 GB/6.2 GB   18 MB/s   3m49s[K[?25h[?2026l[?2026h[?25l[A[1Gpulling manifest [K
pulling 9657d5771484:  31% ▕█████             ▏ 1.9 GB/6.2 GB   18 MB/s   3m48s[K[?25h[?2026l[?2026h[?25l[A[1Gpulling manifest [K
pulling 9657d5771484:  31% ▕█████             ▏ 1.9 GB/6.2 GB   18 MB/s   3m48s[K[?25h[?2026l[?2026h[?25l[A[1Gpulling manifest [K
pulling 9657d5771484:  31% ▕█████             ▏ 1.9 GB/6.2 GB   18 MB/s   3m48s[K[?25h[?2026l[?2026h[?25l[A[1Gpulling manifest [K
pulling 9657d5771484:  31% ▕█████             ▏ 1.9 GB/6.2 GB   18 MB/s   3m48s[K[?25h[?2026l[?2026h[?25l[A[1Gpulling manifest [K
pulling 9657d5771484:  31% ▕█████             ▏ 1.9 GB/6.2 GB   18 MB/s   3m48s[K[?25h[?2026l[?2026h[?25l[A[1Gpulling manifest [K
pulling 9657d5771484:  31% ▕█████             ▏ 1.9 GB/6.2 GB   18 MB/s   3m48s[K[?25h[?2026l[?2026h[?25l[A[1Gpulling manifest [K
pulling 9657d5771484:  31% ▕█████             ▏ 1.9 GB/6.2 GB   18 MB/s   3m48s[K[?25h[?2026l[?2026h[?25l[A[1Gpulling manifest [K
pulling 9657d5771484:  31% ▕█████             ▏ 1.9 GB/6.2 GB   18 MB/s   3m48s[K[?25h[?2026l[?2026h[?25l[A[1Gpulling manifest [K
pulling 9657d5771484:  31% ▕█████             ▏ 1.9 GB/6.2 GB   18 MB/s   3m48s[K[?25h[?2026l[?2026h[?25l[A[1Gpulling manifest [K
pulling 9657d5771484:  31% ▕█████             ▏ 1.9 GB/6.2 GB   18 MB/s   3m48s[K[?25h[?2026l[?2026h[?25l[A[1Gpulling manifest [K
pulling 9657d5771484:  31% ▕█████             ▏ 1.9 GB/6.2 GB   18 MB/s   3m48s[K[?25h[?2026l[?2026h[?25l[A[1Gpulling manifest [K
pulling 9657d5771484:  31% ▕█████             ▏ 1.9 GB/6.2 GB   18 MB/s   3m48s[K[?25h[?2026l[?2026h[?25l[A[1Gpulling manifest [K
pulling 9657d5771484:  31% ▕█████             ▏ 1.9 GB/6.2 GB   18 MB/s   3m48s[K[?25h[?2026l[?2026h[?25l[A[1Gpulling manifest [K
pulling 9657d5771484:  31% ▕█████             ▏ 1.9 GB/6.2 GB   18 MB/s   3m47s[K[?25h[?2026l[?2026h[?25l[A[1Gpulling manifest [K
pulling 9657d5771484:  31% ▕█████             ▏ 1.9 GB/6.2 GB   18 MB/s   3m47s[K[?25h[?2026l[?2026h[?25l[A[1Gpulling manifest [K
pulling 9657d5771484:  31% ▕█████             ▏ 1.9 GB/6.2 GB   18 MB/s   3m47s[K[?25h[?2026l[?2026h[?25l[A[1Gpulling manifest [K
pulling 9657d5771484:  31% ▕█████             ▏ 1.9 GB/6.2 GB   18 MB/s   3m47s[K[?25h[?2026l[?2026h[?25l[A[1Gpulling manifest [K
pulling 9657d5771484:  31% ▕█████             ▏ 1.9 GB/6.2 GB   18 MB/s   3m47s[K[?25h[?2026l[?2026h[?25l[A[1Gpulling manifest [K
pulling 9657d5771484:  31% ▕█████             ▏ 1.9 GB/6.2 GB   18 MB/s   3m47s[K[?25h[?2026l[?2026h[?25l[A[1Gpulling manifest [K
pulling 9657d5771484:  31% ▕█████             ▏ 1.9 GB/6.2 GB   18 MB/s   3m46s[K[?25h[?2026l[?2026h[?25l[A[1Gpulling manifest [K
pulling 9657d5771484:  31% ▕█████             ▏ 1.9 GB/6.2 GB   18 MB/s   3m46s[K[?25h[?2026l[?2026h[?25l[A[1Gpulling manifest [K
pulling 9657d5771484:  31% ▕█████             ▏ 1.9 GB/6.2 GB   18 MB/s   3m45s[K[?25h[?2026l[?2026h[?25l[A[1Gpulling manifest [K
pulling 9657d5771484:  31% ▕█████             ▏ 1.9 GB/6.2 GB   18 MB/s   3m45s[K[?25h[?2026l[?2026h[?25l[A[1Gpulling manifest [K
pulling 9657d5771484:  31% ▕█████             ▏ 2.0 GB/6.2 GB   18 MB/s   3m45s[K[?25h[?2026l[?2026h[?25l[A[1Gpulling manifest [K
pulling 9657d5771484:  31% ▕█████             ▏ 2.0 GB/6.2 GB   18 MB/s   3m45s[K[?25h[?2026l[?2026h[?25l[A[1Gpulling manifest [K
pulling 9657d5771484:  31% ▕█████             ▏ 2.0 GB/6.2 GB   18 MB/s   3m45s[K[?25h[?2026l[?2026h[?25l[A[1Gpulling manifest [K
pulling 9657d5771484:  31% ▕█████             ▏ 2.0 GB/6.2 GB   18 MB/s   3m45s[K[?25h[?2026l[?2026h[?25l[A[1Gpulling manifest [K
pulling 9657d5771484:  32% ▕█████             ▏ 2.0 GB/6.2 GB   18 MB/s   3m45s[K[?25h[?2026l[?2026h[?25l[A[1Gpulling manifest [K
pulling 9657d5771484:  32% ▕█████             ▏ 2.0 GB/6.2 GB   18 MB/s   3m45s[K[?25h[?2026l[?2026h[?25l[A[1Gpulling manifest [K
pulling 9657d5771484:  32% ▕█████             ▏ 2.0 GB/6.2 GB   18 MB/s   3m46s[K[?25h[?2026l[?2026h[?25l[A[1Gpulling manifest [K
pulling 9657d5771484:  32% ▕█████             ▏ 2.0 GB/6.2 GB   18 MB/s   3m45s[K[?25h[?2026l[?2026h[?25l[A[1Gpulling manifest [K
pulling 9657d5771484:  32% ▕█████             ▏ 2.0 GB/6.2 GB   18 MB/s   3m45s[K[?25h[?2026l[?2026h[?25l[A[1Gpulling manifest [K
pulling 9657d5771484:  32% ▕█████             ▏ 2.0 GB/6.2 GB   18 MB/s   3m45s[K[?25h[?2026l[?2026h[?25l[A[1Gpulling manifest [K
pulling 9657d5771484:  32% ▕█████             ▏ 2.0 GB/6.2 GB   18 MB/s   3m45s[K[?25h[?2026l[?2026h[?25l[A[1Gpulling manifest [K
pulling 9657d5771484:  32% ▕█████             ▏ 2.0 GB/6.2 GB   18 MB/s   3m45s[K[?25h[?2026l[?2026h[?25l[A[1Gpulling manifest [K
pulling 9657d5771484:  32% ▕█████             ▏ 2.0 GB/6.2 GB   18 MB/s   3m45s[K[?25h[?2026l[?2026h[?25l[A[1Gpulling manifest [K
pulling 9657d5771484:  32% ▕█████             ▏ 2.0 GB/6.2 GB   18 MB/s   3m45s[K[?25h[?2026l[?2026h[?25l[A[1Gpulling manifest [K
pulling 9657d5771484:  32% ▕█████             ▏ 2.0 GB/6.2 GB   18 MB/s   3m45s[K[?25h[?2026l[?2026h[?25l[A[1Gpulling manifest [K
pulling 9657d5771484:  32% ▕█████             ▏ 2.0 GB/6.2 GB   18 MB/s   3m45s[K[?25h[?2026l[?2026h[?25l[A[1Gpulling manifest [K
pulling 9657d5771484:  32% ▕█████             ▏ 2.0 GB/6.2 GB   19 MB/s   3m35s[K[?25h[?2026l[?2026h[?25l[A[1Gpulling manifest [K
pulling 9657d5771484:  32% ▕█████             ▏ 2.0 GB/6.2 GB   19 MB/s   3m35s[K[?25h[?2026l[?2026h[?25l[A[1Gpulling manifest [K
pulling 9657d5771484:  32% ▕█████             ▏ 2.0 GB/6.2 GB   19 MB/s   3m35s[K[?25h[?2026l[?2026h[?25l[A[1Gpulling manifest [K
pulling 9657d5771484:  32% ▕█████             ▏ 2.0 GB/6.2 GB   19 MB/s   3m35s[K[?25h[?2026l[?2026h[?25l[A[1Gpulling manifest [K
pulling 9657d5771484:  32% ▕█████             ▏ 2.0 GB/6.2 GB   19 MB/s   3m34s[K[?25h[?2026l[?2026h[?25l[A[1Gpulling manifest [K
pulling 9657d5771484:  32% ▕█████             ▏ 2.0 GB/6.2 GB   19 MB/s   3m34s[K[?25h[?2026l[?2026h[?25l[A[1Gpulling manifest [K
pulling 9657d5771484:  32% ▕█████             ▏ 2.0 GB/6.2 GB   19 MB/s   3m34s[K[?25h[?2026l[?2026h[?25l[A[1Gpulling manifest [K
pulling 9657d5771484:  32% ▕█████             ▏ 2.0 GB/6.2 GB   19 MB/s   3m34s[K[?25h[?2026l[?2026h[?25l[A[1Gpulling manifest [K
pulling 9657d5771484:  32% ▕█████             ▏ 2.0 GB/6.2 GB   19 MB/s   3m34s[K[?25h[?2026l[?2026h[?25l[A[1Gpulling manifest [K
pulling 9657d5771484:  32% ▕█████             ▏ 2.0 GB/6.2 GB   19 MB/s   3m34s[K[?25h[?2026l[?2026h[?25l[A[1Gpulling manifest [K
pulling 9657d5771484:  32% ▕█████             ▏ 2.0 GB/6.2 GB   20 MB/s   3m26s[K[?25h[?2026l[?2026h[?25l[A[1Gpulling manifest [K
pulling 9657d5771484:  32% ▕█████             ▏ 2.0 GB/6.2 GB   20 MB/s   3m26s[K[?25h[?2026l[?2026h[?25l[A[1Gpulling manifest [K
pulling 9657d5771484:  32% ▕█████             ▏ 2.0 GB/6.2 GB   20 MB/s   3m26s[K[?25h[?2026l[?2026h[?25l[A[1Gpulling manifest [K
pulling 9657d5771484:  32% ▕█████             ▏ 2.0 GB/6.2 GB   20 MB/s   3m25s[K[?25h[?2026l[?2026h[?25l[A[1Gpulling manifest [K
pulling 9657d5771484:  32% ▕█████             ▏ 2.0 GB/6.2 GB   20 MB/s   3m25s[K[?25h[?2026l[?2026h[?25l[A[1Gpulling manifest [K
pulling 9657d5771484:  32% ▕█████             ▏ 2.0 GB/6.2 GB   20 MB/s   3m25s[K[?25h[?2026l[?2026h[?25l[A[1Gpulling manifest [K
pulling 9657d5771484:  32% ▕█████             ▏ 2.0 GB/6.2 GB   20 MB/s   3m25s[K[?25h[?2026l[?2026h[?25l[A[1Gpulling manifest [K
pulling 9657d5771484:  33% ▕█████             ▏ 2.0 GB/6.2 GB   20 MB/s   3m25s[K[?25h[?2026l[?2026h[?25l[A[1Gpulling manifest [K
pulling 9657d5771484:  33% ▕█████             ▏ 2.0 GB/6.2 GB   20 MB/s   3m25s[K[?25h[?2026l[?2026h[?25l[A[1Gpulling manifest [K
pulling 9657d5771484:  33% ▕█████             ▏ 2.0 GB/6.2 GB   20 MB/s   3m25s[K[?25h[?2026l[?2026h[?25l[A[1Gpulling manifest [K
pulling 9657d5771484:  33% ▕█████             ▏ 2.0 GB/6.2 GB   20 MB/s   3m25s[K[?25h[?2026l[?2026h[?25l[A[1Gpulling manifest [K
pulling 9657d5771484:  33% ▕█████             ▏ 2.0 GB/6.2 GB   21 MB/s   3m18s[K[?25h[?2026l[?2026h[?25l[A[1Gpulling manifest [K
pulling 9657d5771484:  33% ▕█████             ▏ 2.0 GB/6.2 GB   21 MB/s   3m18s[K[?25h[?2026l[?2026h[?25l[A[1Gpulling manifest [K
pulling 9657d5771484:  33% ▕█████             ▏ 2.0 GB/6.2 GB   21 MB/s   3m18s[K[?25h[?2026l[?2026h[?25l[A[1Gpulling manifest [K
pulling 9657d5771484:  33% ▕█████             ▏ 2.0 GB/6.2 GB   21 MB/s   3m17s[K[?25h[?2026l[?2026h[?25l[A[1Gpulling manifest [K
pulling 9657d5771484:  33% ▕█████             ▏ 2.0 GB/6.2 GB   21 MB/s   3m17s[K[?25h[?2026l[?2026h[?25l[A[1Gpulling manifest [K
pulling 9657d5771484:  33% ▕█████             ▏ 2.0 GB/6.2 GB   21 MB/s   3m17s[K[?25h[?2026l[?2026h[?25l[A[1Gpulling manifest [K
pulling 9657d5771484:  33% ▕█████             ▏ 2.0 GB/6.2 GB   21 MB/s   3m17s[K[?25h[?2026l[?2026h[?25l[A[1Gpulling manifest [K
pulling 9657d5771484:  33% ▕█████             ▏ 2.0 GB/6.2 GB   21 MB/s   3m17s[K[?25h[?2026l[?2026h[?25l[A[1Gpulling manifest [K
pulling 9657d5771484:  33% ▕█████             ▏ 2.0 GB/6.2 GB   21 MB/s   3m17s[K[?25h[?2026l[?2026h[?25l[A[1Gpulling manifest [K
pulling 9657d5771484:  33% ▕█████             ▏ 2.0 GB/6.2 GB   21 MB/s   3m17s[K[?25h[?2026l[?2026h[?25l[A[1Gpulling manifest [K
pulling 9657d5771484:  33% ▕█████             ▏ 2.0 GB/6.2 GB   20 MB/s   3m18s[K[?25h[?2026l[?2026h[?25l[A[1Gpulling manifest [K
pulling 9657d5771484:  33% ▕█████             ▏ 2.0 GB/6.2 GB   20 MB/s   3m18s[K[?25h[?2026l[?2026h[?25l[A[1Gpulling manifest [K
pulling 9657d5771484:  33% ▕█████             ▏ 2.1 GB/6.2 GB   20 MB/s   3m18s[K[?25h[?2026l[?2026h[?25l[A[1Gpulling manifest [K
pulling 9657d5771484:  33% ▕█████             ▏ 2.1 GB/6.2 GB   20 MB/s   3m18s[K[?25h[?2026l[?2026h[?25l[A[1Gpulling manifest [K
pulling 9657d5771484:  33% ▕█████             ▏ 2.1 GB/6.2 GB   20 MB/s   3m18s[K[?25h[?2026l[?2026h[?25l[A[1Gpulling manifest [K
pulling 9657d5771484:  33% ▕█████             ▏ 2.1 GB/6.2 GB   20 MB/s   3m18s[K[?25h[?2026l[?2026h[?25l[A[1Gpulling manifest [K
pulling 9657d5771484:  33% ▕█████             ▏ 2.1 GB/6.2 GB   20 MB/s   3m18s[K[?25h[?2026l[?2026h[?25l[A[1Gpulling manifest [K
pulling 9657d5771484:  33% ▕█████             ▏ 2.1 GB/6.2 GB   20 MB/s   3m18s[K[?25h[?2026l[?2026h[?25l[A[1Gpulling manifest [K
pulling 9657d5771484:  33% ▕█████             ▏ 2.1 GB/6.2 GB   20 MB/s   3m17s[K[?25h[?2026l[?2026h[?25l[A[1Gpulling manifest [K
pulling 9657d5771484:  33% ▕█████             ▏ 2.1 GB/6.2 GB   20 MB/s   3m17s[K[?25h[?2026l[?2026h[?25l[A[1Gpulling manifest [K
pulling 9657d5771484:  33% ▕█████             ▏ 2.1 GB/6.2 GB   21 MB/s   3m16s[K[?25h[?2026l[?2026h[?25l[A[1Gpulling manifest [K
pulling 9657d5771484:  33% ▕█████             ▏ 2.1 GB/6.2 GB   21 MB/s   3m16s[K[?25h[?2026l[?2026h[?25l[A[1Gpulling manifest [K
pulling 9657d5771484:  33% ▕██████            ▏ 2.1 GB/6.2 GB   21 MB/s   3m16s[K[?25h[?2026l[?2026h[?25l[A[1Gpulling manifest [K
pulling 9657d5771484:  33% ▕██████            ▏ 2.1 GB/6.2 GB   21 MB/s   3m16s[K[?25h[?2026l[?2026h[?25l[A[1Gpulling manifest [K
pulling 9657d5771484:  33% ▕██████            ▏ 2.1 GB/6.2 GB   21 MB/s   3m16s[K[?25h[?2026l[?2026h[?25l[A[1Gpulling manifest [K
pulling 9657d5771484:  33% ▕██████            ▏ 2.1 GB/6.2 GB   21 MB/s   3m16s[K[?25h[?2026l[?2026h[?25l[A[1Gpulling manifest [K
pulling 9657d5771484:  33% ▕██████            ▏ 2.1 GB/6.2 GB   21 MB/s   3m16s[K[?25h[?2026l[?2026h[?25l[A[1Gpulling manifest [K
pulling 9657d5771484:  34% ▕██████            ▏ 2.1 GB/6.2 GB   21 MB/s   3m16s[K[?25h[?2026l[?2026h[?25l[A[1Gpulling manifest [K
pulling 9657d5771484:  34% ▕██████            ▏ 2.1 GB/6.2 GB   21 MB/s   3m16s[K[?25h[?2026l[?2026h[?25l[A[1Gpulling manifest [K
pulling 9657d5771484:  34% ▕██████            ▏ 2.1 GB/6.2 GB   21 MB/s   3m16s[K[?25h[?2026l[?2026h[?25l[A[1Gpulling manifest [K
pulling 9657d5771484:  34% ▕██████            ▏ 2.1 GB/6.2 GB   20 MB/s   3m18s[K[?25h[?2026l[?2026h[?25l[A[1Gpulling manifest [K
pulling 9657d5771484:  34% ▕██████            ▏ 2.1 GB/6.2 GB   20 MB/s   3m17s[K[?25h[?2026l[?2026h[?25l[A[1Gpulling manifest [K
pulling 9657d5771484:  34% ▕██████            ▏ 2.1 GB/6.2 GB   20 MB/s   3m17s[K[?25h[?2026l[?2026h[?25l[A[1Gpulling manifest [K
pulling 9657d5771484:  34% ▕██████            ▏ 2.1 GB/6.2 GB   20 MB/s   3m17s[K[?25h[?2026l[?2026h[?25l[A[1Gpulling manifest [K
pulling 9657d5771484:  34% ▕██████            ▏ 2.1 GB/6.2 GB   20 MB/s   3m17s[K[?25h[?2026l[?2026h[?25l[A[1Gpulling manifest [K
pulling 9657d5771484:  34% ▕██████            ▏ 2.1 GB/6.2 GB   20 MB/s   3m17s[K[?25h[?2026l[?2026h[?25l[A[1Gpulling manifest [K
pulling 9657d5771484:  34% ▕██████            ▏ 2.1 GB/6.2 GB   20 MB/s   3m17s[K[?25h[?2026l[?2026h[?25l[A[1Gpulling manifest [K
pulling 9657d5771484:  34% ▕██████            ▏ 2.1 GB/6.2 GB   20 MB/s   3m17s[K[?25h[?2026l[?2026h[?25l[A[1Gpulling manifest [K
pulling 9657d5771484:  34% ▕██████            ▏ 2.1 GB/6.2 GB   20 MB/s   3m17s[K[?25h[?2026l[?2026h[?25l[A[1Gpulling manifest [K
pulling 9657d5771484:  34% ▕██████            ▏ 2.1 GB/6.2 GB   20 MB/s   3m17s[K[?25h[?2026l[?2026h[?25l[A[1Gpulling manifest [K
pulling 9657d5771484:  34% ▕██████            ▏ 2.1 GB/6.2 GB   20 MB/s   3m17s[K[?25h[?2026l[?2026h[?25l[A[1Gpulling manifest [K
pulling 9657d5771484:  34% ▕██████            ▏ 2.1 GB/6.2 GB   20 MB/s   3m17s[K[?25h[?2026l[?2026h[?25l[A[1Gpulling manifest [K
pulling 9657d5771484:  34% ▕██████            ▏ 2.1 GB/6.2 GB   20 MB/s   3m17s[K[?25h[?2026l[?2026h[?25l[A[1Gpulling manifest [K
pulling 9657d5771484:  34% ▕██████            ▏ 2.1 GB/6.2 GB   20 MB/s   3m17s[K[?25h[?2026l[?2026h[?25l[A[1Gpulling manifest [K
pulling 9657d5771484:  34% ▕██████            ▏ 2.1 GB/6.2 GB   20 MB/s   3m17s[K[?25h[?2026l[?2026h[?25l[A[1Gpulling manifest [K
pulling 9657d5771484:  34% ▕██████            ▏ 2.1 GB/6.2 GB   20 MB/s   3m17s[K[?25h[?2026l[?2026h[?25l[A[1Gpulling manifest [K
pulling 9657d5771484:  34% ▕██████            ▏ 2.1 GB/6.2 GB   20 MB/s   3m17s[K[?25h[?2026l[?2026h[?25l[A[1Gpulling manifest [K
pulling 9657d5771484:  34% ▕██████            ▏ 2.1 GB/6.2 GB   20 MB/s   3m17s[K[?25h[?2026l[?2026h[?25l[A[1Gpulling manifest [K
pulling 9657d5771484:  34% ▕██████            ▏ 2.1 GB/6.2 GB   20 MB/s   3m17s[K[?25h[?2026l[?2026h[?25l[A[1Gpulling manifest [K
pulling 9657d5771484:  34% ▕██████            ▏ 2.1 GB/6.2 GB   20 MB/s   3m17s[K[?25h[?2026l[?2026h[?25l[A[1Gpulling manifest [K
pulling 9657d5771484:  34% ▕██████            ▏ 2.1 GB/6.2 GB   20 MB/s   3m16s[K[?25h[?2026l[?2026h[?25l[A[1Gpulling manifest [K
pulling 9657d5771484:  34% ▕██████            ▏ 2.1 GB/6.2 GB   20 MB/s   3m18s[K[?25h[?2026l[?2026h[?25l[A[1Gpulling manifest [K
pulling 9657d5771484:  34% ▕██████            ▏ 2.1 GB/6.2 GB   20 MB/s   3m17s[K[?25h[?2026l[?2026h[?25l[A[1Gpulling manifest [K
pulling 9657d5771484:  34% ▕██████            ▏ 2.1 GB/6.2 GB   20 MB/s   3m17s[K[?25h[?2026l[?2026h[?25l[A[1Gpulling manifest [K
pulling 9657d5771484:  34% ▕██████            ▏ 2.1 GB/6.2 GB   20 MB/s   3m17s[K[?25h[?2026l[?2026h[?25l[A[1Gpulling manifest [K
pulling 9657d5771484:  34% ▕██████            ▏ 2.1 GB/6.2 GB   20 MB/s   3m17s[K[?25h[?2026l[?2026h[?25l[A[1Gpulling manifest [K
pulling 9657d5771484:  34% ▕██████            ▏ 2.1 GB/6.2 GB   20 MB/s   3m17s[K[?25h[?2026l[?2026h[?25l[A[1Gpulling manifest [K
pulling 9657d5771484:  34% ▕██████            ▏ 2.1 GB/6.2 GB   20 MB/s   3m17s[K[?25h[?2026l[?2026h[?25l[A[1Gpulling manifest [K
pulling 9657d5771484:  34% ▕██████            ▏ 2.1 GB/6.2 GB   20 MB/s   3m17s[K[?25h[?2026l[?2026h[?25l[A[1Gpulling manifest [K
pulling 9657d5771484:  34% ▕██████            ▏ 2.1 GB/6.2 GB   20 MB/s   3m17s[K[?25h[?2026l[?2026h[?25l[A[1Gpulling manifest [K
pulling 9657d5771484:  34% ▕██████            ▏ 2.1 GB/6.2 GB   20 MB/s   3m17s[K[?25h[?2026l[?2026h[?25l[A[1Gpulling manifest [K
pulling 9657d5771484:  34% ▕██████            ▏ 2.1 GB/6.2 GB   19 MB/s   3m25s[K[?25h[?2026l[?2026h[?25l[A[1Gpulling manifest [K
pulling 9657d5771484:  35% ▕██████            ▏ 2.1 GB/6.2 GB   19 MB/s   3m24s[K[?25h[?2026l[?2026h[?25l[A[1Gpulling manifest [K
pulling 9657d5771484:  35% ▕██████            ▏ 2.1 GB/6.2 GB   19 MB/s   3m24s[K[?25h[?2026l[?2026h[?25l[A[1Gpulling manifest [K
pulling 9657d5771484:  35% ▕██████            ▏ 2.1 GB/6.2 GB   19 MB/s   3m24s[K[?25h[?2026l[?2026h[?25l[A[1Gpulling manifest [K
pulling 9657d5771484:  35% ▕██████            ▏ 2.2 GB/6.2 GB   19 MB/s   3m24s[K[?25h[?2026l[?2026h[?25l[A[1Gpulling manifest [K
pulling 9657d5771484:  35% ▕██████            ▏ 2.2 GB/6.2 GB   19 MB/s   3m24s[K[?25h[?2026l[?2026h[?25l[A[1Gpulling manifest [K
pulling 9657d5771484:  35% ▕██████            ▏ 2.2 GB/6.2 GB   19 MB/s   3m24s[K[?25h[?2026l[?2026h[?25l[A[1Gpulling manifest [K
pulling 9657d5771484:  35% ▕██████            ▏ 2.2 GB/6.2 GB   19 MB/s   3m24s[K[?25h[?2026l[?2026h[?25l[A[1Gpulling manifest [K
pulling 9657d5771484:  35% ▕██████            ▏ 2.2 GB/6.2 GB   19 MB/s   3m24s[K[?25h[?2026l[?2026h[?25l[A[1Gpulling manifest [K
pulling 9657d5771484:  35% ▕██████            ▏ 2.2 GB/6.2 GB   19 MB/s   3m24s[K[?25h[?2026l[?2026h[?25l[A[1Gpulling manifest [K
pulling 9657d5771484:  35% ▕██████            ▏ 2.2 GB/6.2 GB   19 MB/s   3m25s[K[?25h[?2026l[?2026h[?25l[A[1Gpulling manifest [K
pulling 9657d5771484:  35% ▕██████            ▏ 2.2 GB/6.2 GB   19 MB/s   3m25s[K[?25h[?2026l[?2026h[?25l[A[1Gpulling manifest [K
pulling 9657d5771484:  35% ▕██████            ▏ 2.2 GB/6.2 GB   19 MB/s   3m25s[K[?25h[?2026l[?2026h[?25l[A[1Gpulling manifest [K
pulling 9657d5771484:  35% ▕██████            ▏ 2.2 GB/6.2 GB   19 MB/s   3m25s[K[?25h[?2026l[?2026h[?25l[A[1Gpulling manifest [K
pulling 9657d5771484:  35% ▕██████            ▏ 2.2 GB/6.2 GB   19 MB/s   3m25s[K[?25h[?2026l[?2026h[?25l[A[1Gpulling manifest [K
pulling 9657d5771484:  35% ▕██████            ▏ 2.2 GB/6.2 GB   19 MB/s   3m25s[K[?25h[?2026l[?2026h[?25l[A[1Gpulling manifest [K
pulling 9657d5771484:  35% ▕██████            ▏ 2.2 GB/6.2 GB   19 MB/s   3m25s[K[?25h[?2026l[?2026h[?25l[A[1Gpulling manifest [K
pulling 9657d5771484:  35% ▕██████            ▏ 2.2 GB/6.2 GB   19 MB/s   3m24s[K[?25h[?2026l[?2026h[?25l[A[1Gpulling manifest [K
pulling 9657d5771484:  35% ▕██████            ▏ 2.2 GB/6.2 GB   19 MB/s   3m24s[K[?25h[?2026l[?2026h[?25l[A[1Gpulling manifest [K
pulling 9657d5771484:  35% ▕██████            ▏ 2.2 GB/6.2 GB   19 MB/s   3m24s[K[?25h[?2026l[?2026h[?25l[A[1Gpulling manifest [K
pulling 9657d5771484:  35% ▕██████            ▏ 2.2 GB/6.2 GB   19 MB/s   3m26s[K[?25h[?2026l[?2026h[?25l[A[1Gpulling manifest [K
pulling 9657d5771484:  35% ▕██████            ▏ 2.2 GB/6.2 GB   19 MB/s   3m26s[K[?25h[?2026l[?2026h[?25l[A[1Gpulling manifest [K
pulling 9657d5771484:  35% ▕██████            ▏ 2.2 GB/6.2 GB   19 MB/s   3m26s[K[?25h[?2026l[?2026h[?25l[A[1Gpulling manifest [K
pulling 9657d5771484:  35% ▕██████            ▏ 2.2 GB/6.2 GB   19 MB/s   3m26s[K[?25h[?2026l[?2026h[?25l[A[1Gpulling manifest [K
pulling 9657d5771484:  35% ▕██████            ▏ 2.2 GB/6.2 GB   19 MB/s   3m26s[K[?25h[?2026l[?2026h[?25l[A[1Gpulling manifest [K
pulling 9657d5771484:  35% ▕██████            ▏ 2.2 GB/6.2 GB   19 MB/s   3m26s[K[?25h[?2026l[?2026h[?25l[A[1Gpulling manifest [K
pulling 9657d5771484:  35% ▕██████            ▏ 2.2 GB/6.2 GB   19 MB/s   3m26s[K[?25h[?2026l[?2026h[?25l[A[1Gpulling manifest [K
pulling 9657d5771484:  35% ▕██████            ▏ 2.2 GB/6.2 GB   19 MB/s   3m25s[K[?25h[?2026l[?2026h[?25l[A[1Gpulling manifest [K
pulling 9657d5771484:  35% ▕██████            ▏ 2.2 GB/6.2 GB   19 MB/s   3m25s[K[?25h[?2026l[?2026h[?25l[A[1Gpulling manifest [K
pulling 9657d5771484:  35% ▕██████            ▏ 2.2 GB/6.2 GB   19 MB/s   3m25s[K[?25h[?2026l[?2026h[?25l[A[1Gpulling manifest [K
pulling 9657d5771484:  35% ▕██████            ▏ 2.2 GB/6.2 GB   19 MB/s   3m28s[K[?25h[?2026l[?2026h[?25l[A[1Gpulling manifest [K
pulling 9657d5771484:  35% ▕██████            ▏ 2.2 GB/6.2 GB   19 MB/s   3m28s[K[?25h[?2026l[?2026h[?25l[A[1Gpulling manifest [K
pulling 9657d5771484:  35% ▕██████            ▏ 2.2 GB/6.2 GB   19 MB/s   3m27s[K[?25h[?2026l[?2026h[?25l[A[1Gpulling manifest [K
pulling 9657d5771484:  36% ▕██████            ▏ 2.2 GB/6.2 GB   19 MB/s   3m27s[K[?25h[?2026l[?2026h[?25l[A[1Gpulling manifest [K
pulling 9657d5771484:  36% ▕██████            ▏ 2.2 GB/6.2 GB   19 MB/s   3m27s[K[?25h[?2026l[?2026h[?25l[A[1Gpulling manifest [K
pulling 9657d5771484:  36% ▕██████            ▏ 2.2 GB/6.2 GB   19 MB/s   3m27s[K[?25h[?2026l[?2026h[?25l[A[1Gpulling manifest [K
pulling 9657d5771484:  36% ▕██████            ▏ 2.2 GB/6.2 GB   19 MB/s   3m27s[K[?25h[?2026l[?2026h[?25l[A[1Gpulling manifest [K
pulling 9657d5771484:  36% ▕██████            ▏ 2.2 GB/6.2 GB   19 MB/s   3m27s[K[?25h[?2026l[?2026h[?25l[A[1Gpulling manifest [K
pulling 9657d5771484:  36% ▕██████            ▏ 2.2 GB/6.2 GB   19 MB/s   3m27s[K[?25h[?2026l[?2026h[?25l[A[1Gpulling manifest [K
pulling 9657d5771484:  36% ▕██████            ▏ 2.2 GB/6.2 GB   19 MB/s   3m27s[K[?25h[?2026l[?2026h[?25l[A[1Gpulling manifest [K
pulling 9657d5771484:  36% ▕██████            ▏ 2.2 GB/6.2 GB   19 MB/s   3m27s[K[?25h[?2026l[?2026h[?25l[A[1Gpulling manifest [K
pulling 9657d5771484:  36% ▕██████            ▏ 2.2 GB/6.2 GB   19 MB/s   3m23s[K[?25h[?2026l[?2026h[?25l[A[1Gpulling manifest [K
pulling 9657d5771484:  36% ▕██████            ▏ 2.2 GB/6.2 GB   19 MB/s   3m23s[K[?25h[?2026l[?2026h[?25l[A[1Gpulling manifest [K
pulling 9657d5771484:  36% ▕██████            ▏ 2.2 GB/6.2 GB   19 MB/s   3m23s[K[?25h[?2026l[?2026h[?25l[A[1Gpulling manifest [K
pulling 9657d5771484:  36% ▕██████            ▏ 2.2 GB/6.2 GB   19 MB/s   3m23s[K[?25h[?2026l[?2026h[?25l[A[1Gpulling manifest [K
pulling 9657d5771484:  36% ▕██████            ▏ 2.2 GB/6.2 GB   19 MB/s   3m23s[K[?25h[?2026l[?2026h[?25l[A[1Gpulling manifest [K
pulling 9657d5771484:  36% ▕██████            ▏ 2.2 GB/6.2 GB   19 MB/s   3m23s[K[?25h[?2026l[?2026h[?25l[A[1Gpulling manifest [K
pulling 9657d5771484:  36% ▕██████            ▏ 2.2 GB/6.2 GB   19 MB/s   3m23s[K[?25h[?2026l[?2026h[?25l[A[1Gpulling manifest [K
pulling 9657d5771484:  36% ▕██████            ▏ 2.2 GB/6.2 GB   19 MB/s   3m23s[K[?25h[?2026l[?2026h[?25l[A[1Gpulling manifest [K
pulling 9657d5771484:  36% ▕██████            ▏ 2.2 GB/6.2 GB   19 MB/s   3m23s[K[?25h[?2026l[?2026h[?25l[A[1Gpulling manifest [K
pulling 9657d5771484:  36% ▕██████            ▏ 2.2 GB/6.2 GB   19 MB/s   3m22s[K[?25h[?2026l[?2026h[?25l[A[1Gpulling manifest [K
pulling 9657d5771484:  36% ▕██████            ▏ 2.2 GB/6.2 GB   18 MB/s   3m29s[K[?25h[?2026l[?2026h[?25l[A[1Gpulling manifest [K
pulling 9657d5771484:  36% ▕██████            ▏ 2.2 GB/6.2 GB   18 MB/s   3m29s[K[?25h[?2026l[?2026h[?25l[A[1Gpulling manifest [K
pulling 9657d5771484:  36% ▕██████            ▏ 2.2 GB/6.2 GB   18 MB/s   3m29s[K[?25h[?2026l[?2026h[?25l[A[1Gpulling manifest [K
pulling 9657d5771484:  36% ▕██████            ▏ 2.2 GB/6.2 GB   18 MB/s   3m29s[K[?25h[?2026l[?2026h[?25l[A[1Gpulling manifest [K
pulling 9657d5771484:  36% ▕██████            ▏ 2.2 GB/6.2 GB   18 MB/s   3m29s[K[?25h[?2026l[?2026h[?25l[A[1Gpulling manifest [K
pulling 9657d5771484:  36% ▕██████            ▏ 2.2 GB/6.2 GB   18 MB/s   3m29s[K[?25h[?2026l[?2026h[?25l[A[1Gpulling manifest [K
pulling 9657d5771484:  36% ▕██████            ▏ 2.3 GB/6.2 GB   18 MB/s   3m29s[K[?25h[?2026l[?2026h[?25l[A[1Gpulling manifest [K
pulling 9657d5771484:  36% ▕██████            ▏ 2.3 GB/6.2 GB   18 MB/s   3m29s[K[?25h[?2026l[?2026h[?25l[A[1Gpulling manifest [K
pulling 9657d5771484:  36% ▕██████            ▏ 2.3 GB/6.2 GB   18 MB/s   3m29s[K[?25h[?2026l[?2026h[?25l[A[1Gpulling manifest [K
pulling 9657d5771484:  36% ▕██████            ▏ 2.3 GB/6.2 GB   18 MB/s   3m28s[K[?25h[?2026l[?2026h[?25l[A[1Gpulling manifest [K
pulling 9657d5771484:  36% ▕██████            ▏ 2.3 GB/6.2 GB   18 MB/s   3m30s[K[?25h[?2026l[?2026h[?25l[A[1Gpulling manifest [K
pulling 9657d5771484:  36% ▕██████            ▏ 2.3 GB/6.2 GB   18 MB/s   3m30s[K[?25h[?2026l[?2026h[?25l[A[1Gpulling manifest [K
pulling 9657d5771484:  36% ▕██████            ▏ 2.3 GB/6.2 GB   18 MB/s   3m29s[K[?25h[?2026l[?2026h[?25l[A[1Gpulling manifest [K
pulling 9657d5771484:  36% ▕██████            ▏ 2.3 GB/6.2 GB   18 MB/s   3m29s[K[?25h[?2026l[?2026h[?25l[A[1Gpulling manifest [K
pulling 9657d5771484:  36% ▕██████            ▏ 2.3 GB/6.2 GB   18 MB/s   3m29s[K[?25h[?2026l[?2026h[?25l[A[1Gpulling manifest [K
pulling 9657d5771484:  36% ▕██████            ▏ 2.3 GB/6.2 GB   18 MB/s   3m29s[K[?25h[?2026l[?2026h[?25l[A[1Gpulling manifest [K
pulling 9657d5771484:  37% ▕██████            ▏ 2.3 GB/6.2 GB   18 MB/s   3m29s[K[?25h[?2026l[?2026h[?25l[A[1Gpulling manifest [K
pulling 9657d5771484:  37% ▕██████            ▏ 2.3 GB/6.2 GB   18 MB/s   3m29s[K[?25h[?2026l[?2026h[?25l[A[1Gpulling manifest [K
pulling 9657d5771484:  37% ▕██████            ▏ 2.3 GB/6.2 GB   18 MB/s   3m29s[K[?25h[?2026l[?2026h[?25l[A[1Gpulling manifest [K
pulling 9657d5771484:  37% ▕██████            ▏ 2.3 GB/6.2 GB   18 MB/s   3m29s[K[?25h[?2026l[?2026h[?25l[A[1Gpulling manifest [K
pulling 9657d5771484:  37% ▕██████            ▏ 2.3 GB/6.2 GB   18 MB/s   3m27s[K[?25h[?2026l[?2026h[?25l[A[1Gpulling manifest [K
pulling 9657d5771484:  37% ▕██████            ▏ 2.3 GB/6.2 GB   18 MB/s   3m27s[K[?25h[?2026l[?2026h[?25l[A[1Gpulling manifest [K
pulling 9657d5771484:  37% ▕██████            ▏ 2.3 GB/6.2 GB   18 MB/s   3m27s[K[?25h[?2026l[?2026h[?25l[A[1Gpulling manifest [K
pulling 9657d5771484:  37% ▕██████            ▏ 2.3 GB/6.2 GB   18 MB/s   3m27s[K[?25h[?2026l[?2026h[?25l[A[1Gpulling manifest [K
pulling 9657d5771484:  37% ▕██████            ▏ 2.3 GB/6.2 GB   18 MB/s   3m27s[K[?25h[?2026l[?2026h[?25l[A[1Gpulling manifest [K
pulling 9657d5771484:  37% ▕██████            ▏ 2.3 GB/6.2 GB   18 MB/s   3m27s[K[?25h[?2026l[?2026h[?25l[A[1Gpulling manifest [K
pulling 9657d5771484:  37% ▕██████            ▏ 2.3 GB/6.2 GB   18 MB/s   3m26s[K[?25h[?2026l[?2026h[?25l[A[1Gpulling manifest [K
pulling 9657d5771484:  37% ▕██████            ▏ 2.3 GB/6.2 GB   18 MB/s   3m26s[K[?25h[?2026l[?2026h[?25l[A[1Gpulling manifest [K
pulling 9657d5771484:  37% ▕██████            ▏ 2.3 GB/6.2 GB   18 MB/s   3m26s[K[?25h[?2026l[?2026h[?25l[A[1Gpulling manifest [K
pulling 9657d5771484:  37% ▕██████            ▏ 2.3 GB/6.2 GB   18 MB/s   3m26s[K[?25h[?2026l[?2026h[?25l[A[1Gpulling manifest [K
pulling 9657d5771484:  37% ▕██████            ▏ 2.3 GB/6.2 GB   19 MB/s   3m24s[K[?25h[?2026l[?2026h[?25l[A[1Gpulling manifest [K
pulling 9657d5771484:  37% ▕██████            ▏ 2.3 GB/6.2 GB   19 MB/s   3m24s[K[?25h[?2026l[?2026h[?25l[A[1Gpulling manifest [K
pulling 9657d5771484:  37% ▕██████            ▏ 2.3 GB/6.2 GB   19 MB/s   3m24s[K[?25h[?2026l[?2026h[?25l[A[1Gpulling manifest [K
pulling 9657d5771484:  37% ▕██████            ▏ 2.3 GB/6.2 GB   19 MB/s   3m24s[K[?25h[?2026l[?2026h[?25l[A[1Gpulling manifest [K
pulling 9657d5771484:  37% ▕██████            ▏ 2.3 GB/6.2 GB   19 MB/s   3m24s[K[?25h[?2026l[?2026h[?25l[A[1Gpulling manifest [K
pulling 9657d5771484:  37% ▕██████            ▏ 2.3 GB/6.2 GB   19 MB/s   3m24s[K[?25h[?2026l[?2026h[?25l[A[1Gpulling manifest [K
pulling 9657d5771484:  37% ▕██████            ▏ 2.3 GB/6.2 GB   19 MB/s   3m24s[K[?25h[?2026l[?2026h[?25l[A[1Gpulling manifest [K
pulling 9657d5771484:  37% ▕██████            ▏ 2.3 GB/6.2 GB   19 MB/s   3m23s[K[?25h[?2026l[?2026h[?25l[A[1Gpulling manifest [K
pulling 9657d5771484:  37% ▕██████            ▏ 2.3 GB/6.2 GB   19 MB/s   3m23s[K[?25h[?2026l[?2026h[?25l[A[1Gpulling manifest [K
pulling 9657d5771484:  37% ▕██████            ▏ 2.3 GB/6.2 GB   19 MB/s   3m23s[K[?25h[?2026l[?2026h[?25l[A[1Gpulling manifest [K
pulling 9657d5771484:  37% ▕██████            ▏ 2.3 GB/6.2 GB   19 MB/s   3m23s[K[?25h[?2026l[?2026h[?25l[A[1Gpulling manifest [K
pulling 9657d5771484:  37% ▕██████            ▏ 2.3 GB/6.2 GB   19 MB/s   3m16s[K[?25h[?2026l[?2026h[?25l[A[1Gpulling manifest [K
pulling 9657d5771484:  37% ▕██████            ▏ 2.3 GB/6.2 GB   19 MB/s   3m16s[K[?25h[?2026l[?2026h[?25l[A[1Gpulling manifest [K
pulling 9657d5771484:  37% ▕██████            ▏ 2.3 GB/6.2 GB   19 MB/s   3m16s[K[?25h[?2026l[?2026h[?25l[A[1Gpulling manifest [K
pulling 9657d5771484:  37% ▕██████            ▏ 2.3 GB/6.2 GB   19 MB/s   3m16s[K[?25h[?2026l[?2026h[?25l[A[1Gpulling manifest [K
pulling 9657d5771484:  37% ▕██████            ▏ 2.3 GB/6.2 GB   19 MB/s   3m16s[K[?25h[?2026l[?2026h[?25l[A[1Gpulling manifest [K
pulling 9657d5771484:  37% ▕██████            ▏ 2.3 GB/6.2 GB   19 MB/s   3m16s[K[?25h[?2026l[?2026h[?25l[A[1Gpulling manifest [K
pulling 9657d5771484:  38% ▕██████            ▏ 2.3 GB/6.2 GB   19 MB/s   3m16s[K[?25h[?2026l[?2026h[?25l[A[1Gpulling manifest [K
pulling 9657d5771484:  38% ▕██████            ▏ 2.3 GB/6.2 GB   19 MB/s   3m16s[K[?25h[?2026l[?2026h[?25l[A[1Gpulling manifest [K
pulling 9657d5771484:  38% ▕██████            ▏ 2.3 GB/6.2 GB   19 MB/s   3m15s[K[?25h[?2026l[?2026h[?25l[A[1Gpulling manifest [K
pulling 9657d5771484:  38% ▕██████            ▏ 2.3 GB/6.2 GB   19 MB/s   3m15s[K[?25h[?2026l[?2026h[?25l[A[1Gpulling manifest [K
pulling 9657d5771484:  38% ▕██████            ▏ 2.3 GB/6.2 GB   19 MB/s   3m16s[K[?25h[?2026l[?2026h[?25l[A[1Gpulling manifest [K
pulling 9657d5771484:  38% ▕██████            ▏ 2.3 GB/6.2 GB   19 MB/s   3m16s[K[?25h[?2026l[?2026h[?25l[A[1Gpulling manifest [K
pulling 9657d5771484:  38% ▕██████            ▏ 2.3 GB/6.2 GB   19 MB/s   3m16s[K[?25h[?2026l[?2026h[?25l[A[1Gpulling manifest [K
pulling 9657d5771484:  38% ▕██████            ▏ 2.3 GB/6.2 GB   19 MB/s   3m16s[K[?25h[?2026l[?2026h[?25l[A[1Gpulling manifest [K
pulling 9657d5771484:  38% ▕██████            ▏ 2.3 GB/6.2 GB   19 MB/s   3m16s[K[?25h[?2026l[?2026h[?25l[A[1Gpulling manifest [K
pulling 9657d5771484:  38% ▕██████            ▏ 2.3 GB/6.2 GB   19 MB/s   3m16s[K[?25h[?2026l[?2026h[?25l[A[1Gpulling manifest [K
pulling 9657d5771484:  38% ▕██████            ▏ 2.4 GB/6.2 GB   19 MB/s   3m16s[K[?25h[?2026l[?2026h[?25l[A[1Gpulling manifest [K
pulling 9657d5771484:  38% ▕██████            ▏ 2.4 GB/6.2 GB   19 MB/s   3m15s[K[?25h[?2026l[?2026h[?25l[A[1Gpulling manifest [K
pulling 9657d5771484:  38% ▕██████            ▏ 2.4 GB/6.2 GB   19 MB/s   3m15s[K[?25h[?2026l[?2026h[?25l[A[1Gpulling manifest [K
pulling 9657d5771484:  38% ▕██████            ▏ 2.4 GB/6.2 GB   19 MB/s   3m15s[K[?25h[?2026l[?2026h[?25l[A[1Gpulling manifest [K
pulling 9657d5771484:  38% ▕██████            ▏ 2.4 GB/6.2 GB   19 MB/s   3m17s[K[?25h[?2026l[?2026h[?25l[A[1Gpulling manifest [K
pulling 9657d5771484:  38% ▕██████            ▏ 2.4 GB/6.2 GB   19 MB/s   3m17s[K[?25h[?2026l[?2026h[?25l[A[1Gpulling manifest [K
pulling 9657d5771484:  38% ▕██████            ▏ 2.4 GB/6.2 GB   19 MB/s   3m17s[K[?25h[?2026l[?2026h[?25l[A[1Gpulling manifest [K
pulling 9657d5771484:  38% ▕██████            ▏ 2.4 GB/6.2 GB   19 MB/s   3m17s[K[?25h[?2026l[?2026h[?25l[A[1Gpulling manifest [K
pulling 9657d5771484:  38% ▕██████            ▏ 2.4 GB/6.2 GB   19 MB/s   3m17s[K[?25h[?2026l[?2026h[?25l[A[1Gpulling manifest [K
pulling 9657d5771484:  38% ▕██████            ▏ 2.4 GB/6.2 GB   19 MB/s   3m16s[K[?25h[?2026l[?2026h[?25l[A[1Gpulling manifest [K
pulling 9657d5771484:  38% ▕██████            ▏ 2.4 GB/6.2 GB   19 MB/s   3m16s[K[?25h[?2026l[?2026h[?25l[A[1Gpulling manifest [K
pulling 9657d5771484:  38% ▕██████            ▏ 2.4 GB/6.2 GB   19 MB/s   3m16s[K[?25h[?2026l[?2026h[?25l[A[1Gpulling manifest [K
pulling 9657d5771484:  38% ▕██████            ▏ 2.4 GB/6.2 GB   19 MB/s   3m16s[K[?25h[?2026l[?2026h[?25l[A[1Gpulling manifest [K
pulling 9657d5771484:  38% ▕██████            ▏ 2.4 GB/6.2 GB   19 MB/s   3m16s[K[?25h[?2026l[?2026h[?25l[A[1Gpulling manifest [K
pulling 9657d5771484:  38% ▕██████            ▏ 2.4 GB/6.2 GB   19 MB/s   3m16s[K[?25h[?2026l[?2026h[?25l[A[1Gpulling manifest [K
pulling 9657d5771484:  38% ▕██████            ▏ 2.4 GB/6.2 GB   19 MB/s   3m16s[K[?25h[?2026l[?2026h[?25l[A[1Gpulling manifest [K
pulling 9657d5771484:  38% ▕██████            ▏ 2.4 GB/6.2 GB   19 MB/s   3m16s[K[?25h[?2026l[?2026h[?25l[A[1Gpulling manifest [K
pulling 9657d5771484:  38% ▕██████            ▏ 2.4 GB/6.2 GB   19 MB/s   3m16s[K[?25h[?2026l[?2026h[?25l[A[1Gpulling manifest [K
pulling 9657d5771484:  38% ▕██████            ▏ 2.4 GB/6.2 GB   19 MB/s   3m16s[K[?25h[?2026l[?2026h[?25l[A[1Gpulling manifest [K
pulling 9657d5771484:  38% ▕██████            ▏ 2.4 GB/6.2 GB   19 MB/s   3m16s[K[?25h[?2026l[?2026h[?25l[A[1Gpulling manifest [K
pulling 9657d5771484:  38% ▕██████            ▏ 2.4 GB/6.2 GB   19 MB/s   3m16s[K[?25h[?2026l[?2026h[?25l[A[1Gpulling manifest [K
pulling 9657d5771484:  38% ▕██████            ▏ 2.4 GB/6.2 GB   19 MB/s   3m16s[K[?25h[?2026l[?2026h[?25l[A[1Gpulling manifest [K
pulling 9657d5771484:  38% ▕██████            ▏ 2.4 GB/6.2 GB   19 MB/s   3m16s[K[?25h[?2026l[?2026h[?25l[A[1Gpulling manifest [K
pulling 9657d5771484:  39% ▕██████            ▏ 2.4 GB/6.2 GB   19 MB/s   3m16s[K[?25h[?2026l[?2026h[?25l[A[1Gpulling manifest [K
pulling 9657d5771484:  39% ▕██████            ▏ 2.4 GB/6.2 GB   19 MB/s   3m17s[K[?25h[?2026l[?2026h[?25l[A[1Gpulling manifest [K
pulling 9657d5771484:  39% ▕██████            ▏ 2.4 GB/6.2 GB   19 MB/s   3m16s[K[?25h[?2026l[?2026h[?25l[A[1Gpulling manifest [K
pulling 9657d5771484:  39% ▕██████            ▏ 2.4 GB/6.2 GB   19 MB/s   3m16s[K[?25h[?2026l[?2026h[?25l[A[1Gpulling manifest [K
pulling 9657d5771484:  39% ▕██████            ▏ 2.4 GB/6.2 GB   19 MB/s   3m16s[K[?25h[?2026l[?2026h[?25l[A[1Gpulling manifest [K
pulling 9657d5771484:  39% ▕██████            ▏ 2.4 GB/6.2 GB   19 MB/s   3m16s[K[?25h[?2026l[?2026h[?25l[A[1Gpulling manifest [K
pulling 9657d5771484:  39% ▕██████            ▏ 2.4 GB/6.2 GB   19 MB/s   3m16s[K[?25h[?2026l[?2026h[?25l[A[1Gpulling manifest [K
pulling 9657d5771484:  39% ▕██████            ▏ 2.4 GB/6.2 GB   19 MB/s   3m16s[K[?25h[?2026l[?2026h[?25l[A[1Gpulling manifest [K
pulling 9657d5771484:  39% ▕██████            ▏ 2.4 GB/6.2 GB   19 MB/s   3m16s[K[?25h[?2026l[?2026h[?25l[A[1Gpulling manifest [K
pulling 9657d5771484:  39% ▕██████            ▏ 2.4 GB/6.2 GB   19 MB/s   3m16s[K[?25h[?2026l[?2026h[?25l[A[1Gpulling manifest [K
pulling 9657d5771484:  39% ▕██████            ▏ 2.4 GB/6.2 GB   19 MB/s   3m16s[K[?25h[?2026l[?2026h[?25l[A[1Gpulling manifest [K
pulling 9657d5771484:  39% ▕██████            ▏ 2.4 GB/6.2 GB   19 MB/s   3m16s[K[?25h[?2026l[?2026h[?25l[A[1Gpulling manifest [K
pulling 9657d5771484:  39% ▕███████           ▏ 2.4 GB/6.2 GB   19 MB/s   3m11s[K[?25h[?2026l[?2026h[?25l[A[1Gpulling manifest [K
pulling 9657d5771484:  39% ▕███████           ▏ 2.4 GB/6.2 GB   19 MB/s   3m11s[K[?25h[?2026l[?2026h[?25l[A[1Gpulling manifest [K
pulling 9657d5771484:  39% ▕███████           ▏ 2.4 GB/6.2 GB   19 MB/s   3m11s[K[?25h[?2026l[?2026h[?25l[A[1Gpulling manifest [K
pulling 9657d5771484:  39% ▕███████           ▏ 2.4 GB/6.2 GB   19 MB/s   3m11s[K[?25h[?2026l[?2026h[?25l[A[1Gpulling manifest [K
pulling 9657d5771484:  39% ▕███████           ▏ 2.4 GB/6.2 GB   19 MB/s   3m11s[K[?25h[?2026l[?2026h[?25l[A[1Gpulling manifest [K
pulling 9657d5771484:  39% ▕███████           ▏ 2.4 GB/6.2 GB   19 MB/s   3m11s[K[?25h[?2026l[?2026h[?25l[A[1Gpulling manifest [K
pulling 9657d5771484:  39% ▕███████           ▏ 2.4 GB/6.2 GB   19 MB/s   3m11s[K[?25h[?2026l[?2026h[?25l[A[1Gpulling manifest [K
pulling 9657d5771484:  39% ▕███████           ▏ 2.4 GB/6.2 GB   19 MB/s   3m10s[K[?25h[?2026l[?2026h[?25l[A[1Gpulling manifest [K
pulling 9657d5771484:  39% ▕███████           ▏ 2.4 GB/6.2 GB   19 MB/s   3m10s[K[?25h[?2026l[?2026h[?25l[A[1Gpulling manifest [K
pulling 9657d5771484:  39% ▕███████           ▏ 2.4 GB/6.2 GB   19 MB/s   3m10s[K[?25h[?2026l[?2026h[?25l[A[1Gpulling manifest [K
pulling 9657d5771484:  39% ▕███████           ▏ 2.4 GB/6.2 GB   18 MB/s   3m20s[K[?25h[?2026l[?2026h[?25l[A[1Gpulling manifest [K
pulling 9657d5771484:  39% ▕███████           ▏ 2.4 GB/6.2 GB   18 MB/s   3m20s[K[?25h[?2026l[?2026h[?25l[A[1Gpulling manifest [K
pulling 9657d5771484:  39% ▕███████           ▏ 2.4 GB/6.2 GB   18 MB/s   3m20s[K[?25h[?2026l[?2026h[?25l[A[1Gpulling manifest [K
pulling 9657d5771484:  39% ▕███████           ▏ 2.4 GB/6.2 GB   18 MB/s   3m20s[K[?25h[?2026l[?2026h[?25l[A[1Gpulling manifest [K
pulling 9657d5771484:  39% ▕███████           ▏ 2.4 GB/6.2 GB   18 MB/s   3m20s[K[?25h[?2026l[?2026h[?25l[A[1Gpulling manifest [K
pulling 9657d5771484:  39% ▕███████           ▏ 2.4 GB/6.2 GB   18 MB/s   3m20s[K[?25h[?2026l[?2026h[?25l[A[1Gpulling manifest [K
pulling 9657d5771484:  39% ▕███████           ▏ 2.4 GB/6.2 GB   18 MB/s   3m20s[K[?25h[?2026l[?2026h[?25l[A[1Gpulling manifest [K
pulling 9657d5771484:  39% ▕███████           ▏ 2.4 GB/6.2 GB   18 MB/s   3m20s[K[?25h[?2026l[?2026h[?25l[A[1Gpulling manifest [K
pulling 9657d5771484:  39% ▕███████           ▏ 2.4 GB/6.2 GB   18 MB/s   3m20s[K[?25h[?2026l[?2026h[?25l[A[1Gpulling manifest [K
pulling 9657d5771484:  39% ▕███████           ▏ 2.4 GB/6.2 GB   18 MB/s   3m20s[K[?25h[?2026l[?2026h[?25l[A[1Gpulling manifest [K
pulling 9657d5771484:  39% ▕███████           ▏ 2.4 GB/6.2 GB   17 MB/s   3m30s[K[?25h[?2026l[?2026h[?25l[A[1Gpulling manifest [K
pulling 9657d5771484:  39% ▕███████           ▏ 2.4 GB/6.2 GB   17 MB/s   3m30s[K[?25h[?2026l[?2026h[?25l[A[1Gpulling manifest [K
pulling 9657d5771484:  39% ▕███████           ▏ 2.4 GB/6.2 GB   17 MB/s   3m30s[K[?25h[?2026l[?2026h[?25l[A[1Gpulling manifest [K
pulling 9657d5771484:  39% ▕███████           ▏ 2.4 GB/6.2 GB   17 MB/s   3m30s[K[?25h[?2026l[?2026h[?25l[A[1Gpulling manifest [K
pulling 9657d5771484:  39% ▕███████           ▏ 2.4 GB/6.2 GB   17 MB/s   3m30s[K[?25h[?2026l[?2026h[?25l[A[1Gpulling manifest [K
pulling 9657d5771484:  39% ▕███████           ▏ 2.4 GB/6.2 GB   17 MB/s   3m30s[K[?25h[?2026l[?2026h[?25l[A[1Gpulling manifest [K
pulling 9657d5771484:  39% ▕███████           ▏ 2.4 GB/6.2 GB   17 MB/s   3m30s[K[?25h[?2026l[?2026h[?25l[A[1Gpulling manifest [K
pulling 9657d5771484:  39% ▕███████           ▏ 2.4 GB/6.2 GB   17 MB/s   3m30s[K[?25h[?2026l[?2026h[?25l[A[1Gpulling manifest [K
pulling 9657d5771484:  39% ▕███████           ▏ 2.5 GB/6.2 GB   17 MB/s   3m29s[K[?25h[?2026l[?2026h[?25l[A[1Gpulling manifest [K
pulling 9657d5771484:  39% ▕███████           ▏ 2.5 GB/6.2 GB   17 MB/s   3m29s[K[?25h[?2026l[?2026h[?25l[A[1Gpulling manifest [K
pulling 9657d5771484:  39% ▕███████           ▏ 2.5 GB/6.2 GB   16 MB/s   3m44s[K[?25h[?2026l[?2026h[?25l[A[1Gpulling manifest [K
pulling 9657d5771484:  39% ▕███████           ▏ 2.5 GB/6.2 GB   16 MB/s   3m44s[K[?25h[?2026l[?2026h[?25l[A[1Gpulling manifest [K
pulling 9657d5771484:  39% ▕███████           ▏ 2.5 GB/6.2 GB   16 MB/s   3m44s[K[?25h[?2026l[?2026h[?25l[A[1Gpulling manifest [K
pulling 9657d5771484:  39% ▕███████           ▏ 2.5 GB/6.2 GB   16 MB/s   3m44s[K[?25h[?2026l[?2026h[?25l[A[1Gpulling manifest [K
pulling 9657d5771484:  40% ▕███████           ▏ 2.5 GB/6.2 GB   16 MB/s   3m44s[K[?25h[?2026l[?2026h[?25l[A[1Gpulling manifest [K
pulling 9657d5771484:  40% ▕███████           ▏ 2.5 GB/6.2 GB   16 MB/s   3m43s[K[?25h[?2026l[?2026h[?25l[A[1Gpulling manifest [K
pulling 9657d5771484:  40% ▕███████           ▏ 2.5 GB/6.2 GB   16 MB/s   3m43s[K[?25h[?2026l[?2026h[?25l[A[1Gpulling manifest [K
pulling 9657d5771484:  40% ▕███████           ▏ 2.5 GB/6.2 GB   16 MB/s   3m43s[K[?25h[?2026l[?2026h[?25l[A[1Gpulling manifest [K
pulling 9657d5771484:  40% ▕███████           ▏ 2.5 GB/6.2 GB   16 MB/s   3m43s[K[?25h[?2026l[?2026h[?25l[A[1Gpulling manifest [K
pulling 9657d5771484:  40% ▕███████           ▏ 2.5 GB/6.2 GB   16 MB/s   3m43s[K[?25h[?2026l[?2026h[?25l[A[1Gpulling manifest [K
pulling 9657d5771484:  40% ▕███████           ▏ 2.5 GB/6.2 GB   15 MB/s   3m55s[K[?25h[?2026l[?2026h[?25l[A[1Gpulling manifest [K
pulling 9657d5771484:  40% ▕███████           ▏ 2.5 GB/6.2 GB   15 MB/s   3m55s[K[?25h[?2026l[?2026h[?25l[A[1Gpulling manifest [K
pulling 9657d5771484:  40% ▕███████           ▏ 2.5 GB/6.2 GB   15 MB/s   3m55s[K[?25h[?2026l[?2026h[?25l[A[1Gpulling manifest [K
pulling 9657d5771484:  40% ▕███████           ▏ 2.5 GB/6.2 GB   15 MB/s   3m55s[K[?25h[?2026l[?2026h[?25l[A[1Gpulling manifest [K
pulling 9657d5771484:  40% ▕███████           ▏ 2.5 GB/6.2 GB   15 MB/s   3m55s[K[?25h[?2026l[?2026h[?25l[A[1Gpulling manifest [K
pulling 9657d5771484:  40% ▕███████           ▏ 2.5 GB/6.2 GB   15 MB/s   3m55s[K[?25h[?2026l[?2026h[?25l[A[1Gpulling manifest [K
pulling 9657d5771484:  40% ▕███████           ▏ 2.5 GB/6.2 GB   15 MB/s   3m55s[K[?25h[?2026l[?2026h[?25l[A[1Gpulling manifest [K
pulling 9657d5771484:  40% ▕███████           ▏ 2.5 GB/6.2 GB   15 MB/s   3m55s[K[?25h[?2026l[?2026h[?25l[A[1Gpulling manifest [K
pulling 9657d5771484:  40% ▕███████           ▏ 2.5 GB/6.2 GB   15 MB/s   3m55s[K[?25h[?2026l[?2026h[?25l[A[1Gpulling manifest [K
pulling 9657d5771484:  40% ▕███████           ▏ 2.5 GB/6.2 GB   15 MB/s   3m55s[K[?25h[?2026l[?2026h[?25l[A[1Gpulling manifest [K
pulling 9657d5771484:  40% ▕███████           ▏ 2.5 GB/6.2 GB   15 MB/s   3m55s[K[?25h[?2026l[?2026h[?25l[A[1Gpulling manifest [K
pulling 9657d5771484:  40% ▕███████           ▏ 2.5 GB/6.2 GB   15 MB/s    4m8s[K[?25h[?2026l[?2026h[?25l[A[1Gpulling manifest [K
pulling 9657d5771484:  40% ▕███████           ▏ 2.5 GB/6.2 GB   15 MB/s    4m8s[K[?25h[?2026l[?2026h[?25l[A[1Gpulling manifest [K
pulling 9657d5771484:  40% ▕███████           ▏ 2.5 GB/6.2 GB   15 MB/s    4m8s[K[?25h[?2026l[?2026h[?25l[A[1Gpulling manifest [K
pulling 9657d5771484:  40% ▕███████           ▏ 2.5 GB/6.2 GB   15 MB/s    4m8s[K[?25h[?2026l[?2026h[?25l[A[1Gpulling manifest [K
pulling 9657d5771484:  40% ▕███████           ▏ 2.5 GB/6.2 GB   15 MB/s    4m8s[K[?25h[?2026l[?2026h[?25l[A[1Gpulling manifest [K
pulling 9657d5771484:  40% ▕███████           ▏ 2.5 GB/6.2 GB   15 MB/s    4m8s[K[?25h[?2026l[?2026h[?25l[A[1Gpulling manifest [K
pulling 9657d5771484:  40% ▕███████           ▏ 2.5 GB/6.2 GB   15 MB/s    4m8s[K[?25h[?2026l[?2026h[?25l[A[1Gpulling manifest [K
pulling 9657d5771484:  40% ▕███████           ▏ 2.5 GB/6.2 GB   15 MB/s    4m7s[K[?25h[?2026l[?2026h[?25l[A[1Gpulling manifest [K
pulling 9657d5771484:  40% ▕███████           ▏ 2.5 GB/6.2 GB   15 MB/s    4m7s[K[?25h[?2026l[?2026h[?25l[A[1Gpulling manifest [K
pulling 9657d5771484:  40% ▕███████           ▏ 2.5 GB/6.2 GB   15 MB/s    4m7s[K[?25h[?2026l[?2026h[?25l[A[1Gpulling manifest [K
pulling 9657d5771484:  40% ▕███████           ▏ 2.5 GB/6.2 GB   14 MB/s   4m15s[K[?25h[?2026l[?2026h[?25l[A[1Gpulling manifest [K
pulling 9657d5771484:  40% ▕███████           ▏ 2.5 GB/6.2 GB   14 MB/s   4m15s[K[?25h[?2026l[?2026h[?25l[A[1Gpulling manifest [K
pulling 9657d5771484:  40% ▕███████           ▏ 2.5 GB/6.2 GB   14 MB/s   4m15s[K[?25h[?2026l[?2026h[?25l[A[1Gpulling manifest [K
pulling 9657d5771484:  40% ▕███████           ▏ 2.5 GB/6.2 GB   14 MB/s   4m15s[K[?25h[?2026l[?2026h[?25l[A[1Gpulling manifest [K
pulling 9657d5771484:  40% ▕███████           ▏ 2.5 GB/6.2 GB   14 MB/s   4m15s[K[?25h[?2026l[?2026h[?25l[A[1Gpulling manifest [K
pulling 9657d5771484:  40% ▕███████           ▏ 2.5 GB/6.2 GB   14 MB/s   4m15s[K[?25h[?2026l[?2026h[?25l[A[1Gpulling manifest [K
pulling 9657d5771484:  40% ▕███████           ▏ 2.5 GB/6.2 GB   14 MB/s   4m14s[K[?25h[?2026l[?2026h[?25l[A[1Gpulling manifest [K
pulling 9657d5771484:  40% ▕███████           ▏ 2.5 GB/6.2 GB   14 MB/s   4m14s[K[?25h[?2026l[?2026h[?25l[A[1Gpulling manifest [K
pulling 9657d5771484:  40% ▕███████           ▏ 2.5 GB/6.2 GB   14 MB/s   4m14s[K[?25h[?2026l[?2026h[?25l[A[1Gpulling manifest [K
pulling 9657d5771484:  40% ▕███████           ▏ 2.5 GB/6.2 GB   14 MB/s   4m14s[K[?25h[?2026l[?2026h[?25l[A[1Gpulling manifest [K
pulling 9657d5771484:  40% ▕███████           ▏ 2.5 GB/6.2 GB   14 MB/s   4m18s[K[?25h[?2026l[?2026h[?25l[A[1Gpulling manifest [K
pulling 9657d5771484:  40% ▕███████           ▏ 2.5 GB/6.2 GB   14 MB/s   4m18s[K[?25h[?2026l[?2026h[?25l[A[1Gpulling manifest [K
pulling 9657d5771484:  40% ▕███████           ▏ 2.5 GB/6.2 GB   14 MB/s   4m17s[K[?25h[?2026l[?2026h[?25l[A[1Gpulling manifest [K
pulling 9657d5771484:  40% ▕███████           ▏ 2.5 GB/6.2 GB   14 MB/s   4m17s[K[?25h[?2026l[?2026h[?25l[A[1Gpulling manifest [K
pulling 9657d5771484:  40% ▕███████           ▏ 2.5 GB/6.2 GB   14 MB/s   4m17s[K[?25h[?2026l[?2026h[?25l[A[1Gpulling manifest [K
pulling 9657d5771484:  40% ▕███████           ▏ 2.5 GB/6.2 GB   14 MB/s   4m17s[K[?25h[?2026l[?2026h[?25l[A[1Gpulling manifest [K
pulling 9657d5771484:  40% ▕███████           ▏ 2.5 GB/6.2 GB   14 MB/s   4m17s[K[?25h[?2026l[?2026h[?25l[A[1Gpulling manifest [K
pulling 9657d5771484:  41% ▕███████           ▏ 2.5 GB/6.2 GB   14 MB/s   4m17s[K[?25h[?2026l[?2026h[?25l[A[1Gpulling manifest [K
pulling 9657d5771484:  41% ▕███████           ▏ 2.5 GB/6.2 GB   14 MB/s   4m17s[K[?25h[?2026l[?2026h[?25l[A[1Gpulling manifest [K
pulling 9657d5771484:  41% ▕███████           ▏ 2.5 GB/6.2 GB   14 MB/s   4m17s[K[?25h[?2026l[?2026h[?25l[A[1Gpulling manifest [K
pulling 9657d5771484:  41% ▕███████           ▏ 2.5 GB/6.2 GB   14 MB/s   4m21s[K[?25h[?2026l[?2026h[?25l[A[1Gpulling manifest [K
pulling 9657d5771484:  41% ▕███████           ▏ 2.5 GB/6.2 GB   14 MB/s   4m20s[K[?25h[?2026l[?2026h[?25l[A[1Gpulling manifest [K
pulling 9657d5771484:  41% ▕███████           ▏ 2.5 GB/6.2 GB   14 MB/s   4m20s[K[?25h[?2026l[?2026h[?25l[A[1Gpulling manifest [K
pulling 9657d5771484:  41% ▕███████           ▏ 2.5 GB/6.2 GB   14 MB/s   4m20s[K[?25h[?2026l[?2026h[?25l[A[1Gpulling manifest [K
pulling 9657d5771484:  41% ▕███████           ▏ 2.5 GB/6.2 GB   14 MB/s   4m20s[K[?25h[?2026l[?2026h[?25l[A[1Gpulling manifest [K
pulling 9657d5771484:  41% ▕███████           ▏ 2.5 GB/6.2 GB   14 MB/s   4m20s[K[?25h[?2026l[?2026h[?25l[A[1Gpulling manifest [K
pulling 9657d5771484:  41% ▕███████           ▏ 2.5 GB/6.2 GB   14 MB/s   4m20s[K[?25h[?2026l[?2026h[?25l[A[1Gpulling manifest [K
pulling 9657d5771484:  41% ▕███████           ▏ 2.5 GB/6.2 GB   14 MB/s   4m20s[K[?25h[?2026l[?2026h[?25l[A[1Gpulling manifest [K
pulling 9657d5771484:  41% ▕███████           ▏ 2.5 GB/6.2 GB   14 MB/s   4m20s[K[?25h[?2026l[?2026h[?25l[A[1Gpulling manifest [K
pulling 9657d5771484:  41% ▕███████           ▏ 2.5 GB/6.2 GB   14 MB/s   4m19s[K[?25h[?2026l[?2026h[?25l[A[1Gpulling manifest [K
pulling 9657d5771484:  41% ▕███████           ▏ 2.5 GB/6.2 GB   14 MB/s   4m16s[K[?25h[?2026l[?2026h[?25l[A[1Gpulling manifest [K
pulling 9657d5771484:  41% ▕███████           ▏ 2.5 GB/6.2 GB   14 MB/s   4m16s[K[?25h[?2026l[?2026h[?25l[A[1Gpulling manifest [K
pulling 9657d5771484:  41% ▕███████           ▏ 2.6 GB/6.2 GB   14 MB/s   4m16s[K[?25h[?2026l[?2026h[?25l[A[1Gpulling manifest [K
pulling 9657d5771484:  41% ▕███████           ▏ 2.6 GB/6.2 GB   14 MB/s   4m16s[K[?25h[?2026l[?2026h[?25l[A[1Gpulling manifest [K
pulling 9657d5771484:  41% ▕███████           ▏ 2.6 GB/6.2 GB   14 MB/s   4m16s[K[?25h[?2026l[?2026h[?25l[A[1Gpulling manifest [K
pulling 9657d5771484:  41% ▕███████           ▏ 2.6 GB/6.2 GB   14 MB/s   4m15s[K[?25h[?2026l[?2026h[?25l[A[1Gpulling manifest [K
pulling 9657d5771484:  41% ▕███████           ▏ 2.6 GB/6.2 GB   14 MB/s   4m15s[K[?25h[?2026l[?2026h[?25l[A[1Gpulling manifest [K
pulling 9657d5771484:  41% ▕███████           ▏ 2.6 GB/6.2 GB   14 MB/s   4m15s[K[?25h[?2026l[?2026h[?25l[A[1Gpulling manifest [K
pulling 9657d5771484:  41% ▕███████           ▏ 2.6 GB/6.2 GB   14 MB/s   4m15s[K[?25h[?2026l[?2026h[?25l[A[1Gpulling manifest [K
pulling 9657d5771484:  41% ▕███████           ▏ 2.6 GB/6.2 GB   14 MB/s   4m15s[K[?25h[?2026l[?2026h[?25l[A[1Gpulling manifest [K
pulling 9657d5771484:  41% ▕███████           ▏ 2.6 GB/6.2 GB   14 MB/s   4m15s[K[?25h[?2026l[?2026h[?25l[A[1Gpulling manifest [K
pulling 9657d5771484:  41% ▕███████           ▏ 2.6 GB/6.2 GB   15 MB/s   3m55s[K[?25h[?2026l[?2026h[?25l[A[1Gpulling manifest [K
pulling 9657d5771484:  41% ▕███████           ▏ 2.6 GB/6.2 GB   15 MB/s   3m55s[K[?25h[?2026l[?2026h[?25l[A[1Gpulling manifest [K
pulling 9657d5771484:  41% ▕███████           ▏ 2.6 GB/6.2 GB   15 MB/s   3m55s[K[?25h[?2026l[?2026h[?25l[A[1Gpulling manifest [K
pulling 9657d5771484:  41% ▕███████           ▏ 2.6 GB/6.2 GB   15 MB/s   3m55s[K[?25h[?2026l[?2026h[?25l[A[1Gpulling manifest [K
pulling 9657d5771484:  41% ▕███████           ▏ 2.6 GB/6.2 GB   15 MB/s   3m54s[K[?25h[?2026l[?2026h[?25l[A[1Gpulling manifest [K
pulling 9657d5771484:  41% ▕███████           ▏ 2.6 GB/6.2 GB   15 MB/s   3m54s[K[?25h[?2026l[?2026h[?25l[A[1Gpulling manifest [K
pulling 9657d5771484:  42% ▕███████           ▏ 2.6 GB/6.2 GB   15 MB/s   3m54s[K[?25h[?2026l[?2026h[?25l[A[1Gpulling manifest [K
pulling 9657d5771484:  42% ▕███████           ▏ 2.6 GB/6.2 GB   15 MB/s   3m54s[K[?25h[?2026l[?2026h[?25l[A[1Gpulling manifest [K
pulling 9657d5771484:  42% ▕███████           ▏ 2.6 GB/6.2 GB   15 MB/s   3m54s[K[?25h[?2026l[?2026h[?25l[A[1Gpulling manifest [K
pulling 9657d5771484:  42% ▕███████           ▏ 2.6 GB/6.2 GB   15 MB/s   3m54s[K[?25h[?2026l[?2026h[?25l[A[1Gpulling manifest [K
pulling 9657d5771484:  42% ▕███████           ▏ 2.6 GB/6.2 GB   16 MB/s   3m42s[K[?25h[?2026l[?2026h[?25l[A[1Gpulling manifest [K
pulling 9657d5771484:  42% ▕███████           ▏ 2.6 GB/6.2 GB   16 MB/s   3m42s[K[?25h[?2026l[?2026h[?25l[A[1Gpulling manifest [K
pulling 9657d5771484:  42% ▕███████           ▏ 2.6 GB/6.2 GB   16 MB/s   3m42s[K[?25h[?2026l[?2026h[?25l[A[1Gpulling manifest [K
pulling 9657d5771484:  42% ▕███████           ▏ 2.6 GB/6.2 GB   16 MB/s   3m42s[K[?25h[?2026l[?2026h[?25l[A[1Gpulling manifest [K
pulling 9657d5771484:  42% ▕███████           ▏ 2.6 GB/6.2 GB   16 MB/s   3m42s[K[?25h[?2026l[?2026h[?25l[A[1Gpulling manifest [K
pulling 9657d5771484:  42% ▕███████           ▏ 2.6 GB/6.2 GB   16 MB/s   3m42s[K[?25h[?2026l[?2026h[?25l[A[1Gpulling manifest [K
pulling 9657d5771484:  42% ▕███████           ▏ 2.6 GB/6.2 GB   16 MB/s   3m42s[K[?25h[?2026l[?2026h[?25l[A[1Gpulling manifest [K
pulling 9657d5771484:  42% ▕███████           ▏ 2.6 GB/6.2 GB   16 MB/s   3m41s[K[?25h[?2026l[?2026h[?25l[A[1Gpulling manifest [K
pulling 9657d5771484:  42% ▕███████           ▏ 2.6 GB/6.2 GB   16 MB/s   3m41s[K[?25h[?2026l[?2026h[?25l[A[1Gpulling manifest [K
pulling 9657d5771484:  42% ▕███████           ▏ 2.6 GB/6.2 GB   16 MB/s   3m41s[K[?25h[?2026l[?2026h[?25l[A[1Gpulling manifest [K
pulling 9657d5771484:  42% ▕███████           ▏ 2.6 GB/6.2 GB   17 MB/s   3m28s[K[?25h[?2026l[?2026h[?25l[A[1Gpulling manifest [K
pulling 9657d5771484:  42% ▕███████           ▏ 2.6 GB/6.2 GB   17 MB/s   3m28s[K[?25h[?2026l[?2026h[?25l[A[1Gpulling manifest [K
pulling 9657d5771484:  42% ▕███████           ▏ 2.6 GB/6.2 GB   17 MB/s   3m28s[K[?25h[?2026l[?2026h[?25l[A[1Gpulling manifest [K
pulling 9657d5771484:  42% ▕███████           ▏ 2.6 GB/6.2 GB   17 MB/s   3m28s[K[?25h[?2026l[?2026h[?25l[A[1Gpulling manifest [K
pulling 9657d5771484:  42% ▕███████           ▏ 2.6 GB/6.2 GB   17 MB/s   3m28s[K[?25h[?2026l[?2026h[?25l[A[1Gpulling manifest [K
pulling 9657d5771484:  42% ▕███████           ▏ 2.6 GB/6.2 GB   17 MB/s   3m28s[K[?25h[?2026l[?2026h[?25l[A[1Gpulling manifest [K
pulling 9657d5771484:  42% ▕███████           ▏ 2.6 GB/6.2 GB   17 MB/s   3m28s[K[?25h[?2026l[?2026h[?25l[A[1Gpulling manifest [K
pulling 9657d5771484:  42% ▕███████           ▏ 2.6 GB/6.2 GB   17 MB/s   3m27s[K[?25h[?2026l[?2026h[?25l[A[1Gpulling manifest [K
pulling 9657d5771484:  42% ▕███████           ▏ 2.6 GB/6.2 GB   17 MB/s   3m27s[K[?25h[?2026l[?2026h[?25l[A[1Gpulling manifest [K
pulling 9657d5771484:  42% ▕███████           ▏ 2.6 GB/6.2 GB   17 MB/s   3m27s[K[?25h[?2026l[?2026h[?25l[A[1Gpulling manifest [K
pulling 9657d5771484:  42% ▕███████           ▏ 2.6 GB/6.2 GB   18 MB/s   3m18s[K[?25h[?2026l[?2026h[?25l[A[1Gpulling manifest [K
pulling 9657d5771484:  42% ▕███████           ▏ 2.6 GB/6.2 GB   18 MB/s   3m18s[K[?25h[?2026l[?2026h[?25l[A[1Gpulling manifest [K
pulling 9657d5771484:  42% ▕███████           ▏ 2.6 GB/6.2 GB   18 MB/s   3m18s[K[?25h[?2026l[?2026h[?25l[A[1Gpulling manifest [K
pulling 9657d5771484:  42% ▕███████           ▏ 2.6 GB/6.2 GB   18 MB/s   3m18s[K[?25h[?2026l[?2026h[?25l[A[1Gpulling manifest [K
pulling 9657d5771484:  42% ▕███████           ▏ 2.6 GB/6.2 GB   18 MB/s   3m18s[K[?25h[?2026l[?2026h[?25l[A[1Gpulling manifest [K
pulling 9657d5771484:  42% ▕███████           ▏ 2.6 GB/6.2 GB   18 MB/s   3m18s[K[?25h[?2026l[?2026h[?25l[A[1Gpulling manifest [K
pulling 9657d5771484:  42% ▕███████           ▏ 2.6 GB/6.2 GB   18 MB/s   3m18s[K[?25h[?2026l[?2026h[?25l[A[1Gpulling manifest [K
pulling 9657d5771484:  42% ▕███████           ▏ 2.6 GB/6.2 GB   18 MB/s   3m17s[K[?25h[?2026l[?2026h[?25l[A[1Gpulling manifest [K
pulling 9657d5771484:  42% ▕███████           ▏ 2.6 GB/6.2 GB   18 MB/s   3m17s[K[?25h[?2026l[?2026h[?25l[A[1Gpulling manifest [K
pulling 9657d5771484:  43% ▕███████           ▏ 2.6 GB/6.2 GB   18 MB/s   3m17s[K[?25h[?2026l[?2026h[?25l[A[1Gpulling manifest [K
pulling 9657d5771484:  43% ▕███████           ▏ 2.6 GB/6.2 GB   19 MB/s    3m7s[K[?25h[?2026l[?2026h[?25l[A[1Gpulling manifest [K
pulling 9657d5771484:  43% ▕███████           ▏ 2.6 GB/6.2 GB   19 MB/s    3m7s[K[?25h[?2026l[?2026h[?25l[A[1Gpulling manifest [K
pulling 9657d5771484:  43% ▕███████           ▏ 2.6 GB/6.2 GB   19 MB/s    3m7s[K[?25h[?2026l[?2026h[?25l[A[1Gpulling manifest [K
pulling 9657d5771484:  43% ▕███████           ▏ 2.7 GB/6.2 GB   19 MB/s    3m7s[K[?25h[?2026l[?2026h[?25l[A[1Gpulling manifest [K
pulling 9657d5771484:  43% ▕███████           ▏ 2.7 GB/6.2 GB   19 MB/s    3m7s[K[?25h[?2026l[?2026h[?25l[A[1Gpulling manifest [K
pulling 9657d5771484:  43% ▕███████           ▏ 2.7 GB/6.2 GB   19 MB/s    3m7s[K[?25h[?2026l[?2026h[?25l[A[1Gpulling manifest [K
pulling 9657d5771484:  43% ▕███████           ▏ 2.7 GB/6.2 GB   19 MB/s    3m7s[K[?25h[?2026l[?2026h[?25l[A[1Gpulling manifest [K
pulling 9657d5771484:  43% ▕███████           ▏ 2.7 GB/6.2 GB   19 MB/s    3m7s[K[?25h[?2026l[?2026h[?25l[A[1Gpulling manifest [K
pulling 9657d5771484:  43% ▕███████           ▏ 2.7 GB/6.2 GB   19 MB/s    3m6s[K[?25h[?2026l[?2026h[?25l[A[1Gpulling manifest [K
pulling 9657d5771484:  43% ▕███████           ▏ 2.7 GB/6.2 GB   19 MB/s    3m6s[K[?25h[?2026l[?2026h[?25l[A[1Gpulling manifest [K
pulling 9657d5771484:  43% ▕███████           ▏ 2.7 GB/6.2 GB   19 MB/s    3m6s[K[?25h[?2026l[?2026h[?25l[A[1Gpulling manifest [K
pulling 9657d5771484:  43% ▕███████           ▏ 2.7 GB/6.2 GB   19 MB/s    3m1s[K[?25h[?2026l[?2026h[?25l[A[1Gpulling manifest [K
pulling 9657d5771484:  43% ▕███████           ▏ 2.7 GB/6.2 GB   19 MB/s    3m0s[K[?25h[?2026l[?2026h[?25l[A[1Gpulling manifest [K
pulling 9657d5771484:  43% ▕███████           ▏ 2.7 GB/6.2 GB   19 MB/s    3m0s[K[?25h[?2026l[?2026h[?25l[A[1Gpulling manifest [K
pulling 9657d5771484:  43% ▕███████           ▏ 2.7 GB/6.2 GB   19 MB/s    3m0s[K[?25h[?2026l[?2026h[?25l[A[1Gpulling manifest [K
pulling 9657d5771484:  43% ▕███████           ▏ 2.7 GB/6.2 GB   19 MB/s    3m0s[K[?25h[?2026l[?2026h[?25l[A[1Gpulling manifest [K
pulling 9657d5771484:  43% ▕███████           ▏ 2.7 GB/6.2 GB   19 MB/s    3m0s[K[?25h[?2026l[?2026h[?25l[A[1Gpulling manifest [K
pulling 9657d5771484:  43% ▕███████           ▏ 2.7 GB/6.2 GB   19 MB/s    3m0s[K[?25h[?2026l[?2026h[?25l[A[1Gpulling manifest [K
pulling 9657d5771484:  43% ▕███████           ▏ 2.7 GB/6.2 GB   19 MB/s    3m0s[K[?25h[?2026l[?2026h[?25l[A[1Gpulling manifest [K
pulling 9657d5771484:  43% ▕███████           ▏ 2.7 GB/6.2 GB   19 MB/s    3m0s[K[?25h[?2026l[?2026h[?25l[A[1Gpulling manifest [K
pulling 9657d5771484:  43% ▕███████           ▏ 2.7 GB/6.2 GB   19 MB/s    3m0s[K[?25h[?2026l[?2026h[?25l[A[1Gpulling manifest [K
pulling 9657d5771484:  43% ▕███████           ▏ 2.7 GB/6.2 GB   19 MB/s    3m1s[K[?25h[?2026l[?2026h[?25l[A[1Gpulling manifest [K
pulling 9657d5771484:  43% ▕███████           ▏ 2.7 GB/6.2 GB   19 MB/s    3m1s[K[?25h[?2026l[?2026h[?25l[A[1Gpulling manifest [K
pulling 9657d5771484:  43% ▕███████           ▏ 2.7 GB/6.2 GB   19 MB/s    3m1s[K[?25h[?2026l[?2026h[?25l[A[1Gpulling manifest [K
pulling 9657d5771484:  43% ▕███████           ▏ 2.7 GB/6.2 GB   19 MB/s    3m1s[K[?25h[?2026l[?2026h[?25l[A[1Gpulling manifest [K
pulling 9657d5771484:  43% ▕███████           ▏ 2.7 GB/6.2 GB   19 MB/s    3m1s[K[?25h[?2026l[?2026h[?25l[A[1Gpulling manifest [K
pulling 9657d5771484:  43% ▕███████           ▏ 2.7 GB/6.2 GB   19 MB/s    3m1s[K[?25h[?2026l[?2026h[?25l[A[1Gpulling manifest [K
pulling 9657d5771484:  43% ▕███████           ▏ 2.7 GB/6.2 GB   19 MB/s    3m1s[K[?25h[?2026l[?2026h[?25l[A[1Gpulling manifest [K
pulling 9657d5771484:  43% ▕███████           ▏ 2.7 GB/6.2 GB   19 MB/s    3m0s[K[?25h[?2026l[?2026h[?25l[A[1Gpulling manifest [K
pulling 9657d5771484:  43% ▕███████           ▏ 2.7 GB/6.2 GB   19 MB/s    3m0s[K[?25h[?2026l[?2026h[?25l[A[1Gpulling manifest [K
pulling 9657d5771484:  43% ▕███████           ▏ 2.7 GB/6.2 GB   19 MB/s    3m0s[K[?25h[?2026l[?2026h[?25l[A[1Gpulling manifest [K
pulling 9657d5771484:  43% ▕███████           ▏ 2.7 GB/6.2 GB   19 MB/s   2m58s[K[?25h[?2026l[?2026h[?25l[A[1Gpulling manifest [K
pulling 9657d5771484:  44% ▕███████           ▏ 2.7 GB/6.2 GB   19 MB/s   2m58s[K[?25h[?2026l[?2026h[?25l[A[1Gpulling manifest [K
pulling 9657d5771484:  44% ▕███████           ▏ 2.7 GB/6.2 GB   19 MB/s   2m58s[K[?25h[?2026l[?2026h[?25l[A[1Gpulling manifest [K
pulling 9657d5771484:  44% ▕███████           ▏ 2.7 GB/6.2 GB   19 MB/s   2m58s[K[?25h[?2026l[?2026h[?25l[A[1Gpulling manifest [K
pulling 9657d5771484:  44% ▕███████           ▏ 2.7 GB/6.2 GB   19 MB/s   2m58s[K[?25h[?2026l[?2026h[?25l[A[1Gpulling manifest [K
pulling 9657d5771484:  44% ▕███████           ▏ 2.7 GB/6.2 GB   19 MB/s   2m58s[K[?25h[?2026l[?2026h[?25l[A[1Gpulling manifest [K
pulling 9657d5771484:  44% ▕███████           ▏ 2.7 GB/6.2 GB   19 MB/s   2m58s[K[?25h[?2026l[?2026h[?25l[A[1Gpulling manifest [K
pulling 9657d5771484:  44% ▕███████           ▏ 2.7 GB/6.2 GB   19 MB/s   2m58s[K[?25h[?2026l[?2026h[?25l[A[1Gpulling manifest [K
pulling 9657d5771484:  44% ▕███████           ▏ 2.7 GB/6.2 GB   19 MB/s   2m57s[K[?25h[?2026l[?2026h[?25l[A[1Gpulling manifest [K
pulling 9657d5771484:  44% ▕███████           ▏ 2.7 GB/6.2 GB   19 MB/s   2m57s[K[?25h[?2026l[?2026h[?25l[A[1Gpulling manifest [K
pulling 9657d5771484:  44% ▕███████           ▏ 2.7 GB/6.2 GB   19 MB/s   2m59s[K[?25h[?2026l[?2026h[?25l[A[1Gpulling manifest [K
pulling 9657d5771484:  44% ▕███████           ▏ 2.7 GB/6.2 GB   19 MB/s   2m59s[K[?25h[?2026l[?2026h[?25l[A[1Gpulling manifest [K
pulling 9657d5771484:  44% ▕███████           ▏ 2.7 GB/6.2 GB   19 MB/s   2m59s[K[?25h[?2026l[?2026h[?25l[A[1Gpulling manifest [K
pulling 9657d5771484:  44% ▕███████           ▏ 2.7 GB/6.2 GB   19 MB/s   2m59s[K[?25h[?2026l[?2026h[?25l[A[1Gpulling manifest [K
pulling 9657d5771484:  44% ▕███████           ▏ 2.7 GB/6.2 GB   19 MB/s   2m59s[K[?25h[?2026l[?2026h[?25l[A[1Gpulling manifest [K
pulling 9657d5771484:  44% ▕███████           ▏ 2.7 GB/6.2 GB   19 MB/s   2m59s[K[?25h[?2026l[?2026h[?25l[A[1Gpulling manifest [K
pulling 9657d5771484:  44% ▕███████           ▏ 2.7 GB/6.2 GB   19 MB/s   2m59s[K[?25h[?2026l[?2026h[?25l[A[1Gpulling manifest [K
pulling 9657d5771484:  44% ▕███████           ▏ 2.7 GB/6.2 GB   19 MB/s   2m59s[K[?25h[?2026l[?2026h[?25l[A[1Gpulling manifest [K
pulling 9657d5771484:  44% ▕███████           ▏ 2.7 GB/6.2 GB   19 MB/s   2m59s[K[?25h[?2026l[?2026h[?25l[A[1Gpulling manifest [K
pulling 9657d5771484:  44% ▕███████           ▏ 2.7 GB/6.2 GB   19 MB/s   2m58s[K[?25h[?2026l[?2026h[?25l[A[1Gpulling manifest [K
pulling 9657d5771484:  44% ▕███████           ▏ 2.7 GB/6.2 GB   19 MB/s   2m59s[K[?25h[?2026l[?2026h[?25l[A[1Gpulling manifest [K
pulling 9657d5771484:  44% ▕███████           ▏ 2.7 GB/6.2 GB   19 MB/s   2m59s[K[?25h[?2026l[?2026h[?25l[A[1Gpulling manifest [K
pulling 9657d5771484:  44% ▕███████           ▏ 2.7 GB/6.2 GB   19 MB/s   2m59s[K[?25h[?2026l[?2026h[?25l[A[1Gpulling manifest [K
pulling 9657d5771484:  44% ▕███████           ▏ 2.7 GB/6.2 GB   19 MB/s   2m59s[K[?25h[?2026l[?2026h[?25l[A[1Gpulling manifest [K
pulling 9657d5771484:  44% ▕███████           ▏ 2.7 GB/6.2 GB   19 MB/s   2m59s[K[?25h[?2026l[?2026h[?25l[A[1Gpulling manifest [K
pulling 9657d5771484:  44% ▕███████           ▏ 2.8 GB/6.2 GB   19 MB/s   2m59s[K[?25h[?2026l[?2026h[?25l[A[1Gpulling manifest [K
pulling 9657d5771484:  44% ▕███████           ▏ 2.8 GB/6.2 GB   19 MB/s   2m59s[K[?25h[?2026l[?2026h[?25l[A[1Gpulling manifest [K
pulling 9657d5771484:  44% ▕███████           ▏ 2.8 GB/6.2 GB   19 MB/s   2m59s[K[?25h[?2026l[?2026h[?25l[A[1Gpulling manifest [K
pulling 9657d5771484:  44% ▕███████           ▏ 2.8 GB/6.2 GB   19 MB/s   2m59s[K[?25h[?2026l[?2026h[?25l[A[1Gpulling manifest [K
pulling 9657d5771484:  44% ▕███████           ▏ 2.8 GB/6.2 GB   19 MB/s   2m58s[K[?25h[?2026l[?2026h[?25l[A[1Gpulling manifest [K
pulling 9657d5771484:  44% ▕███████           ▏ 2.8 GB/6.2 GB   19 MB/s   2m58s[K[?25h[?2026l[?2026h[?25l[A[1Gpulling manifest [K
pulling 9657d5771484:  44% ▕████████          ▏ 2.8 GB/6.2 GB   19 MB/s   2m55s[K[?25h[?2026l[?2026h[?25l[A[1Gpulling manifest [K
pulling 9657d5771484:  45% ▕████████          ▏ 2.8 GB/6.2 GB   19 MB/s   2m55s[K[?25h[?2026l[?2026h[?25l[A[1Gpulling manifest [K
pulling 9657d5771484:  45% ▕████████          ▏ 2.8 GB/6.2 GB   19 MB/s   2m55s[K[?25h[?2026l[?2026h[?25l[A[1Gpulling manifest [K
pulling 9657d5771484:  45% ▕████████          ▏ 2.8 GB/6.2 GB   19 MB/s   2m55s[K[?25h[?2026l[?2026h[?25l[A[1Gpulling manifest [K
pulling 9657d5771484:  45% ▕████████          ▏ 2.8 GB/6.2 GB   19 MB/s   2m55s[K[?25h[?2026l[?2026h[?25l[A[1Gpulling manifest [K
pulling 9657d5771484:  45% ▕████████          ▏ 2.8 GB/6.2 GB   19 MB/s   2m55s[K[?25h[?2026l[?2026h[?25l[A[1Gpulling manifest [K
pulling 9657d5771484:  45% ▕████████          ▏ 2.8 GB/6.2 GB   19 MB/s   2m55s[K[?25h[?2026l[?2026h[?25l[A[1Gpulling manifest [K
pulling 9657d5771484:  45% ▕████████          ▏ 2.8 GB/6.2 GB   19 MB/s   2m55s[K[?25h[?2026l[?2026h[?25l[A[1Gpulling manifest [K
pulling 9657d5771484:  45% ▕████████          ▏ 2.8 GB/6.2 GB   19 MB/s   2m55s[K[?25h[?2026l[?2026h[?25l[A[1Gpulling manifest [K
pulling 9657d5771484:  45% ▕████████          ▏ 2.8 GB/6.2 GB   19 MB/s   2m54s[K[?25h[?2026l[?2026h[?25l[A[1Gpulling manifest [K
pulling 9657d5771484:  45% ▕████████          ▏ 2.8 GB/6.2 GB   19 MB/s   2m54s[K[?25h[?2026l[?2026h[?25l[A[1Gpulling manifest [K
pulling 9657d5771484:  45% ▕████████          ▏ 2.8 GB/6.2 GB   19 MB/s   2m54s[K[?25h[?2026l[?2026h[?25l[A[1Gpulling manifest [K
pulling 9657d5771484:  45% ▕████████          ▏ 2.8 GB/6.2 GB   19 MB/s   2m54s[K[?25h[?2026l[?2026h[?25l[A[1Gpulling manifest [K
pulling 9657d5771484:  45% ▕████████          ▏ 2.8 GB/6.2 GB   19 MB/s   2m54s[K[?25h[?2026l[?2026h[?25l[A[1Gpulling manifest [K
pulling 9657d5771484:  45% ▕████████          ▏ 2.8 GB/6.2 GB   19 MB/s   2m54s[K[?25h[?2026l[?2026h[?25l[A[1Gpulling manifest [K
pulling 9657d5771484:  45% ▕████████          ▏ 2.8 GB/6.2 GB   19 MB/s   2m54s[K[?25h[?2026l[?2026h[?25l[A[1Gpulling manifest [K
pulling 9657d5771484:  45% ▕████████          ▏ 2.8 GB/6.2 GB   19 MB/s   2m54s[K[?25h[?2026l[?2026h[?25l[A[1Gpulling manifest [K
pulling 9657d5771484:  45% ▕████████          ▏ 2.8 GB/6.2 GB   19 MB/s   2m54s[K[?25h[?2026l[?2026h[?25l[A[1Gpulling manifest [K
pulling 9657d5771484:  45% ▕████████          ▏ 2.8 GB/6.2 GB   19 MB/s   2m53s[K[?25h[?2026l[?2026h[?25l[A[1Gpulling manifest [K
pulling 9657d5771484:  45% ▕████████          ▏ 2.8 GB/6.2 GB   19 MB/s   2m53s[K[?25h[?2026l[?2026h[?25l[A[1Gpulling manifest [K
pulling 9657d5771484:  45% ▕████████          ▏ 2.8 GB/6.2 GB   19 MB/s   2m51s[K[?25h[?2026l[?2026h[?25l[A[1Gpulling manifest [K
pulling 9657d5771484:  45% ▕████████          ▏ 2.8 GB/6.2 GB   19 MB/s   2m51s[K[?25h[?2026l[?2026h[?25l[A[1Gpulling manifest [K
pulling 9657d5771484:  45% ▕████████          ▏ 2.8 GB/6.2 GB   19 MB/s   2m51s[K[?25h[?2026l[?2026h[?25l[A[1Gpulling manifest [K
pulling 9657d5771484:  45% ▕████████          ▏ 2.8 GB/6.2 GB   19 MB/s   2m51s[K[?25h[?2026l[?2026h[?25l[A[1Gpulling manifest [K
pulling 9657d5771484:  45% ▕████████          ▏ 2.8 GB/6.2 GB   19 MB/s   2m51s[K[?25h[?2026l[?2026h[?25l[A[1Gpulling manifest [K
pulling 9657d5771484:  45% ▕████████          ▏ 2.8 GB/6.2 GB   19 MB/s   2m51s[K[?25h[?2026l[?2026h[?25l[A[1Gpulling manifest [K
pulling 9657d5771484:  45% ▕████████          ▏ 2.8 GB/6.2 GB   19 MB/s   2m51s[K[?25h[?2026l[?2026h[?25l[A[1Gpulling manifest [K
pulling 9657d5771484:  45% ▕████████          ▏ 2.8 GB/6.2 GB   19 MB/s   2m50s[K[?25h[?2026l[?2026h[?25l[A[1Gpulling manifest [K
pulling 9657d5771484:  45% ▕████████          ▏ 2.8 GB/6.2 GB   19 MB/s   2m50s[K[?25h[?2026l[?2026h[?25l[A[1Gpulling manifest [K
pulling 9657d5771484:  45% ▕████████          ▏ 2.8 GB/6.2 GB   19 MB/s   2m50s[K[?25h[?2026l[?2026h[?25l[A[1Gpulling manifest [K
pulling 9657d5771484:  45% ▕████████          ▏ 2.8 GB/6.2 GB   19 MB/s   2m51s[K[?25h[?2026l[?2026h[?25l[A[1Gpulling manifest [K
pulling 9657d5771484:  45% ▕████████          ▏ 2.8 GB/6.2 GB   19 MB/s   2m51s[K[?25h[?2026l[?2026h[?25l[A[1Gpulling manifest [K
pulling 9657d5771484:  45% ▕████████          ▏ 2.8 GB/6.2 GB   19 MB/s   2m51s[K[?25h[?2026l[?2026h[?25l[A[1Gpulling manifest [K
pulling 9657d5771484:  46% ▕████████          ▏ 2.8 GB/6.2 GB   19 MB/s   2m51s[K[?25h[?2026l[?2026h[?25l[A[1Gpulling manifest [K
pulling 9657d5771484:  46% ▕████████          ▏ 2.8 GB/6.2 GB   19 MB/s   2m50s[K[?25h[?2026l[?2026h[?25l[A[1Gpulling manifest [K
pulling 9657d5771484:  46% ▕████████          ▏ 2.8 GB/6.2 GB   19 MB/s   2m50s[K[?25h[?2026l[?2026h[?25l[A[1Gpulling manifest [K
pulling 9657d5771484:  46% ▕████████          ▏ 2.8 GB/6.2 GB   19 MB/s   2m50s[K[?25h[?2026l[?2026h[?25l[A[1Gpulling manifest [K
pulling 9657d5771484:  46% ▕████████          ▏ 2.8 GB/6.2 GB   19 MB/s   2m50s[K[?25h[?2026l[?2026h[?25l[A[1Gpulling manifest [K
pulling 9657d5771484:  46% ▕████████          ▏ 2.8 GB/6.2 GB   19 MB/s   2m50s[K[?25h[?2026l[?2026h[?25l[A[1Gpulling manifest [K
pulling 9657d5771484:  46% ▕████████          ▏ 2.8 GB/6.2 GB   19 MB/s   2m50s[K[?25h[?2026l[?2026h[?25l[A[1Gpulling manifest [K
pulling 9657d5771484:  46% ▕████████          ▏ 2.8 GB/6.2 GB   19 MB/s   2m50s[K[?25h[?2026l[?2026h[?25l[A[1Gpulling manifest [K
pulling 9657d5771484:  46% ▕████████          ▏ 2.8 GB/6.2 GB   19 MB/s   2m50s[K[?25h[?2026l[?2026h[?25l[A[1Gpulling manifest [K
pulling 9657d5771484:  46% ▕████████          ▏ 2.8 GB/6.2 GB   19 MB/s   2m49s[K[?25h[?2026l[?2026h[?25l[A[1Gpulling manifest [K
pulling 9657d5771484:  46% ▕████████          ▏ 2.9 GB/6.2 GB   19 MB/s   2m49s[K[?25h[?2026l[?2026h[?25l[A[1Gpulling manifest [K
pulling 9657d5771484:  46% ▕████████          ▏ 2.9 GB/6.2 GB   19 MB/s   2m49s[K[?25h[?2026l[?2026h[?25l[A[1Gpulling manifest [K
pulling 9657d5771484:  46% ▕████████          ▏ 2.9 GB/6.2 GB   19 MB/s   2m49s[K[?25h[?2026l[?2026h[?25l[A[1Gpulling manifest [K
pulling 9657d5771484:  46% ▕████████          ▏ 2.9 GB/6.2 GB   19 MB/s   2m49s[K[?25h[?2026l[?2026h[?25l[A[1Gpulling manifest [K
pulling 9657d5771484:  46% ▕████████          ▏ 2.9 GB/6.2 GB   19 MB/s   2m49s[K[?25h[?2026l[?2026h[?25l[A[1Gpulling manifest [K
pulling 9657d5771484:  46% ▕████████          ▏ 2.9 GB/6.2 GB   19 MB/s   2m49s[K[?25h[?2026l[?2026h[?25l[A[1Gpulling manifest [K
pulling 9657d5771484:  46% ▕████████          ▏ 2.9 GB/6.2 GB   19 MB/s   2m49s[K[?25h[?2026l[?2026h[?25l[A[1Gpulling manifest [K
pulling 9657d5771484:  46% ▕████████          ▏ 2.9 GB/6.2 GB   19 MB/s   2m49s[K[?25h[?2026l[?2026h[?25l[A[1Gpulling manifest [K
pulling 9657d5771484:  46% ▕████████          ▏ 2.9 GB/6.2 GB   20 MB/s   2m44s[K[?25h[?2026l[?2026h[?25l[A[1Gpulling manifest [K
pulling 9657d5771484:  46% ▕████████          ▏ 2.9 GB/6.2 GB   20 MB/s   2m44s[K[?25h[?2026l[?2026h[?25l[A[1Gpulling manifest [K
pulling 9657d5771484:  46% ▕████████          ▏ 2.9 GB/6.2 GB   20 MB/s   2m44s[K[?25h[?2026l[?2026h[?25l[A[1Gpulling manifest [K
pulling 9657d5771484:  46% ▕████████          ▏ 2.9 GB/6.2 GB   20 MB/s   2m44s[K[?25h[?2026l[?2026h[?25l[A[1Gpulling manifest [K
pulling 9657d5771484:  46% ▕████████          ▏ 2.9 GB/6.2 GB   20 MB/s   2m44s[K[?25h[?2026l[?2026h[?25l[A[1Gpulling manifest [K
pulling 9657d5771484:  46% ▕████████          ▏ 2.9 GB/6.2 GB   20 MB/s   2m44s[K[?25h[?2026l[?2026h[?25l[A[1Gpulling manifest [K
pulling 9657d5771484:  46% ▕████████          ▏ 2.9 GB/6.2 GB   20 MB/s   2m44s[K[?25h[?2026l[?2026h[?25l[A[1Gpulling manifest [K
pulling 9657d5771484:  46% ▕████████          ▏ 2.9 GB/6.2 GB   20 MB/s   2m44s[K[?25h[?2026l[?2026h[?25l[A[1Gpulling manifest [K
pulling 9657d5771484:  46% ▕████████          ▏ 2.9 GB/6.2 GB   20 MB/s   2m44s[K[?25h[?2026l[?2026h[?25l[A[1Gpulling manifest [K
pulling 9657d5771484:  46% ▕████████          ▏ 2.9 GB/6.2 GB   20 MB/s   2m43s[K[?25h[?2026l[?2026h[?25l[A[1Gpulling manifest [K
pulling 9657d5771484:  46% ▕████████          ▏ 2.9 GB/6.2 GB   20 MB/s   2m46s[K[?25h[?2026l[?2026h[?25l[A[1Gpulling manifest [K
pulling 9657d5771484:  46% ▕████████          ▏ 2.9 GB/6.2 GB   20 MB/s   2m46s[K[?25h[?2026l[?2026h[?25l[A[1Gpulling manifest [K
pulling 9657d5771484:  46% ▕████████          ▏ 2.9 GB/6.2 GB   20 MB/s   2m46s[K[?25h[?2026l[?2026h[?25l[A[1Gpulling manifest [K
pulling 9657d5771484:  46% ▕████████          ▏ 2.9 GB/6.2 GB   20 MB/s   2m45s[K[?25h[?2026l[?2026h[?25l[A[1Gpulling manifest [K
pulling 9657d5771484:  47% ▕████████          ▏ 2.9 GB/6.2 GB   20 MB/s   2m45s[K[?25h[?2026l[?2026h[?25l[A[1Gpulling manifest [K
pulling 9657d5771484:  47% ▕████████          ▏ 2.9 GB/6.2 GB   20 MB/s   2m45s[K[?25h[?2026l[?2026h[?25l[A[1Gpulling manifest [K
pulling 9657d5771484:  47% ▕████████          ▏ 2.9 GB/6.2 GB   20 MB/s   2m45s[K[?25h[?2026l[?2026h[?25l[A[1Gpulling manifest [K
pulling 9657d5771484:  47% ▕████████          ▏ 2.9 GB/6.2 GB   20 MB/s   2m45s[K[?25h[?2026l[?2026h[?25l[A[1Gpulling manifest [K
pulling 9657d5771484:  47% ▕████████          ▏ 2.9 GB/6.2 GB   20 MB/s   2m45s[K[?25h[?2026l[?2026h[?25l[A[1Gpulling manifest [K
pulling 9657d5771484:  47% ▕████████          ▏ 2.9 GB/6.2 GB   20 MB/s   2m45s[K[?25h[?2026l[?2026h[?25l[A[1Gpulling manifest [K
pulling 9657d5771484:  47% ▕████████          ▏ 2.9 GB/6.2 GB   20 MB/s   2m44s[K[?25h[?2026l[?2026h[?25l[A[1Gpulling manifest [K
pulling 9657d5771484:  47% ▕████████          ▏ 2.9 GB/6.2 GB   20 MB/s   2m44s[K[?25h[?2026l[?2026h[?25l[A[1Gpulling manifest [K
pulling 9657d5771484:  47% ▕████████          ▏ 2.9 GB/6.2 GB   20 MB/s   2m44s[K[?25h[?2026l[?2026h[?25l[A[1Gpulling manifest [K
pulling 9657d5771484:  47% ▕████████          ▏ 2.9 GB/6.2 GB   20 MB/s   2m44s[K[?25h[?2026l[?2026h[?25l[A[1Gpulling manifest [K
pulling 9657d5771484:  47% ▕████████          ▏ 2.9 GB/6.2 GB   20 MB/s   2m44s[K[?25h[?2026l[?2026h[?25l[A[1Gpulling manifest [K
pulling 9657d5771484:  47% ▕████████          ▏ 2.9 GB/6.2 GB   20 MB/s   2m43s[K[?25h[?2026l[?2026h[?25l[A[1Gpulling manifest [K
pulling 9657d5771484:  47% ▕████████          ▏ 2.9 GB/6.2 GB   20 MB/s   2m43s[K[?25h[?2026l[?2026h[?25l[A[1Gpulling manifest [K
pulling 9657d5771484:  47% ▕████████          ▏ 2.9 GB/6.2 GB   20 MB/s   2m43s[K[?25h[?2026l[?2026h[?25l[A[1Gpulling manifest [K
pulling 9657d5771484:  47% ▕████████          ▏ 2.9 GB/6.2 GB   20 MB/s   2m43s[K[?25h[?2026l[?2026h[?25l[A[1Gpulling manifest [K
pulling 9657d5771484:  47% ▕████████          ▏ 2.9 GB/6.2 GB   20 MB/s   2m43s[K[?25h[?2026l[?2026h[?25l[A[1Gpulling manifest [K
pulling 9657d5771484:  47% ▕████████          ▏ 2.9 GB/6.2 GB   20 MB/s   2m44s[K[?25h[?2026l[?2026h[?25l[A[1Gpulling manifest [K
pulling 9657d5771484:  47% ▕████████          ▏ 2.9 GB/6.2 GB   20 MB/s   2m44s[K[?25h[?2026l[?2026h[?25l[A[1Gpulling manifest [K
pulling 9657d5771484:  47% ▕████████          ▏ 2.9 GB/6.2 GB   20 MB/s   2m44s[K[?25h[?2026l[?2026h[?25l[A[1Gpulling manifest [K
pulling 9657d5771484:  47% ▕████████          ▏ 2.9 GB/6.2 GB   20 MB/s   2m43s[K[?25h[?2026l[?2026h[?25l[A[1Gpulling manifest [K
pulling 9657d5771484:  47% ▕████████          ▏ 2.9 GB/6.2 GB   20 MB/s   2m43s[K[?25h[?2026l[?2026h[?25l[A[1Gpulling manifest [K
pulling 9657d5771484:  47% ▕████████          ▏ 2.9 GB/6.2 GB   20 MB/s   2m43s[K[?25h[?2026l[?2026h[?25l[A[1Gpulling manifest [K
pulling 9657d5771484:  47% ▕████████          ▏ 2.9 GB/6.2 GB   20 MB/s   2m43s[K[?25h[?2026l[?2026h[?25l[A[1Gpulling manifest [K
pulling 9657d5771484:  47% ▕████████          ▏ 2.9 GB/6.2 GB   20 MB/s   2m43s[K[?25h[?2026l[?2026h[?25l[A[1Gpulling manifest [K
pulling 9657d5771484:  47% ▕████████          ▏ 2.9 GB/6.2 GB   20 MB/s   2m43s[K[?25h[?2026l[?2026h[?25l[A[1Gpulling manifest [K
pulling 9657d5771484:  47% ▕████████          ▏ 2.9 GB/6.2 GB   20 MB/s   2m43s[K[?25h[?2026l[?2026h[?25l[A[1Gpulling manifest [K
pulling 9657d5771484:  47% ▕████████          ▏ 2.9 GB/6.2 GB   19 MB/s   2m44s[K[?25h[?2026l[?2026h[?25l[A[1Gpulling manifest [K
pulling 9657d5771484:  47% ▕████████          ▏ 2.9 GB/6.2 GB   19 MB/s   2m44s[K[?25h[?2026l[?2026h[?25l[A[1Gpulling manifest [K
pulling 9657d5771484:  47% ▕████████          ▏ 2.9 GB/6.2 GB   19 MB/s   2m44s[K[?25h[?2026l[?2026h[?25l[A[1Gpulling manifest [K
pulling 9657d5771484:  47% ▕████████          ▏ 2.9 GB/6.2 GB   19 MB/s   2m44s[K[?25h[?2026l[?2026h[?25l[A[1Gpulling manifest [K
pulling 9657d5771484:  47% ▕████████          ▏ 2.9 GB/6.2 GB   19 MB/s   2m44s[K[?25h[?2026l[?2026h[?25l[A[1Gpulling manifest [K
pulling 9657d5771484:  47% ▕████████          ▏ 2.9 GB/6.2 GB   19 MB/s   2m44s[K[?25h[?2026l[?2026h[?25l[A[1Gpulling manifest [K
pulling 9657d5771484:  47% ▕████████          ▏ 3.0 GB/6.2 GB   19 MB/s   2m43s[K[?25h[?2026l[?2026h[?25l[A[1Gpulling manifest [K
pulling 9657d5771484:  47% ▕████████          ▏ 3.0 GB/6.2 GB   19 MB/s   2m43s[K[?25h[?2026l[?2026h[?25l[A[1Gpulling manifest [K
pulling 9657d5771484:  48% ▕████████          ▏ 3.0 GB/6.2 GB   19 MB/s   2m43s[K[?25h[?2026l[?2026h[?25l[A[1Gpulling manifest [K
pulling 9657d5771484:  48% ▕████████          ▏ 3.0 GB/6.2 GB   19 MB/s   2m43s[K[?25h[?2026l[?2026h[?25l[A[1Gpulling manifest [K
pulling 9657d5771484:  48% ▕████████          ▏ 3.0 GB/6.2 GB   19 MB/s   2m43s[K[?25h[?2026l[?2026h[?25l[A[1Gpulling manifest [K
pulling 9657d5771484:  48% ▕████████          ▏ 3.0 GB/6.2 GB   19 MB/s   2m46s[K[?25h[?2026l[?2026h[?25l[A[1Gpulling manifest [K
pulling 9657d5771484:  48% ▕████████          ▏ 3.0 GB/6.2 GB   19 MB/s   2m45s[K[?25h[?2026l[?2026h[?25l[A[1Gpulling manifest [K
pulling 9657d5771484:  48% ▕████████          ▏ 3.0 GB/6.2 GB   19 MB/s   2m45s[K[?25h[?2026l[?2026h[?25l[A[1Gpulling manifest [K
pulling 9657d5771484:  48% ▕████████          ▏ 3.0 GB/6.2 GB   19 MB/s   2m45s[K[?25h[?2026l[?2026h[?25l[A[1Gpulling manifest [K
pulling 9657d5771484:  48% ▕████████          ▏ 3.0 GB/6.2 GB   19 MB/s   2m45s[K[?25h[?2026l[?2026h[?25l[A[1Gpulling manifest [K
pulling 9657d5771484:  48% ▕████████          ▏ 3.0 GB/6.2 GB   19 MB/s   2m45s[K[?25h[?2026l[?2026h[?25l[A[1Gpulling manifest [K
pulling 9657d5771484:  48% ▕████████          ▏ 3.0 GB/6.2 GB   19 MB/s   2m45s[K[?25h[?2026l[?2026h[?25l[A[1Gpulling manifest [K
pulling 9657d5771484:  48% ▕████████          ▏ 3.0 GB/6.2 GB   19 MB/s   2m45s[K[?25h[?2026l[?2026h[?25l[A[1Gpulling manifest [K
pulling 9657d5771484:  48% ▕████████          ▏ 3.0 GB/6.2 GB   19 MB/s   2m45s[K[?25h[?2026l[?2026h[?25l[A[1Gpulling manifest [K
pulling 9657d5771484:  48% ▕████████          ▏ 3.0 GB/6.2 GB   19 MB/s   2m45s[K[?25h[?2026l[?2026h[?25l[A[1Gpulling manifest [K
pulling 9657d5771484:  48% ▕████████          ▏ 3.0 GB/6.2 GB   19 MB/s   2m47s[K[?25h[?2026l[?2026h[?25l[A[1Gpulling manifest [K
pulling 9657d5771484:  48% ▕████████          ▏ 3.0 GB/6.2 GB   19 MB/s   2m47s[K[?25h[?2026l[?2026h[?25l[A[1Gpulling manifest [K
pulling 9657d5771484:  48% ▕████████          ▏ 3.0 GB/6.2 GB   19 MB/s   2m47s[K[?25h[?2026l[?2026h[?25l[A[1Gpulling manifest [K
pulling 9657d5771484:  48% ▕████████          ▏ 3.0 GB/6.2 GB   19 MB/s   2m47s[K[?25h[?2026l[?2026h[?25l[A[1Gpulling manifest [K
pulling 9657d5771484:  48% ▕████████          ▏ 3.0 GB/6.2 GB   19 MB/s   2m46s[K[?25h[?2026l[?2026h[?25l[A[1Gpulling manifest [K
pulling 9657d5771484:  48% ▕████████          ▏ 3.0 GB/6.2 GB   19 MB/s   2m46s[K[?25h[?2026l[?2026h[?25l[A[1Gpulling manifest [K
pulling 9657d5771484:  48% ▕████████          ▏ 3.0 GB/6.2 GB   19 MB/s   2m46s[K[?25h[?2026l[?2026h[?25l[A[1Gpulling manifest [K
pulling 9657d5771484:  48% ▕████████          ▏ 3.0 GB/6.2 GB   19 MB/s   2m46s[K[?25h[?2026l[?2026h[?25l[A[1Gpulling manifest [K
pulling 9657d5771484:  48% ▕████████          ▏ 3.0 GB/6.2 GB   19 MB/s   2m46s[K[?25h[?2026l[?2026h[?25l[A[1Gpulling manifest [K
pulling 9657d5771484:  48% ▕████████          ▏ 3.0 GB/6.2 GB   19 MB/s   2m46s[K[?25h[?2026l[?2026h[?25l[A[1Gpulling manifest [K
pulling 9657d5771484:  48% ▕████████          ▏ 3.0 GB/6.2 GB   19 MB/s   2m45s[K[?25h[?2026l[?2026h[?25l[A[1Gpulling manifest [K
pulling 9657d5771484:  48% ▕████████          ▏ 3.0 GB/6.2 GB   19 MB/s   2m45s[K[?25h[?2026l[?2026h[?25l[A[1Gpulling manifest [K
pulling 9657d5771484:  48% ▕████████          ▏ 3.0 GB/6.2 GB   19 MB/s   2m45s[K[?25h[?2026l[?2026h[?25l[A[1Gpulling manifest [K
pulling 9657d5771484:  48% ▕████████          ▏ 3.0 GB/6.2 GB   19 MB/s   2m45s[K[?25h[?2026l[?2026h[?25l[A[1Gpulling manifest [K
pulling 9657d5771484:  48% ▕████████          ▏ 3.0 GB/6.2 GB   19 MB/s   2m45s[K[?25h[?2026l[?2026h[?25l[A[1Gpulling manifest [K
pulling 9657d5771484:  48% ▕████████          ▏ 3.0 GB/6.2 GB   19 MB/s   2m45s[K[?25h[?2026l[?2026h[?25l[A[1Gpulling manifest [K
pulling 9657d5771484:  48% ▕████████          ▏ 3.0 GB/6.2 GB   19 MB/s   2m45s[K[?25h[?2026l[?2026h[?25l[A[1Gpulling manifest [K
pulling 9657d5771484:  48% ▕████████          ▏ 3.0 GB/6.2 GB   19 MB/s   2m44s[K[?25h[?2026l[?2026h[?25l[A[1Gpulling manifest [K
pulling 9657d5771484:  49% ▕████████          ▏ 3.0 GB/6.2 GB   19 MB/s   2m44s[K[?25h[?2026l[?2026h[?25l[A[1Gpulling manifest [K
pulling 9657d5771484:  49% ▕████████          ▏ 3.0 GB/6.2 GB   19 MB/s   2m44s[K[?25h[?2026l[?2026h[?25l[A[1Gpulling manifest [K
pulling 9657d5771484:  49% ▕████████          ▏ 3.0 GB/6.2 GB   19 MB/s   2m44s[K[?25h[?2026l[?2026h[?25l[A[1Gpulling manifest [K
pulling 9657d5771484:  49% ▕████████          ▏ 3.0 GB/6.2 GB   19 MB/s   2m43s[K[?25h[?2026l[?2026h[?25l[A[1Gpulling manifest [K
pulling 9657d5771484:  49% ▕████████          ▏ 3.0 GB/6.2 GB   19 MB/s   2m43s[K[?25h[?2026l[?2026h[?25l[A[1Gpulling manifest [K
pulling 9657d5771484:  49% ▕████████          ▏ 3.0 GB/6.2 GB   19 MB/s   2m43s[K[?25h[?2026l[?2026h[?25l[A[1Gpulling manifest [K
pulling 9657d5771484:  49% ▕████████          ▏ 3.0 GB/6.2 GB   19 MB/s   2m43s[K[?25h[?2026l[?2026h[?25l[A[1Gpulling manifest [K
pulling 9657d5771484:  49% ▕████████          ▏ 3.0 GB/6.2 GB   19 MB/s   2m43s[K[?25h[?2026l[?2026h[?25l[A[1Gpulling manifest [K
pulling 9657d5771484:  49% ▕████████          ▏ 3.0 GB/6.2 GB   19 MB/s   2m43s[K[?25h[?2026l[?2026h[?25l[A[1Gpulling manifest [K
pulling 9657d5771484:  49% ▕████████          ▏ 3.0 GB/6.2 GB   19 MB/s   2m43s[K[?25h[?2026l[?2026h[?25l[A[1Gpulling manifest [K
pulling 9657d5771484:  49% ▕████████          ▏ 3.0 GB/6.2 GB   19 MB/s   2m43s[K[?25h[?2026l[?2026h[?25l[A[1Gpulling manifest [K
pulling 9657d5771484:  49% ▕████████          ▏ 3.0 GB/6.2 GB   19 MB/s   2m43s[K[?25h[?2026l[?2026h[?25l[A[1Gpulling manifest [K
pulling 9657d5771484:  49% ▕████████          ▏ 3.0 GB/6.2 GB   19 MB/s   2m44s[K[?25h[?2026l[?2026h[?25l[A[1Gpulling manifest [K
pulling 9657d5771484:  49% ▕████████          ▏ 3.0 GB/6.2 GB   19 MB/s   2m44s[K[?25h[?2026l[?2026h[?25l[A[1Gpulling manifest [K
pulling 9657d5771484:  49% ▕████████          ▏ 3.0 GB/6.2 GB   19 MB/s   2m44s[K[?25h[?2026l[?2026h[?25l[A[1Gpulling manifest [K
pulling 9657d5771484:  49% ▕████████          ▏ 3.0 GB/6.2 GB   19 MB/s   2m44s[K[?25h[?2026l[?2026h[?25l[A[1Gpulling manifest [K
pulling 9657d5771484:  49% ▕████████          ▏ 3.0 GB/6.2 GB   19 MB/s   2m43s[K[?25h[?2026l[?2026h[?25l[A[1Gpulling manifest [K
pulling 9657d5771484:  49% ▕████████          ▏ 3.1 GB/6.2 GB   19 MB/s   2m43s[K[?25h[?2026l[?2026h[?25l[A[1Gpulling manifest [K
pulling 9657d5771484:  49% ▕████████          ▏ 3.1 GB/6.2 GB   19 MB/s   2m43s[K[?25h[?2026l[?2026h[?25l[A[1Gpulling manifest [K
pulling 9657d5771484:  49% ▕████████          ▏ 3.1 GB/6.2 GB   19 MB/s   2m43s[K[?25h[?2026l[?2026h[?25l[A[1Gpulling manifest [K
pulling 9657d5771484:  49% ▕████████          ▏ 3.1 GB/6.2 GB   19 MB/s   2m43s[K[?25h[?2026l[?2026h[?25l[A[1Gpulling manifest [K
pulling 9657d5771484:  49% ▕████████          ▏ 3.1 GB/6.2 GB   19 MB/s   2m43s[K[?25h[?2026l[?2026h[?25l[A[1Gpulling manifest [K
pulling 9657d5771484:  49% ▕████████          ▏ 3.1 GB/6.2 GB   19 MB/s   2m43s[K[?25h[?2026l[?2026h[?25l[A[1Gpulling manifest [K
pulling 9657d5771484:  49% ▕████████          ▏ 3.1 GB/6.2 GB   19 MB/s   2m44s[K[?25h[?2026l[?2026h[?25l[A[1Gpulling manifest [K
pulling 9657d5771484:  49% ▕████████          ▏ 3.1 GB/6.2 GB   19 MB/s   2m44s[K[?25h[?2026l[?2026h[?25l[A[1Gpulling manifest [K
pulling 9657d5771484:  49% ▕████████          ▏ 3.1 GB/6.2 GB   19 MB/s   2m44s[K[?25h[?2026l[?2026h[?25l[A[1Gpulling manifest [K
pulling 9657d5771484:  49% ▕████████          ▏ 3.1 GB/6.2 GB   19 MB/s   2m44s[K[?25h[?2026l[?2026h[?25l[A[1Gpulling manifest [K
pulling 9657d5771484:  49% ▕████████          ▏ 3.1 GB/6.2 GB   19 MB/s   2m44s[K[?25h[?2026l[?2026h[?25l[A[1Gpulling manifest [K
pulling 9657d5771484:  49% ▕████████          ▏ 3.1 GB/6.2 GB   19 MB/s   2m44s[K[?25h[?2026l[?2026h[?25l[A[1Gpulling manifest [K
pulling 9657d5771484:  49% ▕████████          ▏ 3.1 GB/6.2 GB   19 MB/s   2m44s[K[?25h[?2026l[?2026h[?25l[A[1Gpulling manifest [K
pulling 9657d5771484:  49% ▕████████          ▏ 3.1 GB/6.2 GB   19 MB/s   2m44s[K[?25h[?2026l[?2026h[?25l[A[1Gpulling manifest [K
pulling 9657d5771484:  49% ▕████████          ▏ 3.1 GB/6.2 GB   19 MB/s   2m44s[K[?25h[?2026l[?2026h[?25l[A[1Gpulling manifest [K
pulling 9657d5771484:  49% ▕████████          ▏ 3.1 GB/6.2 GB   19 MB/s   2m44s[K[?25h[?2026l[?2026h[?25l[A[1Gpulling manifest [K
pulling 9657d5771484:  49% ▕████████          ▏ 3.1 GB/6.2 GB   18 MB/s   2m52s[K[?25h[?2026l[?2026h[?25l[A[1Gpulling manifest [K
pulling 9657d5771484:  49% ▕████████          ▏ 3.1 GB/6.2 GB   18 MB/s   2m52s[K[?25h[?2026l[?2026h[?25l[A[1Gpulling manifest [K
pulling 9657d5771484:  49% ▕████████          ▏ 3.1 GB/6.2 GB   18 MB/s   2m52s[K[?25h[?2026l[?2026h[?25l[A[1Gpulling manifest [K
pulling 9657d5771484:  49% ▕████████          ▏ 3.1 GB/6.2 GB   18 MB/s   2m51s[K[?25h[?2026l[?2026h[?25l[A[1Gpulling manifest [K
pulling 9657d5771484:  49% ▕████████          ▏ 3.1 GB/6.2 GB   18 MB/s   2m51s[K[?25h[?2026l[?2026h[?25l[A[1Gpulling manifest [K
pulling 9657d5771484:  49% ▕████████          ▏ 3.1 GB/6.2 GB   18 MB/s   2m51s[K[?25h[?2026l[?2026h[?25l[A[1Gpulling manifest [K
pulling 9657d5771484:  49% ▕████████          ▏ 3.1 GB/6.2 GB   18 MB/s   2m51s[K[?25h[?2026l[?2026h[?25l[A[1Gpulling manifest [K
pulling 9657d5771484:  49% ▕████████          ▏ 3.1 GB/6.2 GB   18 MB/s   2m51s[K[?25h[?2026l[?2026h[?25l[A[1Gpulling manifest [K
pulling 9657d5771484:  50% ▕████████          ▏ 3.1 GB/6.2 GB   18 MB/s   2m51s[K[?25h[?2026l[?2026h[?25l[A[1Gpulling manifest [K
pulling 9657d5771484:  50% ▕████████          ▏ 3.1 GB/6.2 GB   18 MB/s   2m51s[K[?25h[?2026l[?2026h[?25l[A[1Gpulling manifest [K
pulling 9657d5771484:  50% ▕████████          ▏ 3.1 GB/6.2 GB   17 MB/s   2m57s[K[?25h[?2026l[?2026h[?25l[A[1Gpulling manifest [K
pulling 9657d5771484:  50% ▕████████          ▏ 3.1 GB/6.2 GB   17 MB/s   2m57s[K[?25h[?2026l[?2026h[?25l[A[1Gpulling manifest [K
pulling 9657d5771484:  50% ▕████████          ▏ 3.1 GB/6.2 GB   17 MB/s   2m57s[K[?25h[?2026l[?2026h[?25l[A[1Gpulling manifest [K
pulling 9657d5771484:  50% ▕████████          ▏ 3.1 GB/6.2 GB   17 MB/s   2m56s[K[?25h[?2026l[?2026h[?25l[A[1Gpulling manifest [K
pulling 9657d5771484:  50% ▕████████          ▏ 3.1 GB/6.2 GB   17 MB/s   2m56s[K[?25h[?2026l[?2026h[?25l[A[1Gpulling manifest [K
pulling 9657d5771484:  50% ▕████████          ▏ 3.1 GB/6.2 GB   17 MB/s   2m56s[K[?25h[?2026l[?2026h[?25l[A[1Gpulling manifest [K
pulling 9657d5771484:  50% ▕████████          ▏ 3.1 GB/6.2 GB   17 MB/s   2m56s[K[?25h[?2026l[?2026h[?25l[A[1Gpulling manifest [K
pulling 9657d5771484:  50% ▕████████          ▏ 3.1 GB/6.2 GB   17 MB/s   2m56s[K[?25h[?2026l[?2026h[?25l[A[1Gpulling manifest [K
pulling 9657d5771484:  50% ▕████████          ▏ 3.1 GB/6.2 GB   17 MB/s   2m56s[K[?25h[?2026l[?2026h[?25l[A[1Gpulling manifest [K
pulling 9657d5771484:  50% ▕████████          ▏ 3.1 GB/6.2 GB   17 MB/s   2m56s[K[?25h[?2026l[?2026h[?25l[A[1Gpulling manifest [K
pulling 9657d5771484:  50% ▕████████          ▏ 3.1 GB/6.2 GB   17 MB/s   2m58s[K[?25h[?2026l[?2026h[?25l[A[1Gpulling manifest [K
pulling 9657d5771484:  50% ▕████████          ▏ 3.1 GB/6.2 GB   17 MB/s   2m58s[K[?25h[?2026l[?2026h[?25l[A[1Gpulling manifest [K
pulling 9657d5771484:  50% ▕████████          ▏ 3.1 GB/6.2 GB   17 MB/s   2m58s[K[?25h[?2026l[?2026h[?25l[A[1Gpulling manifest [K
pulling 9657d5771484:  50% ▕████████          ▏ 3.1 GB/6.2 GB   17 MB/s   2m57s[K[?25h[?2026l[?2026h[?25l[A[1Gpulling manifest [K
pulling 9657d5771484:  50% ▕████████          ▏ 3.1 GB/6.2 GB   17 MB/s   2m57s[K[?25h[?2026l[?2026h[?25l[A[1Gpulling manifest [K
pulling 9657d5771484:  50% ▕█████████         ▏ 3.1 GB/6.2 GB   17 MB/s   2m57s[K[?25h[?2026l[?2026h[?25l[A[1Gpulling manifest [K
pulling 9657d5771484:  50% ▕█████████         ▏ 3.1 GB/6.2 GB   17 MB/s   2m57s[K[?25h[?2026l[?2026h[?25l[A[1Gpulling manifest [K
pulling 9657d5771484:  50% ▕█████████         ▏ 3.1 GB/6.2 GB   17 MB/s   2m57s[K[?25h[?2026l[?2026h[?25l[A[1Gpulling manifest [K
pulling 9657d5771484:  50% ▕█████████         ▏ 3.1 GB/6.2 GB   17 MB/s   2m57s[K[?25h[?2026l[?2026h[?25l[A[1Gpulling manifest [K
pulling 9657d5771484:  50% ▕█████████         ▏ 3.1 GB/6.2 GB   17 MB/s   2m57s[K[?25h[?2026l[?2026h[?25l[A[1Gpulling manifest [K
pulling 9657d5771484:  50% ▕█████████         ▏ 3.1 GB/6.2 GB   17 MB/s   2m53s[K[?25h[?2026l[?2026h[?25l[A[1Gpulling manifest [K
pulling 9657d5771484:  50% ▕█████████         ▏ 3.1 GB/6.2 GB   17 MB/s   2m53s[K[?25h[?2026l[?2026h[?25l[A[1Gpulling manifest [K
pulling 9657d5771484:  50% ▕█████████         ▏ 3.1 GB/6.2 GB   17 MB/s   2m53s[K[?25h[?2026l[?2026h[?25l[A[1Gpulling manifest [K
pulling 9657d5771484:  50% ▕█████████         ▏ 3.1 GB/6.2 GB   17 MB/s   2m53s[K[?25h[?2026l[?2026h[?25l[A[1Gpulling manifest [K
pulling 9657d5771484:  50% ▕█████████         ▏ 3.1 GB/6.2 GB   17 MB/s   2m53s[K[?25h[?2026l[?2026h[?25l[A[1Gpulling manifest [K
pulling 9657d5771484:  50% ▕█████████         ▏ 3.1 GB/6.2 GB   17 MB/s   2m53s[K[?25h[?2026l[?2026h[?25l[A[1Gpulling manifest [K
pulling 9657d5771484:  50% ▕█████████         ▏ 3.1 GB/6.2 GB   17 MB/s   2m52s[K[?25h[?2026l[?2026h[?25l[A[1Gpulling manifest [K
pulling 9657d5771484:  50% ▕█████████         ▏ 3.1 GB/6.2 GB   17 MB/s   2m52s[K[?25h[?2026l[?2026h[?25l[A[1Gpulling manifest [K
pulling 9657d5771484:  50% ▕█████████         ▏ 3.1 GB/6.2 GB   17 MB/s   2m52s[K[?25h[?2026l[?2026h[?25l[A[1Gpulling manifest [K
pulling 9657d5771484:  50% ▕█████████         ▏ 3.1 GB/6.2 GB   17 MB/s   2m52s[K[?25h[?2026l[?2026h[?25l[A[1Gpulling manifest [K
pulling 9657d5771484:  50% ▕█████████         ▏ 3.1 GB/6.2 GB   17 MB/s   2m52s[K[?25h[?2026l[?2026h[?25l[A[1Gpulling manifest [K
pulling 9657d5771484:  50% ▕█████████         ▏ 3.1 GB/6.2 GB   17 MB/s   2m55s[K[?25h[?2026l[?2026h[?25l[A[1Gpulling manifest [K
pulling 9657d5771484:  50% ▕█████████         ▏ 3.1 GB/6.2 GB   17 MB/s   2m55s[K[?25h[?2026l[?2026h[?25l[A[1Gpulling manifest [K
pulling 9657d5771484:  51% ▕█████████         ▏ 3.1 GB/6.2 GB   17 MB/s   2m55s[K[?25h[?2026l[?2026h[?25l[A[1Gpulling manifest [K
pulling 9657d5771484:  51% ▕█████████         ▏ 3.1 GB/6.2 GB   17 MB/s   2m55s[K[?25h[?2026l[?2026h[?25l[A[1Gpulling manifest [K
pulling 9657d5771484:  51% ▕█████████         ▏ 3.1 GB/6.2 GB   17 MB/s   2m54s[K[?25h[?2026l[?2026h[?25l[A[1Gpulling manifest [K
pulling 9657d5771484:  51% ▕█████████         ▏ 3.1 GB/6.2 GB   17 MB/s   2m54s[K[?25h[?2026l[?2026h[?25l[A[1Gpulling manifest [K
pulling 9657d5771484:  51% ▕█████████         ▏ 3.1 GB/6.2 GB   17 MB/s   2m54s[K[?25h[?2026l[?2026h[?25l[A[1Gpulling manifest [K
pulling 9657d5771484:  51% ▕█████████         ▏ 3.2 GB/6.2 GB   17 MB/s   2m54s[K[?25h[?2026l[?2026h[?25l[A[1Gpulling manifest [K
pulling 9657d5771484:  51% ▕█████████         ▏ 3.2 GB/6.2 GB   17 MB/s   2m54s[K[?25h[?2026l[?2026h[?25l[A[1Gpulling manifest [K
pulling 9657d5771484:  51% ▕█████████         ▏ 3.2 GB/6.2 GB   17 MB/s   2m54s[K[?25h[?2026l[?2026h[?25l[A[1Gpulling manifest [K
pulling 9657d5771484:  51% ▕█████████         ▏ 3.2 GB/6.2 GB   17 MB/s   2m55s[K[?25h[?2026l[?2026h[?25l[A[1Gpulling manifest [K
pulling 9657d5771484:  51% ▕█████████         ▏ 3.2 GB/6.2 GB   17 MB/s   2m55s[K[?25h[?2026l[?2026h[?25l[A[1Gpulling manifest [K
pulling 9657d5771484:  51% ▕█████████         ▏ 3.2 GB/6.2 GB   17 MB/s   2m55s[K[?25h[?2026l[?2026h[?25l[A[1Gpulling manifest [K
pulling 9657d5771484:  51% ▕█████████         ▏ 3.2 GB/6.2 GB   17 MB/s   2m55s[K[?25h[?2026l[?2026h[?25l[A[1Gpulling manifest [K
pulling 9657d5771484:  51% ▕█████████         ▏ 3.2 GB/6.2 GB   17 MB/s   2m55s[K[?25h[?2026l[?2026h[?25l[A[1Gpulling manifest [K
pulling 9657d5771484:  51% ▕█████████         ▏ 3.2 GB/6.2 GB   17 MB/s   2m55s[K[?25h[?2026l[?2026h[?25l[A[1Gpulling manifest [K
pulling 9657d5771484:  51% ▕█████████         ▏ 3.2 GB/6.2 GB   17 MB/s   2m54s[K[?25h[?2026l[?2026h[?25l[A[1Gpulling manifest [K
pulling 9657d5771484:  51% ▕█████████         ▏ 3.2 GB/6.2 GB   17 MB/s   2m54s[K[?25h[?2026l[?2026h[?25l[A[1Gpulling manifest [K
pulling 9657d5771484:  51% ▕█████████         ▏ 3.2 GB/6.2 GB   17 MB/s   2m54s[K[?25h[?2026l[?2026h[?25l[A[1Gpulling manifest [K
pulling 9657d5771484:  51% ▕█████████         ▏ 3.2 GB/6.2 GB   17 MB/s   2m54s[K[?25h[?2026l[?2026h[?25l[A[1Gpulling manifest [K
pulling 9657d5771484:  51% ▕█████████         ▏ 3.2 GB/6.2 GB   17 MB/s   2m53s[K[?25h[?2026l[?2026h[?25l[A[1Gpulling manifest [K
pulling 9657d5771484:  51% ▕█████████         ▏ 3.2 GB/6.2 GB   17 MB/s   2m53s[K[?25h[?2026l[?2026h[?25l[A[1Gpulling manifest [K
pulling 9657d5771484:  51% ▕█████████         ▏ 3.2 GB/6.2 GB   17 MB/s   2m53s[K[?25h[?2026l[?2026h[?25l[A[1Gpulling manifest [K
pulling 9657d5771484:  51% ▕█████████         ▏ 3.2 GB/6.2 GB   17 MB/s   2m53s[K[?25h[?2026l[?2026h[?25l[A[1Gpulling manifest [K
pulling 9657d5771484:  51% ▕█████████         ▏ 3.2 GB/6.2 GB   17 MB/s   2m53s[K[?25h[?2026l[?2026h[?25l[A[1Gpulling manifest [K
pulling 9657d5771484:  51% ▕█████████         ▏ 3.2 GB/6.2 GB   17 MB/s   2m53s[K[?25h[?2026l[?2026h[?25l[A[1Gpulling manifest [K
pulling 9657d5771484:  51% ▕█████████         ▏ 3.2 GB/6.2 GB   17 MB/s   2m53s[K[?25h[?2026l[?2026h[?25l[A[1Gpulling manifest [K
pulling 9657d5771484:  51% ▕█████████         ▏ 3.2 GB/6.2 GB   17 MB/s   2m52s[K[?25h[?2026l[?2026h[?25l[A[1Gpulling manifest [K
pulling 9657d5771484:  51% ▕█████████         ▏ 3.2 GB/6.2 GB   17 MB/s   2m52s[K[?25h[?2026l[?2026h[?25l[A[1Gpulling manifest [K
pulling 9657d5771484:  51% ▕█████████         ▏ 3.2 GB/6.2 GB   17 MB/s   2m52s[K[?25h[?2026l[?2026h[?25l[A[1Gpulling manifest [K
pulling 9657d5771484:  51% ▕█████████         ▏ 3.2 GB/6.2 GB   17 MB/s   2m53s[K[?25h[?2026l[?2026h[?25l[A[1Gpulling manifest [K
pulling 9657d5771484:  51% ▕█████████         ▏ 3.2 GB/6.2 GB   17 MB/s   2m52s[K[?25h[?2026l[?2026h[?25l[A[1Gpulling manifest [K
pulling 9657d5771484:  51% ▕█████████         ▏ 3.2 GB/6.2 GB   17 MB/s   2m52s[K[?25h[?2026l[?2026h[?25l[A[1Gpulling manifest [K
pulling 9657d5771484:  52% ▕█████████         ▏ 3.2 GB/6.2 GB   17 MB/s   2m52s[K[?25h[?2026l[?2026h[?25l[A[1Gpulling manifest [K
pulling 9657d5771484:  52% ▕█████████         ▏ 3.2 GB/6.2 GB   17 MB/s   2m52s[K[?25h[?2026l[?2026h[?25l[A[1Gpulling manifest [K
pulling 9657d5771484:  52% ▕█████████         ▏ 3.2 GB/6.2 GB   17 MB/s   2m52s[K[?25h[?2026l[?2026h[?25l[A[1Gpulling manifest [K
pulling 9657d5771484:  52% ▕█████████         ▏ 3.2 GB/6.2 GB   17 MB/s   2m52s[K[?25h[?2026l[?2026h[?25l[A[1Gpulling manifest [K
pulling 9657d5771484:  52% ▕█████████         ▏ 3.2 GB/6.2 GB   17 MB/s   2m52s[K[?25h[?2026l[?2026h[?25l[A[1Gpulling manifest [K
pulling 9657d5771484:  52% ▕█████████         ▏ 3.2 GB/6.2 GB   17 MB/s   2m52s[K[?25h[?2026l[?2026h[?25l[A[1Gpulling manifest [K
pulling 9657d5771484:  52% ▕█████████         ▏ 3.2 GB/6.2 GB   17 MB/s   2m51s[K[?25h[?2026l[?2026h[?25l[A[1Gpulling manifest [K
pulling 9657d5771484:  52% ▕█████████         ▏ 3.2 GB/6.2 GB   18 MB/s   2m44s[K[?25h[?2026l[?2026h[?25l[A[1Gpulling manifest [K
pulling 9657d5771484:  52% ▕█████████         ▏ 3.2 GB/6.2 GB   18 MB/s   2m44s[K[?25h[?2026l[?2026h[?25l[A[1Gpulling manifest [K
pulling 9657d5771484:  52% ▕█████████         ▏ 3.2 GB/6.2 GB   18 MB/s   2m44s[K[?25h[?2026l[?2026h[?25l[A[1Gpulling manifest [K
pulling 9657d5771484:  52% ▕█████████         ▏ 3.2 GB/6.2 GB   18 MB/s   2m44s[K[?25h[?2026l[?2026h[?25l[A[1Gpulling manifest [K
pulling 9657d5771484:  52% ▕█████████         ▏ 3.2 GB/6.2 GB   18 MB/s   2m44s[K[?25h[?2026l[?2026h[?25l[A[1Gpulling manifest [K
pulling 9657d5771484:  52% ▕█████████         ▏ 3.2 GB/6.2 GB   18 MB/s   2m43s[K[?25h[?2026l[?2026h[?25l[A[1Gpulling manifest [K
pulling 9657d5771484:  52% ▕█████████         ▏ 3.2 GB/6.2 GB   18 MB/s   2m43s[K[?25h[?2026l[?2026h[?25l[A[1Gpulling manifest [K
pulling 9657d5771484:  52% ▕█████████         ▏ 3.2 GB/6.2 GB   18 MB/s   2m43s[K[?25h[?2026l[?2026h[?25l[A[1Gpulling manifest [K
pulling 9657d5771484:  52% ▕█████████         ▏ 3.2 GB/6.2 GB   18 MB/s   2m43s[K[?25h[?2026l[?2026h[?25l[A[1Gpulling manifest [K
pulling 9657d5771484:  52% ▕█████████         ▏ 3.2 GB/6.2 GB   18 MB/s   2m43s[K[?25h[?2026l[?2026h[?25l[A[1Gpulling manifest [K
pulling 9657d5771484:  52% ▕█████████         ▏ 3.2 GB/6.2 GB   18 MB/s   2m43s[K[?25h[?2026l[?2026h[?25l[A[1Gpulling manifest [K
pulling 9657d5771484:  52% ▕█████████         ▏ 3.2 GB/6.2 GB   19 MB/s   2m33s[K[?25h[?2026l[?2026h[?25l[A[1Gpulling manifest [K
pulling 9657d5771484:  52% ▕█████████         ▏ 3.2 GB/6.2 GB   19 MB/s   2m33s[K[?25h[?2026l[?2026h[?25l[A[1Gpulling manifest [K
pulling 9657d5771484:  52% ▕█████████         ▏ 3.2 GB/6.2 GB   19 MB/s   2m33s[K[?25h[?2026l[?2026h[?25l[A[1Gpulling manifest [K
pulling 9657d5771484:  52% ▕█████████         ▏ 3.2 GB/6.2 GB   19 MB/s   2m33s[K[?25h[?2026l[?2026h[?25l[A[1Gpulling manifest [K
pulling 9657d5771484:  52% ▕█████████         ▏ 3.3 GB/6.2 GB   19 MB/s   2m33s[K[?25h[?2026l[?2026h[?25l[A[1Gpulling manifest [K
pulling 9657d5771484:  52% ▕█████████         ▏ 3.3 GB/6.2 GB   19 MB/s   2m33s[K[?25h[?2026l[?2026h[?25l[A[1Gpulling manifest [K
pulling 9657d5771484:  52% ▕█████████         ▏ 3.3 GB/6.2 GB   19 MB/s   2m33s[K[?25h[?2026l[?2026h[?25l[A[1Gpulling manifest [K
pulling 9657d5771484:  52% ▕█████████         ▏ 3.3 GB/6.2 GB   19 MB/s   2m32s[K[?25h[?2026l[?2026h[?25l[A[1Gpulling manifest [K
pulling 9657d5771484:  52% ▕█████████         ▏ 3.3 GB/6.2 GB   19 MB/s   2m32s[K[?25h[?2026l[?2026h[?25l[A[1Gpulling manifest [K
pulling 9657d5771484:  52% ▕█████████         ▏ 3.3 GB/6.2 GB   19 MB/s   2m32s[K[?25h[?2026l[?2026h[?25l[A[1Gpulling manifest [K
pulling 9657d5771484:  52% ▕█████████         ▏ 3.3 GB/6.2 GB   19 MB/s   2m31s[K[?25h[?2026l[?2026h[?25l[A[1Gpulling manifest [K
pulling 9657d5771484:  52% ▕█████████         ▏ 3.3 GB/6.2 GB   19 MB/s   2m31s[K[?25h[?2026l[?2026h[?25l[A[1Gpulling manifest [K
pulling 9657d5771484:  52% ▕█████████         ▏ 3.3 GB/6.2 GB   19 MB/s   2m31s[K[?25h[?2026l[?2026h[?25l[A[1Gpulling manifest [K
pulling 9657d5771484:  52% ▕█████████         ▏ 3.3 GB/6.2 GB   19 MB/s   2m31s[K[?25h[?2026l[?2026h[?25l[A[1Gpulling manifest [K
pulling 9657d5771484:  52% ▕█████████         ▏ 3.3 GB/6.2 GB   19 MB/s   2m31s[K[?25h[?2026l[?2026h[?25l[A[1Gpulling manifest [K
pulling 9657d5771484:  53% ▕█████████         ▏ 3.3 GB/6.2 GB   19 MB/s   2m31s[K[?25h[?2026l[?2026h[?25l[A[1Gpulling manifest [K
pulling 9657d5771484:  53% ▕█████████         ▏ 3.3 GB/6.2 GB   19 MB/s   2m31s[K[?25h[?2026l[?2026h[?25l[A[1Gpulling manifest [K
pulling 9657d5771484:  53% ▕█████████         ▏ 3.3 GB/6.2 GB   19 MB/s   2m31s[K[?25h[?2026l[?2026h[?25l[A[1Gpulling manifest [K
pulling 9657d5771484:  53% ▕█████████         ▏ 3.3 GB/6.2 GB   19 MB/s   2m31s[K[?25h[?2026l[?2026h[?25l[A[1Gpulling manifest [K
pulling 9657d5771484:  53% ▕█████████         ▏ 3.3 GB/6.2 GB   19 MB/s   2m30s[K[?25h[?2026l[?2026h[?25l[A[1Gpulling manifest [K
pulling 9657d5771484:  53% ▕█████████         ▏ 3.3 GB/6.2 GB   19 MB/s   2m31s[K[?25h[?2026l[?2026h[?25l[A[1Gpulling manifest [K
pulling 9657d5771484:  53% ▕█████████         ▏ 3.3 GB/6.2 GB   19 MB/s   2m31s[K[?25h[?2026l[?2026h[?25l[A[1Gpulling manifest [K
pulling 9657d5771484:  53% ▕█████████         ▏ 3.3 GB/6.2 GB   19 MB/s   2m31s[K[?25h[?2026l[?2026h[?25l[A[1Gpulling manifest [K
pulling 9657d5771484:  53% ▕█████████         ▏ 3.3 GB/6.2 GB   19 MB/s   2m31s[K[?25h[?2026l[?2026h[?25l[A[1Gpulling manifest [K
pulling 9657d5771484:  53% ▕█████████         ▏ 3.3 GB/6.2 GB   19 MB/s   2m31s[K[?25h[?2026l[?2026h[?25l[A[1Gpulling manifest [K
pulling 9657d5771484:  53% ▕█████████         ▏ 3.3 GB/6.2 GB   19 MB/s   2m31s[K[?25h[?2026l[?2026h[?25l[A[1Gpulling manifest [K
pulling 9657d5771484:  53% ▕█████████         ▏ 3.3 GB/6.2 GB   19 MB/s   2m31s[K[?25h[?2026l[?2026h[?25l[A[1Gpulling manifest [K
pulling 9657d5771484:  53% ▕█████████         ▏ 3.3 GB/6.2 GB   19 MB/s   2m30s[K[?25h[?2026l[?2026h[?25l[A[1Gpulling manifest [K
pulling 9657d5771484:  53% ▕█████████         ▏ 3.3 GB/6.2 GB   19 MB/s   2m30s[K[?25h[?2026l[?2026h[?25l[A[1Gpulling manifest [K
pulling 9657d5771484:  53% ▕█████████         ▏ 3.3 GB/6.2 GB   19 MB/s   2m30s[K[?25h[?2026l[?2026h[?25l[A[1Gpulling manifest [K
pulling 9657d5771484:  53% ▕█████████         ▏ 3.3 GB/6.2 GB   19 MB/s   2m29s[K[?25h[?2026l[?2026h[?25l[A[1Gpulling manifest [K
pulling 9657d5771484:  53% ▕█████████         ▏ 3.3 GB/6.2 GB   19 MB/s   2m29s[K[?25h[?2026l[?2026h[?25l[A[1Gpulling manifest [K
pulling 9657d5771484:  53% ▕█████████         ▏ 3.3 GB/6.2 GB   19 MB/s   2m29s[K[?25h[?2026l[?2026h[?25l[A[1Gpulling manifest [K
pulling 9657d5771484:  53% ▕█████████         ▏ 3.3 GB/6.2 GB   19 MB/s   2m29s[K[?25h[?2026l[?2026h[?25l[A[1Gpulling manifest [K
pulling 9657d5771484:  53% ▕█████████         ▏ 3.3 GB/6.2 GB   19 MB/s   2m29s[K[?25h[?2026l[?2026h[?25l[A[1Gpulling manifest [K
pulling 9657d5771484:  53% ▕█████████         ▏ 3.3 GB/6.2 GB   19 MB/s   2m29s[K[?25h[?2026l[?2026h[?25l[A[1Gpulling manifest [K
pulling 9657d5771484:  53% ▕█████████         ▏ 3.3 GB/6.2 GB   19 MB/s   2m29s[K[?25h[?2026l[?2026h[?25l[A[1Gpulling manifest [K
pulling 9657d5771484:  53% ▕█████████         ▏ 3.3 GB/6.2 GB   19 MB/s   2m28s[K[?25h[?2026l[?2026h[?25l[A[1Gpulling manifest [K
pulling 9657d5771484:  53% ▕█████████         ▏ 3.3 GB/6.2 GB   19 MB/s   2m28s[K[?25h[?2026l[?2026h[?25l[A[1Gpulling manifest [K
pulling 9657d5771484:  53% ▕█████████         ▏ 3.3 GB/6.2 GB   19 MB/s   2m28s[K[?25h[?2026l[?2026h[?25l[A[1Gpulling manifest [K
pulling 9657d5771484:  53% ▕█████████         ▏ 3.3 GB/6.2 GB   19 MB/s   2m27s[K[?25h[?2026l[?2026h[?25l[A[1Gpulling manifest [K
pulling 9657d5771484:  53% ▕█████████         ▏ 3.3 GB/6.2 GB   19 MB/s   2m27s[K[?25h[?2026l[?2026h[?25l[A[1Gpulling manifest [K
pulling 9657d5771484:  53% ▕█████████         ▏ 3.3 GB/6.2 GB   19 MB/s   2m26s[K[?25h[?2026l[?2026h[?25l[A[1Gpulling manifest [K
pulling 9657d5771484:  53% ▕█████████         ▏ 3.3 GB/6.2 GB   19 MB/s   2m26s[K[?25h[?2026l[?2026h[?25l[A[1Gpulling manifest [K
pulling 9657d5771484:  53% ▕█████████         ▏ 3.3 GB/6.2 GB   19 MB/s   2m26s[K[?25h[?2026l[?2026h[?25l[A[1Gpulling manifest [K
pulling 9657d5771484:  53% ▕█████████         ▏ 3.3 GB/6.2 GB   19 MB/s   2m26s[K[?25h[?2026l[?2026h[?25l[A[1Gpulling manifest [K
pulling 9657d5771484:  53% ▕█████████         ▏ 3.3 GB/6.2 GB   19 MB/s   2m26s[K[?25h[?2026l[?2026h[?25l[A[1Gpulling manifest [K
pulling 9657d5771484:  53% ▕█████████         ▏ 3.3 GB/6.2 GB   19 MB/s   2m26s[K[?25h[?2026l[?2026h[?25l[A[1Gpulling manifest [K
pulling 9657d5771484:  54% ▕█████████         ▏ 3.3 GB/6.2 GB   19 MB/s   2m26s[K[?25h[?2026l[?2026h[?25l[A[1Gpulling manifest [K
pulling 9657d5771484:  54% ▕█████████         ▏ 3.3 GB/6.2 GB   19 MB/s   2m26s[K[?25h[?2026l[?2026h[?25l[A[1Gpulling manifest [K
pulling 9657d5771484:  54% ▕█████████         ▏ 3.3 GB/6.2 GB   19 MB/s   2m26s[K[?25h[?2026l[?2026h[?25l[A[1Gpulling manifest [K
pulling 9657d5771484:  54% ▕█████████         ▏ 3.3 GB/6.2 GB   19 MB/s   2m28s[K[?25h[?2026l[?2026h[?25l[A[1Gpulling manifest [K
pulling 9657d5771484:  54% ▕█████████         ▏ 3.3 GB/6.2 GB   19 MB/s   2m28s[K[?25h[?2026l[?2026h[?25l[A[1Gpulling manifest [K
pulling 9657d5771484:  54% ▕█████████         ▏ 3.3 GB/6.2 GB   19 MB/s   2m28s[K[?25h[?2026l[?2026h[?25l[A[1Gpulling manifest [K
pulling 9657d5771484:  54% ▕█████████         ▏ 3.3 GB/6.2 GB   19 MB/s   2m28s[K[?25h[?2026l[?2026h[?25l[A[1Gpulling manifest [K
pulling 9657d5771484:  54% ▕█████████         ▏ 3.3 GB/6.2 GB   19 MB/s   2m28s[K[?25h[?2026l[?2026h[?25l[A[1Gpulling manifest [K
pulling 9657d5771484:  54% ▕█████████         ▏ 3.3 GB/6.2 GB   19 MB/s   2m28s[K[?25h[?2026l[?2026h[?25l[A[1Gpulling manifest [K
pulling 9657d5771484:  54% ▕█████████         ▏ 3.3 GB/6.2 GB   19 MB/s   2m28s[K[?25h[?2026l[?2026h[?25l[A[1Gpulling manifest [K
pulling 9657d5771484:  54% ▕█████████         ▏ 3.3 GB/6.2 GB   19 MB/s   2m28s[K[?25h[?2026l[?2026h[?25l[A[1Gpulling manifest [K
pulling 9657d5771484:  54% ▕█████████         ▏ 3.3 GB/6.2 GB   19 MB/s   2m27s[K[?25h[?2026l[?2026h[?25l[A[1Gpulling manifest [K
pulling 9657d5771484:  54% ▕█████████         ▏ 3.3 GB/6.2 GB   19 MB/s   2m27s[K[?25h[?2026l[?2026h[?25l[A[1Gpulling manifest [K
pulling 9657d5771484:  54% ▕█████████         ▏ 3.4 GB/6.2 GB   19 MB/s   2m28s[K[?25h[?2026l[?2026h[?25l[A[1Gpulling manifest [K
pulling 9657d5771484:  54% ▕█████████         ▏ 3.4 GB/6.2 GB   19 MB/s   2m28s[K[?25h[?2026l[?2026h[?25l[A[1Gpulling manifest [K
pulling 9657d5771484:  54% ▕█████████         ▏ 3.4 GB/6.2 GB   19 MB/s   2m28s[K[?25h[?2026l[?2026h[?25l[A[1Gpulling manifest [K
pulling 9657d5771484:  54% ▕█████████         ▏ 3.4 GB/6.2 GB   19 MB/s   2m28s[K[?25h[?2026l[?2026h[?25l[A[1Gpulling manifest [K
pulling 9657d5771484:  54% ▕█████████         ▏ 3.4 GB/6.2 GB   19 MB/s   2m27s[K[?25h[?2026l[?2026h[?25l[A[1Gpulling manifest [K
pulling 9657d5771484:  54% ▕█████████         ▏ 3.4 GB/6.2 GB   19 MB/s   2m27s[K[?25h[?2026l[?2026h[?25l[A[1Gpulling manifest [K
pulling 9657d5771484:  54% ▕█████████         ▏ 3.4 GB/6.2 GB   19 MB/s   2m27s[K[?25h[?2026l[?2026h[?25l[A[1Gpulling manifest [K
pulling 9657d5771484:  54% ▕█████████         ▏ 3.4 GB/6.2 GB   19 MB/s   2m27s[K[?25h[?2026l[?2026h[?25l[A[1Gpulling manifest [K
pulling 9657d5771484:  54% ▕█████████         ▏ 3.4 GB/6.2 GB   19 MB/s   2m27s[K[?25h[?2026l[?2026h[?25l[A[1Gpulling manifest [K
pulling 9657d5771484:  54% ▕█████████         ▏ 3.4 GB/6.2 GB   19 MB/s   2m27s[K[?25h[?2026l[?2026h[?25l[A[1Gpulling manifest [K
pulling 9657d5771484:  54% ▕█████████         ▏ 3.4 GB/6.2 GB   19 MB/s   2m28s[K[?25h[?2026l[?2026h[?25l[A[1Gpulling manifest [K
pulling 9657d5771484:  54% ▕█████████         ▏ 3.4 GB/6.2 GB   19 MB/s   2m27s[K[?25h[?2026l[?2026h[?25l[A[1Gpulling manifest [K
pulling 9657d5771484:  54% ▕█████████         ▏ 3.4 GB/6.2 GB   19 MB/s   2m27s[K[?25h[?2026l[?2026h[?25l[A[1Gpulling manifest [K
pulling 9657d5771484:  54% ▕█████████         ▏ 3.4 GB/6.2 GB   19 MB/s   2m27s[K[?25h[?2026l[?2026h[?25l[A[1Gpulling manifest [K
pulling 9657d5771484:  54% ▕█████████         ▏ 3.4 GB/6.2 GB   19 MB/s   2m27s[K[?25h[?2026l[?2026h[?25l[A[1Gpulling manifest [K
pulling 9657d5771484:  54% ▕█████████         ▏ 3.4 GB/6.2 GB   19 MB/s   2m27s[K[?25h[?2026l[?2026h[?25l[A[1Gpulling manifest [K
pulling 9657d5771484:  54% ▕█████████         ▏ 3.4 GB/6.2 GB   19 MB/s   2m27s[K[?25h[?2026l[?2026h[?25l[A[1Gpulling manifest [K
pulling 9657d5771484:  54% ▕█████████         ▏ 3.4 GB/6.2 GB   19 MB/s   2m27s[K[?25h[?2026l[?2026h[?25l[A[1Gpulling manifest [K
pulling 9657d5771484:  54% ▕█████████         ▏ 3.4 GB/6.2 GB   19 MB/s   2m27s[K[?25h[?2026l[?2026h[?25l[A[1Gpulling manifest [K
pulling 9657d5771484:  54% ▕█████████         ▏ 3.4 GB/6.2 GB   19 MB/s   2m27s[K[?25h[?2026l[?2026h[?25l[A[1Gpulling manifest [K
pulling 9657d5771484:  55% ▕█████████         ▏ 3.4 GB/6.2 GB   18 MB/s   2m30s[K[?25h[?2026l[?2026h[?25l[A[1Gpulling manifest [K
pulling 9657d5771484:  55% ▕█████████         ▏ 3.4 GB/6.2 GB   18 MB/s   2m29s[K[?25h[?2026l[?2026h[?25l[A[1Gpulling manifest [K
pulling 9657d5771484:  55% ▕█████████         ▏ 3.4 GB/6.2 GB   18 MB/s   2m29s[K[?25h[?2026l[?2026h[?25l[A[1Gpulling manifest [K
pulling 9657d5771484:  55% ▕█████████         ▏ 3.4 GB/6.2 GB   18 MB/s   2m29s[K[?25h[?2026l[?2026h[?25l[A[1Gpulling manifest [K
pulling 9657d5771484:  55% ▕█████████         ▏ 3.4 GB/6.2 GB   18 MB/s   2m29s[K[?25h[?2026l[?2026h[?25l[A[1Gpulling manifest [K
pulling 9657d5771484:  55% ▕█████████         ▏ 3.4 GB/6.2 GB   18 MB/s   2m29s[K[?25h[?2026l[?2026h[?25l[A[1Gpulling manifest [K
pulling 9657d5771484:  55% ▕█████████         ▏ 3.4 GB/6.2 GB   18 MB/s   2m29s[K[?25h[?2026l[?2026h[?25l[A[1Gpulling manifest [K
pulling 9657d5771484:  55% ▕█████████         ▏ 3.4 GB/6.2 GB   18 MB/s   2m29s[K[?25h[?2026l[?2026h[?25l[A[1Gpulling manifest [K
pulling 9657d5771484:  55% ▕█████████         ▏ 3.4 GB/6.2 GB   18 MB/s   2m29s[K[?25h[?2026l[?2026h[?25l[A[1Gpulling manifest [K
pulling 9657d5771484:  55% ▕█████████         ▏ 3.4 GB/6.2 GB   18 MB/s   2m29s[K[?25h[?2026l[?2026h[?25l[A[1Gpulling manifest [K
pulling 9657d5771484:  55% ▕█████████         ▏ 3.4 GB/6.2 GB   18 MB/s   2m33s[K[?25h[?2026l[?2026h[?25l[A[1Gpulling manifest [K
pulling 9657d5771484:  55% ▕█████████         ▏ 3.4 GB/6.2 GB   18 MB/s   2m33s[K[?25h[?2026l[?2026h[?25l[A[1Gpulling manifest [K
pulling 9657d5771484:  55% ▕█████████         ▏ 3.4 GB/6.2 GB   18 MB/s   2m33s[K[?25h[?2026l[?2026h[?25l[A[1Gpulling manifest [K
pulling 9657d5771484:  55% ▕█████████         ▏ 3.4 GB/6.2 GB   18 MB/s   2m33s[K[?25h[?2026l[?2026h[?25l[A[1Gpulling manifest [K
pulling 9657d5771484:  55% ▕█████████         ▏ 3.4 GB/6.2 GB   18 MB/s   2m33s[K[?25h[?2026l[?2026h[?25l[A[1Gpulling manifest [K
pulling 9657d5771484:  55% ▕█████████         ▏ 3.4 GB/6.2 GB   18 MB/s   2m33s[K[?25h[?2026l[?2026h[?25l[A[1Gpulling manifest [K
pulling 9657d5771484:  55% ▕█████████         ▏ 3.4 GB/6.2 GB   18 MB/s   2m33s[K[?25h[?2026l[?2026h[?25l[A[1Gpulling manifest [K
pulling 9657d5771484:  55% ▕█████████         ▏ 3.4 GB/6.2 GB   18 MB/s   2m33s[K[?25h[?2026l[?2026h[?25l[A[1Gpulling manifest [K
pulling 9657d5771484:  55% ▕█████████         ▏ 3.4 GB/6.2 GB   18 MB/s   2m33s[K[?25h[?2026l[?2026h[?25l[A[1Gpulling manifest [K
pulling 9657d5771484:  55% ▕█████████         ▏ 3.4 GB/6.2 GB   18 MB/s   2m32s[K[?25h[?2026l[?2026h[?25l[A[1Gpulling manifest [K
pulling 9657d5771484:  55% ▕█████████         ▏ 3.4 GB/6.2 GB   18 MB/s   2m32s[K[?25h[?2026l[?2026h[?25l[A[1Gpulling manifest [K
pulling 9657d5771484:  55% ▕█████████         ▏ 3.4 GB/6.2 GB   18 MB/s   2m29s[K[?25h[?2026l[?2026h[?25l[A[1Gpulling manifest [K
pulling 9657d5771484:  55% ▕█████████         ▏ 3.4 GB/6.2 GB   18 MB/s   2m29s[K[?25h[?2026l[?2026h[?25l[A[1Gpulling manifest [K
pulling 9657d5771484:  55% ▕█████████         ▏ 3.4 GB/6.2 GB   18 MB/s   2m29s[K[?25h[?2026l[?2026h[?25l[A[1Gpulling manifest [K
pulling 9657d5771484:  55% ▕█████████         ▏ 3.4 GB/6.2 GB   18 MB/s   2m29s[K[?25h[?2026l[?2026h[?25l[A[1Gpulling manifest [K
pulling 9657d5771484:  55% ▕█████████         ▏ 3.4 GB/6.2 GB   18 MB/s   2m29s[K[?25h[?2026l[?2026h[?25l[A[1Gpulling manifest [K
pulling 9657d5771484:  55% ▕█████████         ▏ 3.4 GB/6.2 GB   18 MB/s   2m29s[K[?25h[?2026l[?2026h[?25l[A[1Gpulling manifest [K
pulling 9657d5771484:  55% ▕█████████         ▏ 3.4 GB/6.2 GB   18 MB/s   2m29s[K[?25h[?2026l[?2026h[?25l[A[1Gpulling manifest [K
pulling 9657d5771484:  55% ▕█████████         ▏ 3.4 GB/6.2 GB   18 MB/s   2m28s[K[?25h[?2026l[?2026h[?25l[A[1Gpulling manifest [K
pulling 9657d5771484:  55% ▕█████████         ▏ 3.4 GB/6.2 GB   18 MB/s   2m28s[K[?25h[?2026l[?2026h[?25l[A[1Gpulling manifest [K
pulling 9657d5771484:  55% ▕█████████         ▏ 3.4 GB/6.2 GB   18 MB/s   2m28s[K[?25h[?2026l[?2026h[?25l[A[1Gpulling manifest [K
pulling 9657d5771484:  55% ▕█████████         ▏ 3.4 GB/6.2 GB   18 MB/s   2m28s[K[?25h[?2026l[?2026h[?25l[A[1Gpulling manifest [K
pulling 9657d5771484:  55% ▕█████████         ▏ 3.4 GB/6.2 GB   18 MB/s   2m28s[K[?25h[?2026l[?2026h[?25l[A[1Gpulling manifest [K
pulling 9657d5771484:  55% ▕█████████         ▏ 3.4 GB/6.2 GB   18 MB/s   2m28s[K[?25h[?2026l[?2026h[?25l[A[1Gpulling manifest [K
pulling 9657d5771484:  55% ▕█████████         ▏ 3.4 GB/6.2 GB   18 MB/s   2m28s[K[?25h[?2026l[?2026h[?25l[A[1Gpulling manifest [K
pulling 9657d5771484:  55% ▕█████████         ▏ 3.4 GB/6.2 GB   18 MB/s   2m28s[K[?25h[?2026l[?2026h[?25l[A[1Gpulling manifest [K
pulling 9657d5771484:  56% ▕█████████         ▏ 3.5 GB/6.2 GB   18 MB/s   2m28s[K[?25h[?2026l[?2026h[?25l[A[1Gpulling manifest [K
pulling 9657d5771484:  56% ▕█████████         ▏ 3.5 GB/6.2 GB   18 MB/s   2m28s[K[?25h[?2026l[?2026h[?25l[A[1Gpulling manifest [K
pulling 9657d5771484:  56% ▕██████████        ▏ 3.5 GB/6.2 GB   18 MB/s   2m28s[K[?25h[?2026l[?2026h[?25l[A[1Gpulling manifest [K
pulling 9657d5771484:  56% ▕██████████        ▏ 3.5 GB/6.2 GB   18 MB/s   2m28s[K[?25h[?2026l[?2026h[?25l[A[1Gpulling manifest [K
pulling 9657d5771484:  56% ▕██████████        ▏ 3.5 GB/6.2 GB   18 MB/s   2m27s[K[?25h[?2026l[?2026h[?25l[A[1Gpulling manifest [K
pulling 9657d5771484:  56% ▕██████████        ▏ 3.5 GB/6.2 GB   18 MB/s   2m30s[K[?25h[?2026l[?2026h[?25l[A[1Gpulling manifest [K
pulling 9657d5771484:  56% ▕██████████        ▏ 3.5 GB/6.2 GB   18 MB/s   2m30s[K[?25h[?2026l[?2026h[?25l[A[1Gpulling manifest [K
pulling 9657d5771484:  56% ▕██████████        ▏ 3.5 GB/6.2 GB   18 MB/s   2m30s[K[?25h[?2026l[?2026h[?25l[A[1Gpulling manifest [K
pulling 9657d5771484:  56% ▕██████████        ▏ 3.5 GB/6.2 GB   18 MB/s   2m30s[K[?25h[?2026l[?2026h[?25l[A[1Gpulling manifest [K
pulling 9657d5771484:  56% ▕██████████        ▏ 3.5 GB/6.2 GB   18 MB/s   2m30s[K[?25h[?2026l[?2026h[?25l[A[1Gpulling manifest [K
pulling 9657d5771484:  56% ▕██████████        ▏ 3.5 GB/6.2 GB   18 MB/s   2m30s[K[?25h[?2026l[?2026h[?25l[A[1Gpulling manifest [K
pulling 9657d5771484:  56% ▕██████████        ▏ 3.5 GB/6.2 GB   18 MB/s   2m30s[K[?25h[?2026l[?2026h[?25l[A[1Gpulling manifest [K
pulling 9657d5771484:  56% ▕██████████        ▏ 3.5 GB/6.2 GB   18 MB/s   2m29s[K[?25h[?2026l[?2026h[?25l[A[1Gpulling manifest [K
pulling 9657d5771484:  56% ▕██████████        ▏ 3.5 GB/6.2 GB   18 MB/s   2m29s[K[?25h[?2026l[?2026h[?25l[A[1Gpulling manifest [K
pulling 9657d5771484:  56% ▕██████████        ▏ 3.5 GB/6.2 GB   18 MB/s   2m29s[K[?25h[?2026l[?2026h[?25l[A[1Gpulling manifest [K
pulling 9657d5771484:  56% ▕██████████        ▏ 3.5 GB/6.2 GB   18 MB/s   2m28s[K[?25h[?2026l[?2026h[?25l[A[1Gpulling manifest [K
pulling 9657d5771484:  56% ▕██████████        ▏ 3.5 GB/6.2 GB   18 MB/s   2m28s[K[?25h[?2026l[?2026h[?25l[A[1Gpulling manifest [K
pulling 9657d5771484:  56% ▕██████████        ▏ 3.5 GB/6.2 GB   18 MB/s   2m28s[K[?25h[?2026l[?2026h[?25l[A[1Gpulling manifest [K
pulling 9657d5771484:  56% ▕██████████        ▏ 3.5 GB/6.2 GB   18 MB/s   2m28s[K[?25h[?2026l[?2026h[?25l[A[1Gpulling manifest [K
pulling 9657d5771484:  56% ▕██████████        ▏ 3.5 GB/6.2 GB   18 MB/s   2m28s[K[?25h[?2026l[?2026h[?25l[A[1Gpulling manifest [K
pulling 9657d5771484:  56% ▕██████████        ▏ 3.5 GB/6.2 GB   18 MB/s   2m28s[K[?25h[?2026l[?2026h[?25l[A[1Gpulling manifest [K
pulling 9657d5771484:  56% ▕██████████        ▏ 3.5 GB/6.2 GB   18 MB/s   2m28s[K[?25h[?2026l[?2026h[?25l[A[1Gpulling manifest [K
pulling 9657d5771484:  56% ▕██████████        ▏ 3.5 GB/6.2 GB   18 MB/s   2m27s[K[?25h[?2026l[?2026h[?25l[A[1Gpulling manifest [K
pulling 9657d5771484:  56% ▕██████████        ▏ 3.5 GB/6.2 GB   18 MB/s   2m27s[K[?25h[?2026l[?2026h[?25l[A[1Gpulling manifest [K
pulling 9657d5771484:  56% ▕██████████        ▏ 3.5 GB/6.2 GB   18 MB/s   2m27s[K[?25h[?2026l[?2026h[?25l[A[1Gpulling manifest [K
pulling 9657d5771484:  56% ▕██████████        ▏ 3.5 GB/6.2 GB   18 MB/s   2m24s[K[?25h[?2026l[?2026h[?25l[A[1Gpulling manifest [K
pulling 9657d5771484:  56% ▕██████████        ▏ 3.5 GB/6.2 GB   18 MB/s   2m23s[K[?25h[?2026l[?2026h[?25l[A[1Gpulling manifest [K
pulling 9657d5771484:  56% ▕██████████        ▏ 3.5 GB/6.2 GB   18 MB/s   2m23s[K[?25h[?2026l[?2026h[?25l[A[1Gpulling manifest [K
pulling 9657d5771484:  56% ▕██████████        ▏ 3.5 GB/6.2 GB   18 MB/s   2m23s[K[?25h[?2026l[?2026h[?25l[A[1Gpulling manifest [K
pulling 9657d5771484:  56% ▕██████████        ▏ 3.5 GB/6.2 GB   18 MB/s   2m23s[K[?25h[?2026l[?2026h[?25l[A[1Gpulling manifest [K
pulling 9657d5771484:  56% ▕██████████        ▏ 3.5 GB/6.2 GB   18 MB/s   2m23s[K[?25h[?2026l[?2026h[?25l[A[1Gpulling manifest [K
pulling 9657d5771484:  56% ▕██████████        ▏ 3.5 GB/6.2 GB   18 MB/s   2m23s[K[?25h[?2026l[?2026h[?25l[A[1Gpulling manifest [K
pulling 9657d5771484:  57% ▕██████████        ▏ 3.5 GB/6.2 GB   18 MB/s   2m23s[K[?25h[?2026l[?2026h[?25l[A[1Gpulling manifest [K
pulling 9657d5771484:  57% ▕██████████        ▏ 3.5 GB/6.2 GB   18 MB/s   2m23s[K[?25h[?2026l[?2026h[?25l[A[1Gpulling manifest [K
pulling 9657d5771484:  57% ▕██████████        ▏ 3.5 GB/6.2 GB   18 MB/s   2m23s[K[?25h[?2026l[?2026h[?25l[A[1Gpulling manifest [K
pulling 9657d5771484:  57% ▕██████████        ▏ 3.5 GB/6.2 GB   18 MB/s   2m22s[K[?25h[?2026l[?2026h[?25l[A[1Gpulling manifest [K
pulling 9657d5771484:  57% ▕██████████        ▏ 3.5 GB/6.2 GB   18 MB/s   2m22s[K[?25h[?2026l[?2026h[?25l[A[1Gpulling manifest [K
pulling 9657d5771484:  57% ▕██████████        ▏ 3.5 GB/6.2 GB   18 MB/s   2m21s[K[?25h[?2026l[?2026h[?25l[A[1Gpulling manifest [K
pulling 9657d5771484:  57% ▕██████████        ▏ 3.5 GB/6.2 GB   18 MB/s   2m21s[K[?25h[?2026l[?2026h[?25l[A[1Gpulling manifest [K
pulling 9657d5771484:  57% ▕██████████        ▏ 3.5 GB/6.2 GB   18 MB/s   2m21s[K[?25h[?2026l[?2026h[?25l[A[1Gpulling manifest [K
pulling 9657d5771484:  57% ▕██████████        ▏ 3.5 GB/6.2 GB   18 MB/s   2m21s[K[?25h[?2026l[?2026h[?25l[A[1Gpulling manifest [K
pulling 9657d5771484:  57% ▕██████████        ▏ 3.5 GB/6.2 GB   18 MB/s   2m21s[K[?25h[?2026l[?2026h[?25l[A[1Gpulling manifest [K
pulling 9657d5771484:  57% ▕██████████        ▏ 3.5 GB/6.2 GB   18 MB/s   2m21s[K[?25h[?2026l[?2026h[?25l[A[1Gpulling manifest [K
pulling 9657d5771484:  57% ▕██████████        ▏ 3.5 GB/6.2 GB   18 MB/s   2m21s[K[?25h[?2026l[?2026h[?25l[A[1Gpulling manifest [K
pulling 9657d5771484:  57% ▕██████████        ▏ 3.5 GB/6.2 GB   18 MB/s   2m21s[K[?25h[?2026l[?2026h[?25l[A[1Gpulling manifest [K
pulling 9657d5771484:  57% ▕██████████        ▏ 3.5 GB/6.2 GB   18 MB/s   2m21s[K[?25h[?2026l[?2026h[?25l[A[1Gpulling manifest [K
pulling 9657d5771484:  57% ▕██████████        ▏ 3.5 GB/6.2 GB   18 MB/s   2m21s[K[?25h[?2026l[?2026h[?25l[A[1Gpulling manifest [K
pulling 9657d5771484:  57% ▕██████████        ▏ 3.5 GB/6.2 GB   18 MB/s   2m21s[K[?25h[?2026l[?2026h[?25l[A[1Gpulling manifest [K
pulling 9657d5771484:  57% ▕██████████        ▏ 3.5 GB/6.2 GB   18 MB/s   2m21s[K[?25h[?2026l[?2026h[?25l[A[1Gpulling manifest [K
pulling 9657d5771484:  57% ▕██████████        ▏ 3.5 GB/6.2 GB   18 MB/s   2m20s[K[?25h[?2026l[?2026h[?25l[A[1Gpulling manifest [K
pulling 9657d5771484:  57% ▕██████████        ▏ 3.5 GB/6.2 GB   18 MB/s   2m20s[K[?25h[?2026l[?2026h[?25l[A[1Gpulling manifest [K
pulling 9657d5771484:  57% ▕██████████        ▏ 3.6 GB/6.2 GB   18 MB/s   2m20s[K[?25h[?2026l[?2026h[?25l[A[1Gpulling manifest [K
pulling 9657d5771484:  57% ▕██████████        ▏ 3.6 GB/6.2 GB   18 MB/s   2m20s[K[?25h[?2026l[?2026h[?25l[A[1Gpulling manifest [K
pulling 9657d5771484:  57% ▕██████████        ▏ 3.6 GB/6.2 GB   18 MB/s   2m20s[K[?25h[?2026l[?2026h[?25l[A[1Gpulling manifest [K
pulling 9657d5771484:  57% ▕██████████        ▏ 3.6 GB/6.2 GB   18 MB/s   2m20s[K[?25h[?2026l[?2026h[?25l[A[1Gpulling manifest [K
pulling 9657d5771484:  57% ▕██████████        ▏ 3.6 GB/6.2 GB   18 MB/s   2m20s[K[?25h[?2026l[?2026h[?25l[A[1Gpulling manifest [K
pulling 9657d5771484:  57% ▕██████████        ▏ 3.6 GB/6.2 GB   18 MB/s   2m19s[K[?25h[?2026l[?2026h[?25l[A[1Gpulling manifest [K
pulling 9657d5771484:  57% ▕██████████        ▏ 3.6 GB/6.2 GB   18 MB/s   2m19s[K[?25h[?2026l[?2026h[?25l[A[1Gpulling manifest [K
pulling 9657d5771484:  57% ▕██████████        ▏ 3.6 GB/6.2 GB   18 MB/s   2m19s[K[?25h[?2026l[?2026h[?25l[A[1Gpulling manifest [K
pulling 9657d5771484:  57% ▕██████████        ▏ 3.6 GB/6.2 GB   18 MB/s   2m19s[K[?25h[?2026l[?2026h[?25l[A[1Gpulling manifest [K
pulling 9657d5771484:  57% ▕██████████        ▏ 3.6 GB/6.2 GB   18 MB/s   2m19s[K[?25h[?2026l[?2026h[?25l[A[1Gpulling manifest [K
pulling 9657d5771484:  57% ▕██████████        ▏ 3.6 GB/6.2 GB   18 MB/s   2m19s[K[?25h[?2026l[?2026h[?25l[A[1Gpulling manifest [K
pulling 9657d5771484:  57% ▕██████████        ▏ 3.6 GB/6.2 GB   18 MB/s   2m19s[K[?25h[?2026l[?2026h[?25l[A[1Gpulling manifest [K
pulling 9657d5771484:  57% ▕██████████        ▏ 3.6 GB/6.2 GB   18 MB/s   2m19s[K[?25h[?2026l[?2026h[?25l[A[1Gpulling manifest [K
pulling 9657d5771484:  58% ▕██████████        ▏ 3.6 GB/6.2 GB   18 MB/s   2m19s[K[?25h[?2026l[?2026h[?25l[A[1Gpulling manifest [K
pulling 9657d5771484:  58% ▕██████████        ▏ 3.6 GB/6.2 GB   18 MB/s   2m19s[K[?25h[?2026l[?2026h[?25l[A[1Gpulling manifest [K
pulling 9657d5771484:  58% ▕██████████        ▏ 3.6 GB/6.2 GB   19 MB/s   2m17s[K[?25h[?2026l[?2026h[?25l[A[1Gpulling manifest [K
pulling 9657d5771484:  58% ▕██████████        ▏ 3.6 GB/6.2 GB   19 MB/s   2m17s[K[?25h[?2026l[?2026h[?25l[A[1Gpulling manifest [K
pulling 9657d5771484:  58% ▕██████████        ▏ 3.6 GB/6.2 GB   19 MB/s   2m16s[K[?25h[?2026l[?2026h[?25l[A[1Gpulling manifest [K
pulling 9657d5771484:  58% ▕██████████        ▏ 3.6 GB/6.2 GB   19 MB/s   2m16s[K[?25h[?2026l[?2026h[?25l[A[1Gpulling manifest [K
pulling 9657d5771484:  58% ▕██████████        ▏ 3.6 GB/6.2 GB   19 MB/s   2m16s[K[?25h[?2026l[?2026h[?25l[A[1Gpulling manifest [K
pulling 9657d5771484:  58% ▕██████████        ▏ 3.6 GB/6.2 GB   19 MB/s   2m16s[K[?25h[?2026l[?2026h[?25l[A[1Gpulling manifest [K
pulling 9657d5771484:  58% ▕██████████        ▏ 3.6 GB/6.2 GB   19 MB/s   2m16s[K[?25h[?2026l[?2026h[?25l[A[1Gpulling manifest [K
pulling 9657d5771484:  58% ▕██████████        ▏ 3.6 GB/6.2 GB   19 MB/s   2m16s[K[?25h[?2026l[?2026h[?25l[A[1Gpulling manifest [K
pulling 9657d5771484:  58% ▕██████████        ▏ 3.6 GB/6.2 GB   19 MB/s   2m16s[K[?25h[?2026l[?2026h[?25l[A[1Gpulling manifest [K
pulling 9657d5771484:  58% ▕██████████        ▏ 3.6 GB/6.2 GB   19 MB/s   2m16s[K[?25h[?2026l[?2026h[?25l[A[1Gpulling manifest [K
pulling 9657d5771484:  58% ▕██████████        ▏ 3.6 GB/6.2 GB   19 MB/s   2m17s[K[?25h[?2026l[?2026h[?25l[A[1Gpulling manifest [K
pulling 9657d5771484:  58% ▕██████████        ▏ 3.6 GB/6.2 GB   19 MB/s   2m17s[K[?25h[?2026l[?2026h[?25l[A[1Gpulling manifest [K
pulling 9657d5771484:  58% ▕██████████        ▏ 3.6 GB/6.2 GB   19 MB/s   2m17s[K[?25h[?2026l[?2026h[?25l[A[1Gpulling manifest [K
pulling 9657d5771484:  58% ▕██████████        ▏ 3.6 GB/6.2 GB   19 MB/s   2m17s[K[?25h[?2026l[?2026h[?25l[A[1Gpulling manifest [K
pulling 9657d5771484:  58% ▕██████████        ▏ 3.6 GB/6.2 GB   19 MB/s   2m17s[K[?25h[?2026l[?2026h[?25l[A[1Gpulling manifest [K
pulling 9657d5771484:  58% ▕██████████        ▏ 3.6 GB/6.2 GB   19 MB/s   2m17s[K[?25h[?2026l[?2026h[?25l[A[1Gpulling manifest [K
pulling 9657d5771484:  58% ▕██████████        ▏ 3.6 GB/6.2 GB   19 MB/s   2m17s[K[?25h[?2026l[?2026h[?25l[A[1Gpulling manifest [K
pulling 9657d5771484:  58% ▕██████████        ▏ 3.6 GB/6.2 GB   19 MB/s   2m17s[K[?25h[?2026l[?2026h[?25l[A[1Gpulling manifest [K
pulling 9657d5771484:  58% ▕██████████        ▏ 3.6 GB/6.2 GB   19 MB/s   2m17s[K[?25h[?2026l[?2026h[?25l[A[1Gpulling manifest [K
pulling 9657d5771484:  58% ▕██████████        ▏ 3.6 GB/6.2 GB   19 MB/s   2m16s[K[?25h[?2026l[?2026h[?25l[A[1Gpulling manifest [K
pulling 9657d5771484:  58% ▕██████████        ▏ 3.6 GB/6.2 GB   19 MB/s   2m16s[K[?25h[?2026l[?2026h[?25l[A[1Gpulling manifest [K
pulling 9657d5771484:  58% ▕██████████        ▏ 3.6 GB/6.2 GB   19 MB/s   2m15s[K[?25h[?2026l[?2026h[?25l[A[1Gpulling manifest [K
pulling 9657d5771484:  58% ▕██████████        ▏ 3.6 GB/6.2 GB   19 MB/s   2m15s[K[?25h[?2026l[?2026h[?25l[A[1Gpulling manifest [K
pulling 9657d5771484:  58% ▕██████████        ▏ 3.6 GB/6.2 GB   19 MB/s   2m14s[K[?25h[?2026l[?2026h[?25l[A[1Gpulling manifest [K
pulling 9657d5771484:  58% ▕██████████        ▏ 3.6 GB/6.2 GB   19 MB/s   2m14s[K[?25h[?2026l[?2026h[?25l[A[1Gpulling manifest [K
pulling 9657d5771484:  58% ▕██████████        ▏ 3.6 GB/6.2 GB   19 MB/s   2m14s[K[?25h[?2026l[?2026h[?25l[A[1Gpulling manifest [K
pulling 9657d5771484:  58% ▕██████████        ▏ 3.6 GB/6.2 GB   19 MB/s   2m14s[K[?25h[?2026l[?2026h[?25l[A[1Gpulling manifest [K
pulling 9657d5771484:  58% ▕██████████        ▏ 3.6 GB/6.2 GB   19 MB/s   2m14s[K[?25h[?2026l[?2026h[?25l[A[1Gpulling manifest [K
pulling 9657d5771484:  58% ▕██████████        ▏ 3.6 GB/6.2 GB   19 MB/s   2m14s[K[?25h[?2026l[?2026h[?25l[A[1Gpulling manifest [K
pulling 9657d5771484:  58% ▕██████████        ▏ 3.6 GB/6.2 GB   19 MB/s   2m14s[K[?25h[?2026l[?2026h[?25l[A[1Gpulling manifest [K
pulling 9657d5771484:  58% ▕██████████        ▏ 3.6 GB/6.2 GB   19 MB/s   2m14s[K[?25h[?2026l[?2026h[?25l[A[1Gpulling manifest [K
pulling 9657d5771484:  58% ▕██████████        ▏ 3.6 GB/6.2 GB   19 MB/s   2m15s[K[?25h[?2026l[?2026h[?25l[A[1Gpulling manifest [K
pulling 9657d5771484:  58% ▕██████████        ▏ 3.6 GB/6.2 GB   19 MB/s   2m15s[K[?25h[?2026l[?2026h[?25l[A[1Gpulling manifest [K
pulling 9657d5771484:  58% ▕██████████        ▏ 3.6 GB/6.2 GB   19 MB/s   2m15s[K[?25h[?2026l[?2026h[?25l[A[1Gpulling manifest [K
pulling 9657d5771484:  58% ▕██████████        ▏ 3.6 GB/6.2 GB   19 MB/s   2m15s[K[?25h[?2026l[?2026h[?25l[A[1Gpulling manifest [K
pulling 9657d5771484:  58% ▕██████████        ▏ 3.6 GB/6.2 GB   19 MB/s   2m15s[K[?25h[?2026l[?2026h[?25l[A[1Gpulling manifest [K
pulling 9657d5771484:  58% ▕██████████        ▏ 3.6 GB/6.2 GB   19 MB/s   2m15s[K[?25h[?2026l[?2026h[?25l[A[1Gpulling manifest [K
pulling 9657d5771484:  59% ▕██████████        ▏ 3.6 GB/6.2 GB   19 MB/s   2m15s[K[?25h[?2026l[?2026h[?25l[A[1Gpulling manifest [K
pulling 9657d5771484:  59% ▕██████████        ▏ 3.6 GB/6.2 GB   19 MB/s   2m15s[K[?25h[?2026l[?2026h[?25l[A[1Gpulling manifest [K
pulling 9657d5771484:  59% ▕██████████        ▏ 3.6 GB/6.2 GB   19 MB/s   2m15s[K[?25h[?2026l[?2026h[?25l[A[1Gpulling manifest [K
pulling 9657d5771484:  59% ▕██████████        ▏ 3.6 GB/6.2 GB   19 MB/s   2m14s[K[?25h[?2026l[?2026h[?25l[A[1Gpulling manifest [K
pulling 9657d5771484:  59% ▕██████████        ▏ 3.6 GB/6.2 GB   17 MB/s   2m23s[K[?25h[?2026l[?2026h[?25l[A[1Gpulling manifest [K
pulling 9657d5771484:  59% ▕██████████        ▏ 3.6 GB/6.2 GB   17 MB/s   2m23s[K[?25h[?2026l[?2026h[?25l[A[1Gpulling manifest [K
pulling 9657d5771484:  59% ▕██████████        ▏ 3.6 GB/6.2 GB   17 MB/s   2m23s[K[?25h[?2026l[?2026h[?25l[A[1Gpulling manifest [K
pulling 9657d5771484:  59% ▕██████████        ▏ 3.6 GB/6.2 GB   17 MB/s   2m22s[K[?25h[?2026l[?2026h[?25l[A[1Gpulling manifest [K
pulling 9657d5771484:  59% ▕██████████        ▏ 3.6 GB/6.2 GB   17 MB/s   2m22s[K[?25h[?2026l[?2026h[?25l[A[1Gpulling manifest [K
pulling 9657d5771484:  59% ▕██████████        ▏ 3.7 GB/6.2 GB   17 MB/s   2m22s[K[?25h[?2026l[?2026h[?25l[A[1Gpulling manifest [K
pulling 9657d5771484:  59% ▕██████████        ▏ 3.7 GB/6.2 GB   17 MB/s   2m22s[K[?25h[?2026l[?2026h[?25l[A[1Gpulling manifest [K
pulling 9657d5771484:  59% ▕██████████        ▏ 3.7 GB/6.2 GB   17 MB/s   2m22s[K[?25h[?2026l[?2026h[?25l[A[1Gpulling manifest [K
pulling 9657d5771484:  59% ▕██████████        ▏ 3.7 GB/6.2 GB   17 MB/s   2m22s[K[?25h[?2026l[?2026h[?25l[A[1Gpulling manifest [K
pulling 9657d5771484:  59% ▕██████████        ▏ 3.7 GB/6.2 GB   17 MB/s   2m22s[K[?25h[?2026l[?2026h[?25l[A[1Gpulling manifest [K
pulling 9657d5771484:  59% ▕██████████        ▏ 3.7 GB/6.2 GB   17 MB/s   2m27s[K[?25h[?2026l[?2026h[?25l[A[1Gpulling manifest [K
pulling 9657d5771484:  59% ▕██████████        ▏ 3.7 GB/6.2 GB   17 MB/s   2m27s[K[?25h[?2026l[?2026h[?25l[A[1Gpulling manifest [K
pulling 9657d5771484:  59% ▕██████████        ▏ 3.7 GB/6.2 GB   17 MB/s   2m27s[K[?25h[?2026l[?2026h[?25l[A[1Gpulling manifest [K
pulling 9657d5771484:  59% ▕██████████        ▏ 3.7 GB/6.2 GB   17 MB/s   2m27s[K[?25h[?2026l[?2026h[?25l[A[1Gpulling manifest [K
pulling 9657d5771484:  59% ▕██████████        ▏ 3.7 GB/6.2 GB   17 MB/s   2m27s[K[?25h[?2026l[?2026h[?25l[A[1Gpulling manifest [K
pulling 9657d5771484:  59% ▕██████████        ▏ 3.7 GB/6.2 GB   17 MB/s   2m27s[K[?25h[?2026l[?2026h[?25l[A[1Gpulling manifest [K
pulling 9657d5771484:  59% ▕██████████        ▏ 3.7 GB/6.2 GB   17 MB/s   2m27s[K[?25h[?2026l[?2026h[?25l[A[1Gpulling manifest [K
pulling 9657d5771484:  59% ▕██████████        ▏ 3.7 GB/6.2 GB   17 MB/s   2m27s[K[?25h[?2026l[?2026h[?25l[A[1Gpulling manifest [K
pulling 9657d5771484:  59% ▕██████████        ▏ 3.7 GB/6.2 GB   17 MB/s   2m27s[K[?25h[?2026l[?2026h[?25l[A[1Gpulling manifest [K
pulling 9657d5771484:  59% ▕██████████        ▏ 3.7 GB/6.2 GB   17 MB/s   2m26s[K[?25h[?2026l[?2026h[?25l[A[1Gpulling manifest [K
pulling 9657d5771484:  59% ▕██████████        ▏ 3.7 GB/6.2 GB   16 MB/s   2m33s[K[?25h[?2026l[?2026h[?25l[A[1Gpulling manifest [K
pulling 9657d5771484:  59% ▕██████████        ▏ 3.7 GB/6.2 GB   16 MB/s   2m33s[K[?25h[?2026l[?2026h[?25l[A[1Gpulling manifest [K
pulling 9657d5771484:  59% ▕██████████        ▏ 3.7 GB/6.2 GB   16 MB/s   2m33s[K[?25h[?2026l[?2026h[?25l[A[1Gpulling manifest [K
pulling 9657d5771484:  59% ▕██████████        ▏ 3.7 GB/6.2 GB   16 MB/s   2m33s[K[?25h[?2026l[?2026h[?25l[A[1Gpulling manifest [K
pulling 9657d5771484:  59% ▕██████████        ▏ 3.7 GB/6.2 GB   16 MB/s   2m33s[K[?25h[?2026l[?2026h[?25l[A[1Gpulling manifest [K
pulling 9657d5771484:  59% ▕██████████        ▏ 3.7 GB/6.2 GB   16 MB/s   2m32s[K[?25h[?2026l[?2026h[?25l[A[1Gpulling manifest [K
pulling 9657d5771484:  59% ▕██████████        ▏ 3.7 GB/6.2 GB   16 MB/s   2m32s[K[?25h[?2026l[?2026h[?25l[A[1Gpulling manifest [K
pulling 9657d5771484:  59% ▕██████████        ▏ 3.7 GB/6.2 GB   16 MB/s   2m32s[K[?25h[?2026l[?2026h[?25l[A[1Gpulling manifest [K
pulling 9657d5771484:  59% ▕██████████        ▏ 3.7 GB/6.2 GB   16 MB/s   2m32s[K[?25h[?2026l[?2026h[?25l[A[1Gpulling manifest [K
pulling 9657d5771484:  59% ▕██████████        ▏ 3.7 GB/6.2 GB   16 MB/s   2m32s[K[?25h[?2026l[?2026h[?25l[A[1Gpulling manifest [K
pulling 9657d5771484:  59% ▕██████████        ▏ 3.7 GB/6.2 GB   16 MB/s   2m32s[K[?25h[?2026l[?2026h[?25l[A[1Gpulling manifest [K
pulling 9657d5771484:  59% ▕██████████        ▏ 3.7 GB/6.2 GB   16 MB/s   2m32s[K[?25h[?2026l[?2026h[?25l[A[1Gpulling manifest [K
pulling 9657d5771484:  59% ▕██████████        ▏ 3.7 GB/6.2 GB   16 MB/s   2m32s[K[?25h[?2026l[?2026h[?25l[A[1Gpulling manifest [K
pulling 9657d5771484:  59% ▕██████████        ▏ 3.7 GB/6.2 GB   16 MB/s   2m32s[K[?25h[?2026l[?2026h[?25l[A[1Gpulling manifest [K
pulling 9657d5771484:  59% ▕██████████        ▏ 3.7 GB/6.2 GB   16 MB/s   2m32s[K[?25h[?2026l[?2026h[?25l[A[1Gpulling manifest [K
pulling 9657d5771484:  59% ▕██████████        ▏ 3.7 GB/6.2 GB   16 MB/s   2m32s[K[?25h[?2026l[?2026h[?25l[A[1Gpulling manifest [K
pulling 9657d5771484:  60% ▕██████████        ▏ 3.7 GB/6.2 GB   16 MB/s   2m32s[K[?25h[?2026l[?2026h[?25l[A[1Gpulling manifest [K
pulling 9657d5771484:  60% ▕██████████        ▏ 3.7 GB/6.2 GB   16 MB/s   2m32s[K[?25h[?2026l[?2026h[?25l[A[1Gpulling manifest [K
pulling 9657d5771484:  60% ▕██████████        ▏ 3.7 GB/6.2 GB   16 MB/s   2m31s[K[?25h[?2026l[?2026h[?25l[A[1Gpulling manifest [K
pulling 9657d5771484:  60% ▕██████████        ▏ 3.7 GB/6.2 GB   16 MB/s   2m31s[K[?25h[?2026l[?2026h[?25l[A[1Gpulling manifest [K
pulling 9657d5771484:  60% ▕██████████        ▏ 3.7 GB/6.2 GB   16 MB/s   2m31s[K[?25h[?2026l[?2026h[?25l[A[1Gpulling manifest [K
pulling 9657d5771484:  60% ▕██████████        ▏ 3.7 GB/6.2 GB   16 MB/s   2m31s[K[?25h[?2026l[?2026h[?25l[A[1Gpulling manifest [K
pulling 9657d5771484:  60% ▕██████████        ▏ 3.7 GB/6.2 GB   16 MB/s   2m31s[K[?25h[?2026l[?2026h[?25l[A[1Gpulling manifest [K
pulling 9657d5771484:  60% ▕██████████        ▏ 3.7 GB/6.2 GB   16 MB/s   2m30s[K[?25h[?2026l[?2026h[?25l[A[1Gpulling manifest [K
pulling 9657d5771484:  60% ▕██████████        ▏ 3.7 GB/6.2 GB   16 MB/s   2m30s[K[?25h[?2026l[?2026h[?25l[A[1Gpulling manifest [K
pulling 9657d5771484:  60% ▕██████████        ▏ 3.7 GB/6.2 GB   16 MB/s   2m30s[K[?25h[?2026l[?2026h[?25l[A[1Gpulling manifest [K
pulling 9657d5771484:  60% ▕██████████        ▏ 3.7 GB/6.2 GB   16 MB/s   2m30s[K[?25h[?2026l[?2026h[?25l[A[1Gpulling manifest [K
pulling 9657d5771484:  60% ▕██████████        ▏ 3.7 GB/6.2 GB   16 MB/s   2m30s[K[?25h[?2026l[?2026h[?25l[A[1Gpulling manifest [K
pulling 9657d5771484:  60% ▕██████████        ▏ 3.7 GB/6.2 GB   16 MB/s   2m30s[K[?25h[?2026l[?2026h[?25l[A[1Gpulling manifest [K
pulling 9657d5771484:  60% ▕██████████        ▏ 3.7 GB/6.2 GB   16 MB/s   2m30s[K[?25h[?2026l[?2026h[?25l[A[1Gpulling manifest [K
pulling 9657d5771484:  60% ▕██████████        ▏ 3.7 GB/6.2 GB   16 MB/s   2m30s[K[?25h[?2026l[?2026h[?25l[A[1Gpulling manifest [K
pulling 9657d5771484:  60% ▕██████████        ▏ 3.7 GB/6.2 GB   16 MB/s   2m28s[K[?25h[?2026l[?2026h[?25l[A[1Gpulling manifest [K
pulling 9657d5771484:  60% ▕██████████        ▏ 3.7 GB/6.2 GB   16 MB/s   2m28s[K[?25h[?2026l[?2026h[?25l[A[1Gpulling manifest [K
pulling 9657d5771484:  60% ▕██████████        ▏ 3.7 GB/6.2 GB   16 MB/s   2m28s[K[?25h[?2026l[?2026h[?25l[A[1Gpulling manifest [K
pulling 9657d5771484:  60% ▕██████████        ▏ 3.7 GB/6.2 GB   16 MB/s   2m28s[K[?25h[?2026l[?2026h[?25l[A[1Gpulling manifest [K
pulling 9657d5771484:  60% ▕██████████        ▏ 3.7 GB/6.2 GB   16 MB/s   2m27s[K[?25h[?2026l[?2026h[?25l[A[1Gpulling manifest [K
pulling 9657d5771484:  60% ▕██████████        ▏ 3.7 GB/6.2 GB   16 MB/s   2m27s[K[?25h[?2026l[?2026h[?25l[A[1Gpulling manifest [K
pulling 9657d5771484:  60% ▕██████████        ▏ 3.7 GB/6.2 GB   16 MB/s   2m27s[K[?25h[?2026l[?2026h[?25l[A[1Gpulling manifest [K
pulling 9657d5771484:  60% ▕██████████        ▏ 3.7 GB/6.2 GB   16 MB/s   2m27s[K[?25h[?2026l[?2026h[?25l[A[1Gpulling manifest [K
pulling 9657d5771484:  60% ▕██████████        ▏ 3.7 GB/6.2 GB   16 MB/s   2m27s[K[?25h[?2026l[?2026h[?25l[A[1Gpulling manifest [K
pulling 9657d5771484:  60% ▕██████████        ▏ 3.7 GB/6.2 GB   16 MB/s   2m27s[K[?25h[?2026l[?2026h[?25l[A[1Gpulling manifest [K
pulling 9657d5771484:  60% ▕██████████        ▏ 3.8 GB/6.2 GB   17 MB/s   2m22s[K[?25h[?2026l[?2026h[?25l[A[1Gpulling manifest [K
pulling 9657d5771484:  60% ▕██████████        ▏ 3.8 GB/6.2 GB   17 MB/s   2m22s[K[?25h[?2026l[?2026h[?25l[A[1Gpulling manifest [K
pulling 9657d5771484:  60% ▕██████████        ▏ 3.8 GB/6.2 GB   17 MB/s   2m22s[K[?25h[?2026l[?2026h[?25l[A[1Gpulling manifest [K
pulling 9657d5771484:  60% ▕██████████        ▏ 3.8 GB/6.2 GB   17 MB/s   2m22s[K[?25h[?2026l[?2026h[?25l[A[1Gpulling manifest [K
pulling 9657d5771484:  60% ▕██████████        ▏ 3.8 GB/6.2 GB   17 MB/s   2m22s[K[?25h[?2026l[?2026h[?25l[A[1Gpulling manifest [K
pulling 9657d5771484:  60% ▕██████████        ▏ 3.8 GB/6.2 GB   17 MB/s   2m22s[K[?25h[?2026l[?2026h[?25l[A[1Gpulling manifest [K
pulling 9657d5771484:  61% ▕██████████        ▏ 3.8 GB/6.2 GB   17 MB/s   2m22s[K[?25h[?2026l[?2026h[?25l[A[1Gpulling manifest [K
pulling 9657d5771484:  61% ▕██████████        ▏ 3.8 GB/6.2 GB   17 MB/s   2m21s[K[?25h[?2026l[?2026h[?25l[A[1Gpulling manifest [K
pulling 9657d5771484:  61% ▕██████████        ▏ 3.8 GB/6.2 GB   17 MB/s   2m21s[K[?25h[?2026l[?2026h[?25l[A[1Gpulling manifest [K
pulling 9657d5771484:  61% ▕██████████        ▏ 3.8 GB/6.2 GB   17 MB/s   2m21s[K[?25h[?2026l[?2026h[?25l[A[1Gpulling manifest [K
pulling 9657d5771484:  61% ▕██████████        ▏ 3.8 GB/6.2 GB   17 MB/s   2m21s[K[?25h[?2026l[?2026h[?25l[A[1Gpulling manifest [K
pulling 9657d5771484:  61% ▕██████████        ▏ 3.8 GB/6.2 GB   17 MB/s   2m20s[K[?25h[?2026l[?2026h[?25l[A[1Gpulling manifest [K
pulling 9657d5771484:  61% ▕██████████        ▏ 3.8 GB/6.2 GB   17 MB/s   2m20s[K[?25h[?2026l[?2026h[?25l[A[1Gpulling manifest [K
pulling 9657d5771484:  61% ▕██████████        ▏ 3.8 GB/6.2 GB   17 MB/s   2m20s[K[?25h[?2026l[?2026h[?25l[A[1Gpulling manifest [K
pulling 9657d5771484:  61% ▕██████████        ▏ 3.8 GB/6.2 GB   17 MB/s   2m20s[K[?25h[?2026l[?2026h[?25l[A[1Gpulling manifest [K
pulling 9657d5771484:  61% ▕██████████        ▏ 3.8 GB/6.2 GB   17 MB/s   2m20s[K[?25h[?2026l[?2026h[?25l[A[1Gpulling manifest [K
pulling 9657d5771484:  61% ▕██████████        ▏ 3.8 GB/6.2 GB   17 MB/s   2m20s[K[?25h[?2026l[?2026h[?25l[A[1Gpulling manifest [K
pulling 9657d5771484:  61% ▕██████████        ▏ 3.8 GB/6.2 GB   17 MB/s   2m20s[K[?25h[?2026l[?2026h[?25l[A[1Gpulling manifest [K
pulling 9657d5771484:  61% ▕██████████        ▏ 3.8 GB/6.2 GB   17 MB/s   2m20s[K[?25h[?2026l[?2026h[?25l[A[1Gpulling manifest [K
pulling 9657d5771484:  61% ▕██████████        ▏ 3.8 GB/6.2 GB   17 MB/s   2m19s[K[?25h[?2026l[?2026h[?25l[A[1Gpulling manifest [K
pulling 9657d5771484:  61% ▕██████████        ▏ 3.8 GB/6.2 GB   17 MB/s   2m19s[K[?25h[?2026l[?2026h[?25l[A[1Gpulling manifest [K
pulling 9657d5771484:  61% ▕██████████        ▏ 3.8 GB/6.2 GB   17 MB/s   2m16s[K[?25h[?2026l[?2026h[?25l[A[1Gpulling manifest [K
pulling 9657d5771484:  61% ▕██████████        ▏ 3.8 GB/6.2 GB   17 MB/s   2m15s[K[?25h[?2026l[?2026h[?25l[A[1Gpulling manifest [K
pulling 9657d5771484:  61% ▕██████████        ▏ 3.8 GB/6.2 GB   17 MB/s   2m15s[K[?25h[?2026l[?2026h[?25l[A[1Gpulling manifest [K
pulling 9657d5771484:  61% ▕███████████       ▏ 3.8 GB/6.2 GB   17 MB/s   2m15s[K[?25h[?2026l[?2026h[?25l[A[1Gpulling manifest [K
pulling 9657d5771484:  61% ▕███████████       ▏ 3.8 GB/6.2 GB   17 MB/s   2m15s[K[?25h[?2026l[?2026h[?25l[A[1Gpulling manifest [K
pulling 9657d5771484:  61% ▕███████████       ▏ 3.8 GB/6.2 GB   17 MB/s   2m15s[K[?25h[?2026l[?2026h[?25l[A[1Gpulling manifest [K
pulling 9657d5771484:  61% ▕███████████       ▏ 3.8 GB/6.2 GB   17 MB/s   2m15s[K[?25h[?2026l[?2026h[?25l[A[1Gpulling manifest [K
pulling 9657d5771484:  61% ▕███████████       ▏ 3.8 GB/6.2 GB   17 MB/s   2m15s[K[?25h[?2026l[?2026h[?25l[A[1Gpulling manifest [K
pulling 9657d5771484:  61% ▕███████████       ▏ 3.8 GB/6.2 GB   17 MB/s   2m15s[K[?25h[?2026l[?2026h[?25l[A[1Gpulling manifest [K
pulling 9657d5771484:  61% ▕███████████       ▏ 3.8 GB/6.2 GB   17 MB/s   2m14s[K[?25h[?2026l[?2026h[?25l[A[1Gpulling manifest [K
pulling 9657d5771484:  61% ▕███████████       ▏ 3.8 GB/6.2 GB   19 MB/s    2m5s[K[?25h[?2026l[?2026h[?25l[A[1Gpulling manifest [K
pulling 9657d5771484:  61% ▕███████████       ▏ 3.8 GB/6.2 GB   19 MB/s    2m5s[K[?25h[?2026l[?2026h[?25l[A[1Gpulling manifest [K
pulling 9657d5771484:  61% ▕███████████       ▏ 3.8 GB/6.2 GB   19 MB/s    2m5s[K[?25h[?2026l[?2026h[?25l[A[1Gpulling manifest [K
pulling 9657d5771484:  61% ▕███████████       ▏ 3.8 GB/6.2 GB   19 MB/s    2m5s[K[?25h[?2026l[?2026h[?25l[A[1Gpulling manifest [K
pulling 9657d5771484:  61% ▕███████████       ▏ 3.8 GB/6.2 GB   19 MB/s    2m4s[K[?25h[?2026l[?2026h[?25l[A[1Gpulling manifest [K
pulling 9657d5771484:  61% ▕███████████       ▏ 3.8 GB/6.2 GB   19 MB/s    2m4s[K[?25h[?2026l[?2026h[?25l[A[1Gpulling manifest [K
pulling 9657d5771484:  62% ▕███████████       ▏ 3.8 GB/6.2 GB   19 MB/s    2m4s[K[?25h[?2026l[?2026h[?25l[A[1Gpulling manifest [K
pulling 9657d5771484:  62% ▕███████████       ▏ 3.8 GB/6.2 GB   19 MB/s    2m4s[K[?25h[?2026l[?2026h[?25l[A[1Gpulling manifest [K
pulling 9657d5771484:  62% ▕███████████       ▏ 3.8 GB/6.2 GB   19 MB/s    2m4s[K[?25h[?2026l[?2026h[?25l[A[1Gpulling manifest [K
pulling 9657d5771484:  62% ▕███████████       ▏ 3.8 GB/6.2 GB   19 MB/s    2m4s[K[?25h[?2026l[?2026h[?25l[A[1Gpulling manifest [K
pulling 9657d5771484:  62% ▕███████████       ▏ 3.8 GB/6.2 GB   19 MB/s    2m3s[K[?25h[?2026l[?2026h[?25l[A[1Gpulling manifest [K
pulling 9657d5771484:  62% ▕███████████       ▏ 3.8 GB/6.2 GB   19 MB/s    2m3s[K[?25h[?2026l[?2026h[?25l[A[1Gpulling manifest [K
pulling 9657d5771484:  62% ▕███████████       ▏ 3.8 GB/6.2 GB   19 MB/s    2m3s[K[?25h[?2026l[?2026h[?25l[A[1Gpulling manifest [K
pulling 9657d5771484:  62% ▕███████████       ▏ 3.8 GB/6.2 GB   19 MB/s    2m3s[K[?25h[?2026l[?2026h[?25l[A[1Gpulling manifest [K
pulling 9657d5771484:  62% ▕███████████       ▏ 3.8 GB/6.2 GB   19 MB/s    2m2s[K[?25h[?2026l[?2026h[?25l[A[1Gpulling manifest [K
pulling 9657d5771484:  62% ▕███████████       ▏ 3.8 GB/6.2 GB   19 MB/s    2m2s[K[?25h[?2026l[?2026h[?25l[A[1Gpulling manifest [K
pulling 9657d5771484:  62% ▕███████████       ▏ 3.8 GB/6.2 GB   19 MB/s    2m2s[K[?25h[?2026l[?2026h[?25l[A[1Gpulling manifest [K
pulling 9657d5771484:  62% ▕███████████       ▏ 3.8 GB/6.2 GB   19 MB/s    2m2s[K[?25h[?2026l[?2026h[?25l[A[1Gpulling manifest [K
pulling 9657d5771484:  62% ▕███████████       ▏ 3.8 GB/6.2 GB   19 MB/s    2m2s[K[?25h[?2026l[?2026h[?25l[A[1Gpulling manifest [K
pulling 9657d5771484:  62% ▕███████████       ▏ 3.8 GB/6.2 GB   19 MB/s    2m2s[K[?25h[?2026l[?2026h[?25l[A[1Gpulling manifest [K
pulling 9657d5771484:  62% ▕███████████       ▏ 3.9 GB/6.2 GB   20 MB/s   1m57s[K[?25h[?2026l[?2026h[?25l[A[1Gpulling manifest [K
pulling 9657d5771484:  62% ▕███████████       ▏ 3.9 GB/6.2 GB   20 MB/s   1m57s[K[?25h[?2026l[?2026h[?25l[A[1Gpulling manifest [K
pulling 9657d5771484:  62% ▕███████████       ▏ 3.9 GB/6.2 GB   20 MB/s   1m57s[K[?25h[?2026l[?2026h[?25l[A[1Gpulling manifest [K
pulling 9657d5771484:  62% ▕███████████       ▏ 3.9 GB/6.2 GB   20 MB/s   1m57s[K[?25h[?2026l[?2026h[?25l[A[1Gpulling manifest [K
pulling 9657d5771484:  62% ▕███████████       ▏ 3.9 GB/6.2 GB   20 MB/s   1m57s[K[?25h[?2026l[?2026h[?25l[A[1Gpulling manifest [K
pulling 9657d5771484:  62% ▕███████████       ▏ 3.9 GB/6.2 GB   20 MB/s   1m57s[K[?25h[?2026l[?2026h[?25l[A[1Gpulling manifest [K
pulling 9657d5771484:  62% ▕███████████       ▏ 3.9 GB/6.2 GB   20 MB/s   1m57s[K[?25h[?2026l[?2026h[?25l[A[1Gpulling manifest [K
pulling 9657d5771484:  62% ▕███████████       ▏ 3.9 GB/6.2 GB   20 MB/s   1m57s[K[?25h[?2026l[?2026h[?25l[A[1Gpulling manifest [K
pulling 9657d5771484:  62% ▕███████████       ▏ 3.9 GB/6.2 GB   20 MB/s   1m57s[K[?25h[?2026l[?2026h[?25l[A[1Gpulling manifest [K
pulling 9657d5771484:  62% ▕███████████       ▏ 3.9 GB/6.2 GB   20 MB/s   1m56s[K[?25h[?2026l[?2026h[?25l[A[1Gpulling manifest [K
pulling 9657d5771484:  62% ▕███████████       ▏ 3.9 GB/6.2 GB   20 MB/s   1m54s[K[?25h[?2026l[?2026h[?25l[A[1Gpulling manifest [K
pulling 9657d5771484:  62% ▕███████████       ▏ 3.9 GB/6.2 GB   20 MB/s   1m54s[K[?25h[?2026l[?2026h[?25l[A[1Gpulling manifest [K
pulling 9657d5771484:  62% ▕███████████       ▏ 3.9 GB/6.2 GB   20 MB/s   1m54s[K[?25h[?2026l[?2026h[?25l[A[1Gpulling manifest [K
pulling 9657d5771484:  62% ▕███████████       ▏ 3.9 GB/6.2 GB   20 MB/s   1m54s[K[?25h[?2026l[?2026h[?25l[A[1Gpulling manifest [K
pulling 9657d5771484:  62% ▕███████████       ▏ 3.9 GB/6.2 GB   20 MB/s   1m54s[K[?25h[?2026l[?2026h[?25l[A[1Gpulling manifest [K
pulling 9657d5771484:  62% ▕███████████       ▏ 3.9 GB/6.2 GB   20 MB/s   1m54s[K[?25h[?2026l[?2026h[?25l[A[1Gpulling manifest [K
pulling 9657d5771484:  63% ▕███████████       ▏ 3.9 GB/6.2 GB   20 MB/s   1m53s[K[?25h[?2026l[?2026h[?25l[A[1Gpulling manifest [K
pulling 9657d5771484:  63% ▕███████████       ▏ 3.9 GB/6.2 GB   20 MB/s   1m53s[K[?25h[?2026l[?2026h[?25l[A[1Gpulling manifest [K
pulling 9657d5771484:  63% ▕███████████       ▏ 3.9 GB/6.2 GB   20 MB/s   1m53s[K[?25h[?2026l[?2026h[?25l[A[1Gpulling manifest [K
pulling 9657d5771484:  63% ▕███████████       ▏ 3.9 GB/6.2 GB   20 MB/s   1m53s[K[?25h[?2026l[?2026h[?25l[A[1Gpulling manifest [K
pulling 9657d5771484:  63% ▕███████████       ▏ 3.9 GB/6.2 GB   20 MB/s   1m53s[K[?25h[?2026l[?2026h[?25l[A[1Gpulling manifest [K
pulling 9657d5771484:  63% ▕███████████       ▏ 3.9 GB/6.2 GB   20 MB/s   1m54s[K[?25h[?2026l[?2026h[?25l[A[1Gpulling manifest [K
pulling 9657d5771484:  63% ▕███████████       ▏ 3.9 GB/6.2 GB   20 MB/s   1m53s[K[?25h[?2026l[?2026h[?25l[A[1Gpulling manifest [K
pulling 9657d5771484:  63% ▕███████████       ▏ 3.9 GB/6.2 GB   20 MB/s   1m53s[K[?25h[?2026l[?2026h[?25l[A[1Gpulling manifest [K
pulling 9657d5771484:  63% ▕███████████       ▏ 3.9 GB/6.2 GB   20 MB/s   1m53s[K[?25h[?2026l[?2026h[?25l[A[1Gpulling manifest [K
pulling 9657d5771484:  63% ▕███████████       ▏ 3.9 GB/6.2 GB   20 MB/s   1m53s[K[?25h[?2026l[?2026h[?25l[A[1Gpulling manifest [K
pulling 9657d5771484:  63% ▕███████████       ▏ 3.9 GB/6.2 GB   20 MB/s   1m53s[K[?25h[?2026l[?2026h[?25l[A[1Gpulling manifest [K
pulling 9657d5771484:  63% ▕███████████       ▏ 3.9 GB/6.2 GB   20 MB/s   1m53s[K[?25h[?2026l[?2026h[?25l[A[1Gpulling manifest [K
pulling 9657d5771484:  63% ▕███████████       ▏ 3.9 GB/6.2 GB   20 MB/s   1m53s[K[?25h[?2026l[?2026h[?25l[A[1Gpulling manifest [K
pulling 9657d5771484:  63% ▕███████████       ▏ 3.9 GB/6.2 GB   20 MB/s   1m53s[K[?25h[?2026l[?2026h[?25l[A[1Gpulling manifest [K
pulling 9657d5771484:  63% ▕███████████       ▏ 3.9 GB/6.2 GB   20 MB/s   1m53s[K[?25h[?2026l[?2026h[?25l[A[1Gpulling manifest [K
pulling 9657d5771484:  63% ▕███████████       ▏ 3.9 GB/6.2 GB   20 MB/s   1m52s[K[?25h[?2026l[?2026h[?25l[A[1Gpulling manifest [K
pulling 9657d5771484:  63% ▕███████████       ▏ 3.9 GB/6.2 GB   20 MB/s   1m52s[K[?25h[?2026l[?2026h[?25l[A[1Gpulling manifest [K
pulling 9657d5771484:  63% ▕███████████       ▏ 3.9 GB/6.2 GB   20 MB/s   1m52s[K[?25h[?2026l[?2026h[?25l[A[1Gpulling manifest [K
pulling 9657d5771484:  63% ▕███████████       ▏ 3.9 GB/6.2 GB   20 MB/s   1m52s[K[?25h[?2026l[?2026h[?25l[A[1Gpulling manifest [K
pulling 9657d5771484:  63% ▕███████████       ▏ 3.9 GB/6.2 GB   20 MB/s   1m52s[K[?25h[?2026l[?2026h[?25l[A[1Gpulling manifest [K
pulling 9657d5771484:  63% ▕███████████       ▏ 3.9 GB/6.2 GB   20 MB/s   1m51s[K[?25h[?2026l[?2026h[?25l[A[1Gpulling manifest [K
pulling 9657d5771484:  63% ▕███████████       ▏ 3.9 GB/6.2 GB   20 MB/s   1m51s[K[?25h[?2026l[?2026h[?25l[A[1Gpulling manifest [K
pulling 9657d5771484:  63% ▕███████████       ▏ 3.9 GB/6.2 GB   20 MB/s   1m51s[K[?25h[?2026l[?2026h[?25l[A[1Gpulling manifest [K
pulling 9657d5771484:  63% ▕███████████       ▏ 3.9 GB/6.2 GB   20 MB/s   1m51s[K[?25h[?2026l[?2026h[?25l[A[1Gpulling manifest [K
pulling 9657d5771484:  63% ▕███████████       ▏ 3.9 GB/6.2 GB   20 MB/s   1m51s[K[?25h[?2026l[?2026h[?25l[A[1Gpulling manifest [K
pulling 9657d5771484:  63% ▕███████████       ▏ 3.9 GB/6.2 GB   20 MB/s   1m51s[K[?25h[?2026l[?2026h[?25l[A[1Gpulling manifest [K
pulling 9657d5771484:  63% ▕███████████       ▏ 3.9 GB/6.2 GB   20 MB/s   1m51s[K[?25h[?2026l[?2026h[?25l[A[1Gpulling manifest [K
pulling 9657d5771484:  63% ▕███████████       ▏ 3.9 GB/6.2 GB   20 MB/s   1m51s[K[?25h[?2026l[?2026h[?25l[A[1Gpulling manifest [K
pulling 9657d5771484:  63% ▕███████████       ▏ 3.9 GB/6.2 GB   20 MB/s   1m51s[K[?25h[?2026l[?2026h[?25l[A[1Gpulling manifest [K
pulling 9657d5771484:  63% ▕███████████       ▏ 3.9 GB/6.2 GB   20 MB/s   1m51s[K[?25h[?2026l[?2026h[?25l[A[1Gpulling manifest [K
pulling 9657d5771484:  63% ▕███████████       ▏ 3.9 GB/6.2 GB   20 MB/s   1m51s[K[?25h[?2026l[?2026h[?25l[A[1Gpulling manifest [K
pulling 9657d5771484:  63% ▕███████████       ▏ 3.9 GB/6.2 GB   20 MB/s   1m51s[K[?25h[?2026l[?2026h[?25l[A[1Gpulling manifest [K
pulling 9657d5771484:  64% ▕███████████       ▏ 3.9 GB/6.2 GB   20 MB/s   1m51s[K[?25h[?2026l[?2026h[?25l[A[1Gpulling manifest [K
pulling 9657d5771484:  64% ▕███████████       ▏ 4.0 GB/6.2 GB   20 MB/s   1m51s[K[?25h[?2026l[?2026h[?25l[A[1Gpulling manifest [K
pulling 9657d5771484:  64% ▕███████████       ▏ 4.0 GB/6.2 GB   20 MB/s   1m50s[K[?25h[?2026l[?2026h[?25l[A[1Gpulling manifest [K
pulling 9657d5771484:  64% ▕███████████       ▏ 4.0 GB/6.2 GB   20 MB/s   1m50s[K[?25h[?2026l[?2026h[?25l[A[1Gpulling manifest [K
pulling 9657d5771484:  64% ▕███████████       ▏ 4.0 GB/6.2 GB   20 MB/s   1m50s[K[?25h[?2026l[?2026h[?25l[A[1Gpulling manifest [K
pulling 9657d5771484:  64% ▕███████████       ▏ 4.0 GB/6.2 GB   20 MB/s   1m50s[K[?25h[?2026l[?2026h[?25l[A[1Gpulling manifest [K
pulling 9657d5771484:  64% ▕███████████       ▏ 4.0 GB/6.2 GB   20 MB/s   1m50s[K[?25h[?2026l[?2026h[?25l[A[1Gpulling manifest [K
pulling 9657d5771484:  64% ▕███████████       ▏ 4.0 GB/6.2 GB   20 MB/s   1m50s[K[?25h[?2026l[?2026h[?25l[A[1Gpulling manifest [K
pulling 9657d5771484:  64% ▕███████████       ▏ 4.0 GB/6.2 GB   20 MB/s   1m50s[K[?25h[?2026l[?2026h[?25l[A[1Gpulling manifest [K
pulling 9657d5771484:  64% ▕███████████       ▏ 4.0 GB/6.2 GB   20 MB/s   1m49s[K[?25h[?2026l[?2026h[?25l[A[1Gpulling manifest [K
pulling 9657d5771484:  64% ▕███████████       ▏ 4.0 GB/6.2 GB   20 MB/s   1m49s[K[?25h[?2026l[?2026h[?25l[A[1Gpulling manifest [K
pulling 9657d5771484:  64% ▕███████████       ▏ 4.0 GB/6.2 GB   20 MB/s   1m49s[K[?25h[?2026l[?2026h[?25l[A[1Gpulling manifest [K
pulling 9657d5771484:  64% ▕███████████       ▏ 4.0 GB/6.2 GB   20 MB/s   1m49s[K[?25h[?2026l[?2026h[?25l[A[1Gpulling manifest [K
pulling 9657d5771484:  64% ▕███████████       ▏ 4.0 GB/6.2 GB   20 MB/s   1m51s[K[?25h[?2026l[?2026h[?25l[A[1Gpulling manifest [K
pulling 9657d5771484:  64% ▕███████████       ▏ 4.0 GB/6.2 GB   20 MB/s   1m51s[K[?25h[?2026l[?2026h[?25l[A[1Gpulling manifest [K
pulling 9657d5771484:  64% ▕███████████       ▏ 4.0 GB/6.2 GB   20 MB/s   1m51s[K[?25h[?2026l[?2026h[?25l[A[1Gpulling manifest [K
pulling 9657d5771484:  64% ▕███████████       ▏ 4.0 GB/6.2 GB   20 MB/s   1m51s[K[?25h[?2026l[?2026h[?25l[A[1Gpulling manifest [K
pulling 9657d5771484:  64% ▕███████████       ▏ 4.0 GB/6.2 GB   20 MB/s   1m50s[K[?25h[?2026l[?2026h[?25l[A[1Gpulling manifest [K
pulling 9657d5771484:  64% ▕███████████       ▏ 4.0 GB/6.2 GB   20 MB/s   1m50s[K[?25h[?2026l[?2026h[?25l[A[1Gpulling manifest [K
pulling 9657d5771484:  64% ▕███████████       ▏ 4.0 GB/6.2 GB   20 MB/s   1m50s[K[?25h[?2026l[?2026h[?25l[A[1Gpulling manifest [K
pulling 9657d5771484:  64% ▕███████████       ▏ 4.0 GB/6.2 GB   20 MB/s   1m50s[K[?25h[?2026l[?2026h[?25l[A[1Gpulling manifest [K
pulling 9657d5771484:  64% ▕███████████       ▏ 4.0 GB/6.2 GB   20 MB/s   1m50s[K[?25h[?2026l[?2026h[?25l[A[1Gpulling manifest [K
pulling 9657d5771484:  64% ▕███████████       ▏ 4.0 GB/6.2 GB   20 MB/s   1m50s[K[?25h[?2026l[?2026h[?25l[A[1Gpulling manifest [K
pulling 9657d5771484:  64% ▕███████████       ▏ 4.0 GB/6.2 GB   20 MB/s   1m50s[K[?25h[?2026l[?2026h[?25l[A[1Gpulling manifest [K
pulling 9657d5771484:  64% ▕███████████       ▏ 4.0 GB/6.2 GB   19 MB/s   1m51s[K[?25h[?2026l[?2026h[?25l[A[1Gpulling manifest [K
pulling 9657d5771484:  64% ▕███████████       ▏ 4.0 GB/6.2 GB   19 MB/s   1m51s[K[?25h[?2026l[?2026h[?25l[A[1Gpulling manifest [K
pulling 9657d5771484:  64% ▕███████████       ▏ 4.0 GB/6.2 GB   19 MB/s   1m51s[K[?25h[?2026l[?2026h[?25l[A[1Gpulling manifest [K
pulling 9657d5771484:  64% ▕███████████       ▏ 4.0 GB/6.2 GB   19 MB/s   1m51s[K[?25h[?2026l[?2026h[?25l[A[1Gpulling manifest [K
pulling 9657d5771484:  64% ▕███████████       ▏ 4.0 GB/6.2 GB   19 MB/s   1m50s[K[?25h[?2026l[?2026h[?25l[A[1Gpulling manifest [K
pulling 9657d5771484:  64% ▕███████████       ▏ 4.0 GB/6.2 GB   19 MB/s   1m50s[K[?25h[?2026l[?2026h[?25l[A[1Gpulling manifest [K
pulling 9657d5771484:  64% ▕███████████       ▏ 4.0 GB/6.2 GB   19 MB/s   1m50s[K[?25h[?2026l[?2026h[?25l[A[1Gpulling manifest [K
pulling 9657d5771484:  64% ▕███████████       ▏ 4.0 GB/6.2 GB   19 MB/s   1m50s[K[?25h[?2026l[?2026h[?25l[A[1Gpulling manifest [K
pulling 9657d5771484:  65% ▕███████████       ▏ 4.0 GB/6.2 GB   19 MB/s   1m50s[K[?25h[?2026l[?2026h[?25l[A[1Gpulling manifest [K
pulling 9657d5771484:  65% ▕███████████       ▏ 4.0 GB/6.2 GB   19 MB/s   1m50s[K[?25h[?2026l[?2026h[?25l[A[1Gpulling manifest [K
pulling 9657d5771484:  65% ▕███████████       ▏ 4.0 GB/6.2 GB   20 MB/s   1m48s[K[?25h[?2026l[?2026h[?25l[A[1Gpulling manifest [K
pulling 9657d5771484:  65% ▕███████████       ▏ 4.0 GB/6.2 GB   20 MB/s   1m48s[K[?25h[?2026l[?2026h[?25l[A[1Gpulling manifest [K
pulling 9657d5771484:  65% ▕███████████       ▏ 4.0 GB/6.2 GB   20 MB/s   1m48s[K[?25h[?2026l[?2026h[?25l[A[1Gpulling manifest [K
pulling 9657d5771484:  65% ▕███████████       ▏ 4.0 GB/6.2 GB   20 MB/s   1m48s[K[?25h[?2026l[?2026h[?25l[A[1Gpulling manifest [K
pulling 9657d5771484:  65% ▕███████████       ▏ 4.0 GB/6.2 GB   20 MB/s   1m48s[K[?25h[?2026l[?2026h[?25l[A[1Gpulling manifest [K
pulling 9657d5771484:  65% ▕███████████       ▏ 4.0 GB/6.2 GB   20 MB/s   1m47s[K[?25h[?2026l[?2026h[?25l[A[1Gpulling manifest [K
pulling 9657d5771484:  65% ▕███████████       ▏ 4.0 GB/6.2 GB   20 MB/s   1m47s[K[?25h[?2026l[?2026h[?25l[A[1Gpulling manifest [K
pulling 9657d5771484:  65% ▕███████████       ▏ 4.0 GB/6.2 GB   20 MB/s   1m47s[K[?25h[?2026l[?2026h[?25l[A[1Gpulling manifest [K
pulling 9657d5771484:  65% ▕███████████       ▏ 4.0 GB/6.2 GB   20 MB/s   1m47s[K[?25h[?2026l[?2026h[?25l[A[1Gpulling manifest [K
pulling 9657d5771484:  65% ▕███████████       ▏ 4.0 GB/6.2 GB   20 MB/s   1m47s[K[?25h[?2026l[?2026h[?25l[A[1Gpulling manifest [K
pulling 9657d5771484:  65% ▕███████████       ▏ 4.0 GB/6.2 GB   19 MB/s   1m50s[K[?25h[?2026l[?2026h[?25l[A[1Gpulling manifest [K
pulling 9657d5771484:  65% ▕███████████       ▏ 4.0 GB/6.2 GB   19 MB/s   1m50s[K[?25h[?2026l[?2026h[?25l[A[1Gpulling manifest [K
pulling 9657d5771484:  65% ▕███████████       ▏ 4.0 GB/6.2 GB   19 MB/s   1m50s[K[?25h[?2026l[?2026h[?25l[A[1Gpulling manifest [K
pulling 9657d5771484:  65% ▕███████████       ▏ 4.0 GB/6.2 GB   19 MB/s   1m50s[K[?25h[?2026l[?2026h[?25l[A[1Gpulling manifest [K
pulling 9657d5771484:  65% ▕███████████       ▏ 4.0 GB/6.2 GB   19 MB/s   1m50s[K[?25h[?2026l[?2026h[?25l[A[1Gpulling manifest [K
pulling 9657d5771484:  65% ▕███████████       ▏ 4.0 GB/6.2 GB   19 MB/s   1m50s[K[?25h[?2026l[?2026h[?25l[A[1Gpulling manifest [K
pulling 9657d5771484:  65% ▕███████████       ▏ 4.0 GB/6.2 GB   19 MB/s   1m50s[K[?25h[?2026l[?2026h[?25l[A[1Gpulling manifest [K
pulling 9657d5771484:  65% ▕███████████       ▏ 4.0 GB/6.2 GB   19 MB/s   1m49s[K[?25h[?2026l[?2026h[?25l[A[1Gpulling manifest [K
pulling 9657d5771484:  65% ▕███████████       ▏ 4.0 GB/6.2 GB   19 MB/s   1m49s[K[?25h[?2026l[?2026h[?25l[A[1Gpulling manifest [K
pulling 9657d5771484:  65% ▕███████████       ▏ 4.0 GB/6.2 GB   19 MB/s   1m49s[K[?25h[?2026l[?2026h[?25l[A[1Gpulling manifest [K
pulling 9657d5771484:  65% ▕███████████       ▏ 4.0 GB/6.2 GB   19 MB/s   1m51s[K[?25h[?2026l[?2026h[?25l[A[1Gpulling manifest [K
pulling 9657d5771484:  65% ▕███████████       ▏ 4.1 GB/6.2 GB   19 MB/s   1m51s[K[?25h[?2026l[?2026h[?25l[A[1Gpulling manifest [K
pulling 9657d5771484:  65% ▕███████████       ▏ 4.1 GB/6.2 GB   19 MB/s   1m51s[K[?25h[?2026l[?2026h[?25l[A[1Gpulling manifest [K
pulling 9657d5771484:  65% ▕███████████       ▏ 4.1 GB/6.2 GB   19 MB/s   1m51s[K[?25h[?2026l[?2026h[?25l[A[1Gpulling manifest [K
pulling 9657d5771484:  65% ▕███████████       ▏ 4.1 GB/6.2 GB   19 MB/s   1m51s[K[?25h[?2026l[?2026h[?25l[A[1Gpulling manifest [K
pulling 9657d5771484:  65% ▕███████████       ▏ 4.1 GB/6.2 GB   19 MB/s   1m51s[K[?25h[?2026l[?2026h[?25l[A[1Gpulling manifest [K
pulling 9657d5771484:  65% ▕███████████       ▏ 4.1 GB/6.2 GB   19 MB/s   1m50s[K[?25h[?2026l[?2026h[?25l[A[1Gpulling manifest [K
pulling 9657d5771484:  65% ▕███████████       ▏ 4.1 GB/6.2 GB   19 MB/s   1m50s[K[?25h[?2026l[?2026h[?25l[A[1Gpulling manifest [K
pulling 9657d5771484:  65% ▕███████████       ▏ 4.1 GB/6.2 GB   19 MB/s   1m50s[K[?25h[?2026l[?2026h[?25l[A[1Gpulling manifest [K
pulling 9657d5771484:  65% ▕███████████       ▏ 4.1 GB/6.2 GB   19 MB/s   1m50s[K[?25h[?2026l[?2026h[?25l[A[1Gpulling manifest [K
pulling 9657d5771484:  65% ▕███████████       ▏ 4.1 GB/6.2 GB   19 MB/s   1m50s[K[?25h[?2026l[?2026h[?25l[A[1Gpulling manifest [K
pulling 9657d5771484:  65% ▕███████████       ▏ 4.1 GB/6.2 GB   19 MB/s   1m50s[K[?25h[?2026l[?2026h[?25l[A[1Gpulling manifest [K
pulling 9657d5771484:  65% ▕███████████       ▏ 4.1 GB/6.2 GB   19 MB/s   1m49s[K[?25h[?2026l[?2026h[?25l[A[1Gpulling manifest [K
pulling 9657d5771484:  66% ▕███████████       ▏ 4.1 GB/6.2 GB   19 MB/s   1m49s[K[?25h[?2026l[?2026h[?25l[A[1Gpulling manifest [K
pulling 9657d5771484:  66% ▕███████████       ▏ 4.1 GB/6.2 GB   19 MB/s   1m49s[K[?25h[?2026l[?2026h[?25l[A[1Gpulling manifest [K
pulling 9657d5771484:  66% ▕███████████       ▏ 4.1 GB/6.2 GB   19 MB/s   1m49s[K[?25h[?2026l[?2026h[?25l[A[1Gpulling manifest [K
pulling 9657d5771484:  66% ▕███████████       ▏ 4.1 GB/6.2 GB   19 MB/s   1m49s[K[?25h[?2026l[?2026h[?25l[A[1Gpulling manifest [K
pulling 9657d5771484:  66% ▕███████████       ▏ 4.1 GB/6.2 GB   19 MB/s   1m49s[K[?25h[?2026l[?2026h[?25l[A[1Gpulling manifest [K
pulling 9657d5771484:  66% ▕███████████       ▏ 4.1 GB/6.2 GB   19 MB/s   1m49s[K[?25h[?2026l[?2026h[?25l[A[1Gpulling manifest [K
pulling 9657d5771484:  66% ▕███████████       ▏ 4.1 GB/6.2 GB   19 MB/s   1m49s[K[?25h[?2026l[?2026h[?25l[A[1Gpulling manifest [K
pulling 9657d5771484:  66% ▕███████████       ▏ 4.1 GB/6.2 GB   19 MB/s   1m49s[K[?25h[?2026l[?2026h[?25l[A[1Gpulling manifest [K
pulling 9657d5771484:  66% ▕███████████       ▏ 4.1 GB/6.2 GB   19 MB/s   1m50s[K[?25h[?2026l[?2026h[?25l[A[1Gpulling manifest [K
pulling 9657d5771484:  66% ▕███████████       ▏ 4.1 GB/6.2 GB   19 MB/s   1m50s[K[?25h[?2026l[?2026h[?25l[A[1Gpulling manifest [K
pulling 9657d5771484:  66% ▕███████████       ▏ 4.1 GB/6.2 GB   19 MB/s   1m50s[K[?25h[?2026l[?2026h[?25l[A[1Gpulling manifest [K
pulling 9657d5771484:  66% ▕███████████       ▏ 4.1 GB/6.2 GB   19 MB/s   1m50s[K[?25h[?2026l[?2026h[?25l[A[1Gpulling manifest [K
pulling 9657d5771484:  66% ▕███████████       ▏ 4.1 GB/6.2 GB   19 MB/s   1m49s[K[?25h[?2026l[?2026h[?25l[A[1Gpulling manifest [K
pulling 9657d5771484:  66% ▕███████████       ▏ 4.1 GB/6.2 GB   19 MB/s   1m49s[K[?25h[?2026l[?2026h[?25l[A[1Gpulling manifest [K
pulling 9657d5771484:  66% ▕███████████       ▏ 4.1 GB/6.2 GB   19 MB/s   1m49s[K[?25h[?2026l[?2026h[?25l[A[1Gpulling manifest [K
pulling 9657d5771484:  66% ▕███████████       ▏ 4.1 GB/6.2 GB   19 MB/s   1m49s[K[?25h[?2026l[?2026h[?25l[A[1Gpulling manifest [K
pulling 9657d5771484:  66% ▕███████████       ▏ 4.1 GB/6.2 GB   19 MB/s   1m49s[K[?25h[?2026l[?2026h[?25l[A[1Gpulling manifest [K
pulling 9657d5771484:  66% ▕███████████       ▏ 4.1 GB/6.2 GB   19 MB/s   1m49s[K[?25h[?2026l[?2026h[?25l[A[1Gpulling manifest [K
pulling 9657d5771484:  66% ▕███████████       ▏ 4.1 GB/6.2 GB   19 MB/s   1m49s[K[?25h[?2026l[?2026h[?25l[A[1Gpulling manifest [K
pulling 9657d5771484:  66% ▕███████████       ▏ 4.1 GB/6.2 GB   19 MB/s   1m49s[K[?25h[?2026l[?2026h[?25l[A[1Gpulling manifest [K
pulling 9657d5771484:  66% ▕███████████       ▏ 4.1 GB/6.2 GB   19 MB/s   1m48s[K[?25h[?2026l[?2026h[?25l[A[1Gpulling manifest [K
pulling 9657d5771484:  66% ▕███████████       ▏ 4.1 GB/6.2 GB   19 MB/s   1m48s[K[?25h[?2026l[?2026h[?25l[A[1Gpulling manifest [K
pulling 9657d5771484:  66% ▕███████████       ▏ 4.1 GB/6.2 GB   19 MB/s   1m48s[K[?25h[?2026l[?2026h[?25l[A[1Gpulling manifest [K
pulling 9657d5771484:  66% ▕███████████       ▏ 4.1 GB/6.2 GB   19 MB/s   1m48s[K[?25h[?2026l[?2026h[?25l[A[1Gpulling manifest [K
pulling 9657d5771484:  66% ▕███████████       ▏ 4.1 GB/6.2 GB   19 MB/s   1m48s[K[?25h[?2026l[?2026h[?25l[A[1Gpulling manifest [K
pulling 9657d5771484:  66% ▕███████████       ▏ 4.1 GB/6.2 GB   19 MB/s   1m48s[K[?25h[?2026l[?2026h[?25l[A[1Gpulling manifest [K
pulling 9657d5771484:  66% ▕███████████       ▏ 4.1 GB/6.2 GB   19 MB/s   1m48s[K[?25h[?2026l[?2026h[?25l[A[1Gpulling manifest [K
pulling 9657d5771484:  66% ▕███████████       ▏ 4.1 GB/6.2 GB   19 MB/s   1m48s[K[?25h[?2026l[?2026h[?25l[A[1Gpulling manifest [K
pulling 9657d5771484:  66% ▕███████████       ▏ 4.1 GB/6.2 GB   19 MB/s   1m48s[K[?25h[?2026l[?2026h[?25l[A[1Gpulling manifest [K
pulling 9657d5771484:  66% ▕███████████       ▏ 4.1 GB/6.2 GB   19 MB/s   1m48s[K[?25h[?2026l[?2026h[?25l[A[1Gpulling manifest [K
pulling 9657d5771484:  66% ▕███████████       ▏ 4.1 GB/6.2 GB   19 MB/s   1m48s[K[?25h[?2026l[?2026h[?25l[A[1Gpulling manifest [K
pulling 9657d5771484:  67% ▕███████████       ▏ 4.1 GB/6.2 GB   19 MB/s   1m48s[K[?25h[?2026l[?2026h[?25l[A[1Gpulling manifest [K
pulling 9657d5771484:  67% ▕███████████       ▏ 4.1 GB/6.2 GB   19 MB/s   1m48s[K[?25h[?2026l[?2026h[?25l[A[1Gpulling manifest [K
pulling 9657d5771484:  67% ▕███████████       ▏ 4.1 GB/6.2 GB   19 MB/s   1m48s[K[?25h[?2026l[?2026h[?25l[A[1Gpulling manifest [K
pulling 9657d5771484:  67% ▕███████████       ▏ 4.1 GB/6.2 GB   19 MB/s   1m48s[K[?25h[?2026l[?2026h[?25l[A[1Gpulling manifest [K
pulling 9657d5771484:  67% ▕███████████       ▏ 4.1 GB/6.2 GB   19 MB/s   1m48s[K[?25h[?2026l[?2026h[?25l[A[1Gpulling manifest [K
pulling 9657d5771484:  67% ▕███████████       ▏ 4.1 GB/6.2 GB   19 MB/s   1m48s[K[?25h[?2026l[?2026h[?25l[A[1Gpulling manifest [K
pulling 9657d5771484:  67% ▕████████████      ▏ 4.1 GB/6.2 GB   19 MB/s   1m48s[K[?25h[?2026l[?2026h[?25l[A[1Gpulling manifest [K
pulling 9657d5771484:  67% ▕████████████      ▏ 4.1 GB/6.2 GB   19 MB/s   1m46s[K[?25h[?2026l[?2026h[?25l[A[1Gpulling manifest [K
pulling 9657d5771484:  67% ▕████████████      ▏ 4.2 GB/6.2 GB   19 MB/s   1m46s[K[?25h[?2026l[?2026h[?25l[A[1Gpulling manifest [K
pulling 9657d5771484:  67% ▕████████████      ▏ 4.2 GB/6.2 GB   19 MB/s   1m46s[K[?25h[?2026l[?2026h[?25l[A[1Gpulling manifest [K
pulling 9657d5771484:  67% ▕████████████      ▏ 4.2 GB/6.2 GB   19 MB/s   1m46s[K[?25h[?2026l[?2026h[?25l[A[1Gpulling manifest [K
pulling 9657d5771484:  67% ▕████████████      ▏ 4.2 GB/6.2 GB   19 MB/s   1m46s[K[?25h[?2026l[?2026h[?25l[A[1Gpulling manifest [K
pulling 9657d5771484:  67% ▕████████████      ▏ 4.2 GB/6.2 GB   19 MB/s   1m46s[K[?25h[?2026l[?2026h[?25l[A[1Gpulling manifest [K
pulling 9657d5771484:  67% ▕████████████      ▏ 4.2 GB/6.2 GB   19 MB/s   1m45s[K[?25h[?2026l[?2026h[?25l[A[1Gpulling manifest [K
pulling 9657d5771484:  67% ▕████████████      ▏ 4.2 GB/6.2 GB   19 MB/s   1m45s[K[?25h[?2026l[?2026h[?25l[A[1Gpulling manifest [K
pulling 9657d5771484:  67% ▕████████████      ▏ 4.2 GB/6.2 GB   19 MB/s   1m45s[K[?25h[?2026l[?2026h[?25l[A[1Gpulling manifest [K
pulling 9657d5771484:  67% ▕████████████      ▏ 4.2 GB/6.2 GB   19 MB/s   1m45s[K[?25h[?2026l[?2026h[?25l[A[1Gpulling manifest [K
pulling 9657d5771484:  67% ▕████████████      ▏ 4.2 GB/6.2 GB   19 MB/s   1m47s[K[?25h[?2026l[?2026h[?25l[A[1Gpulling manifest [K
pulling 9657d5771484:  67% ▕████████████      ▏ 4.2 GB/6.2 GB   19 MB/s   1m47s[K[?25h[?2026l[?2026h[?25l[A[1Gpulling manifest [K
pulling 9657d5771484:  67% ▕████████████      ▏ 4.2 GB/6.2 GB   19 MB/s   1m47s[K[?25h[?2026l[?2026h[?25l[A[1Gpulling manifest [K
pulling 9657d5771484:  67% ▕████████████      ▏ 4.2 GB/6.2 GB   19 MB/s   1m47s[K[?25h[?2026l[?2026h[?25l[A[1Gpulling manifest [K
pulling 9657d5771484:  67% ▕████████████      ▏ 4.2 GB/6.2 GB   19 MB/s   1m47s[K[?25h[?2026l[?2026h[?25l[A[1Gpulling manifest [K
pulling 9657d5771484:  67% ▕████████████      ▏ 4.2 GB/6.2 GB   19 MB/s   1m46s[K[?25h[?2026l[?2026h[?25l[A[1Gpulling manifest [K
pulling 9657d5771484:  67% ▕████████████      ▏ 4.2 GB/6.2 GB   19 MB/s   1m46s[K[?25h[?2026l[?2026h[?25l[A[1Gpulling manifest [K
pulling 9657d5771484:  67% ▕████████████      ▏ 4.2 GB/6.2 GB   19 MB/s   1m46s[K[?25h[?2026l[?2026h[?25l[A[1Gpulling manifest [K
pulling 9657d5771484:  67% ▕████████████      ▏ 4.2 GB/6.2 GB   19 MB/s   1m46s[K[?25h[?2026l[?2026h[?25l[A[1Gpulling manifest [K
pulling 9657d5771484:  67% ▕████████████      ▏ 4.2 GB/6.2 GB   19 MB/s   1m46s[K[?25h[?2026l[?2026h[?25l[A[1Gpulling manifest [K
pulling 9657d5771484:  67% ▕████████████      ▏ 4.2 GB/6.2 GB   19 MB/s   1m46s[K[?25h[?2026l[?2026h[?25l[A[1Gpulling manifest [K
pulling 9657d5771484:  67% ▕████████████      ▏ 4.2 GB/6.2 GB   18 MB/s   1m47s[K[?25h[?2026l[?2026h[?25l[A[1Gpulling manifest [K
pulling 9657d5771484:  67% ▕████████████      ▏ 4.2 GB/6.2 GB   18 MB/s   1m47s[K[?25h[?2026l[?2026h[?25l[A[1Gpulling manifest [K
pulling 9657d5771484:  67% ▕████████████      ▏ 4.2 GB/6.2 GB   18 MB/s   1m46s[K[?25h[?2026l[?2026h[?25l[A[1Gpulling manifest [K
pulling 9657d5771484:  67% ▕████████████      ▏ 4.2 GB/6.2 GB   18 MB/s   1m46s[K[?25h[?2026l[?2026h[?25l[A[1Gpulling manifest [K
pulling 9657d5771484:  67% ▕████████████      ▏ 4.2 GB/6.2 GB   18 MB/s   1m46s[K[?25h[?2026l[?2026h[?25l[A[1Gpulling manifest [K
pulling 9657d5771484:  67% ▕████████████      ▏ 4.2 GB/6.2 GB   18 MB/s   1m46s[K[?25h[?2026l[?2026h[?25l[A[1Gpulling manifest [K
pulling 9657d5771484:  68% ▕████████████      ▏ 4.2 GB/6.2 GB   18 MB/s   1m46s[K[?25h[?2026l[?2026h[?25l[A[1Gpulling manifest [K
pulling 9657d5771484:  68% ▕████████████      ▏ 4.2 GB/6.2 GB   18 MB/s   1m46s[K[?25h[?2026l[?2026h[?25l[A[1Gpulling manifest [K
pulling 9657d5771484:  68% ▕████████████      ▏ 4.2 GB/6.2 GB   18 MB/s   1m46s[K[?25h[?2026l[?2026h[?25l[A[1Gpulling manifest [K
pulling 9657d5771484:  68% ▕████████████      ▏ 4.2 GB/6.2 GB   18 MB/s   1m46s[K[?25h[?2026l[?2026h[?25l[A[1Gpulling manifest [K
pulling 9657d5771484:  68% ▕████████████      ▏ 4.2 GB/6.2 GB   19 MB/s   1m43s[K[?25h[?2026l[?2026h[?25l[A[1Gpulling manifest [K
pulling 9657d5771484:  68% ▕████████████      ▏ 4.2 GB/6.2 GB   19 MB/s   1m43s[K[?25h[?2026l[?2026h[?25l[A[1Gpulling manifest [K
pulling 9657d5771484:  68% ▕████████████      ▏ 4.2 GB/6.2 GB   19 MB/s   1m43s[K[?25h[?2026l[?2026h[?25l[A[1Gpulling manifest [K
pulling 9657d5771484:  68% ▕████████████      ▏ 4.2 GB/6.2 GB   19 MB/s   1m43s[K[?25h[?2026l[?2026h[?25l[A[1Gpulling manifest [K
pulling 9657d5771484:  68% ▕████████████      ▏ 4.2 GB/6.2 GB   19 MB/s   1m43s[K[?25h[?2026l[?2026h[?25l[A[1Gpulling manifest [K
pulling 9657d5771484:  68% ▕████████████      ▏ 4.2 GB/6.2 GB   19 MB/s   1m43s[K[?25h[?2026l[?2026h[?25l[A[1Gpulling manifest [K
pulling 9657d5771484:  68% ▕████████████      ▏ 4.2 GB/6.2 GB   19 MB/s   1m42s[K[?25h[?2026l[?2026h[?25l[A[1Gpulling manifest [K
pulling 9657d5771484:  68% ▕████████████      ▏ 4.2 GB/6.2 GB   19 MB/s   1m42s[K[?25h[?2026l[?2026h[?25l[A[1Gpulling manifest [K
pulling 9657d5771484:  68% ▕████████████      ▏ 4.2 GB/6.2 GB   19 MB/s   1m42s[K[?25h[?2026l[?2026h[?25l[A[1Gpulling manifest [K
pulling 9657d5771484:  68% ▕████████████      ▏ 4.2 GB/6.2 GB   19 MB/s   1m42s[K[?25h[?2026l[?2026h[?25l[A[1Gpulling manifest [K
pulling 9657d5771484:  68% ▕████████████      ▏ 4.2 GB/6.2 GB   18 MB/s   1m45s[K[?25h[?2026l[?2026h[?25l[A[1Gpulling manifest [K
pulling 9657d5771484:  68% ▕████████████      ▏ 4.2 GB/6.2 GB   18 MB/s   1m45s[K[?25h[?2026l[?2026h[?25l[A[1Gpulling manifest [K
pulling 9657d5771484:  68% ▕████████████      ▏ 4.2 GB/6.2 GB   18 MB/s   1m45s[K[?25h[?2026l[?2026h[?25l[A[1Gpulling manifest [K
pulling 9657d5771484:  68% ▕████████████      ▏ 4.2 GB/6.2 GB   18 MB/s   1m45s[K[?25h[?2026l[?2026h[?25l[A[1Gpulling manifest [K
pulling 9657d5771484:  68% ▕████████████      ▏ 4.2 GB/6.2 GB   18 MB/s   1m45s[K[?25h[?2026l[?2026h[?25l[A[1Gpulling manifest [K
pulling 9657d5771484:  68% ▕████████████      ▏ 4.2 GB/6.2 GB   18 MB/s   1m45s[K[?25h[?2026l[?2026h[?25l[A[1Gpulling manifest [K
pulling 9657d5771484:  68% ▕████████████      ▏ 4.2 GB/6.2 GB   18 MB/s   1m45s[K[?25h[?2026l[?2026h[?25l[A[1Gpulling manifest [K
pulling 9657d5771484:  68% ▕████████████      ▏ 4.2 GB/6.2 GB   18 MB/s   1m44s[K[?25h[?2026l[?2026h[?25l[A[1Gpulling manifest [K
pulling 9657d5771484:  68% ▕████████████      ▏ 4.2 GB/6.2 GB   18 MB/s   1m44s[K[?25h[?2026l[?2026h[?25l[A[1Gpulling manifest [K
pulling 9657d5771484:  68% ▕████████████      ▏ 4.2 GB/6.2 GB   18 MB/s   1m44s[K[?25h[?2026l[?2026h[?25l[A[1Gpulling manifest [K
pulling 9657d5771484:  68% ▕████████████      ▏ 4.2 GB/6.2 GB   18 MB/s   1m47s[K[?25h[?2026l[?2026h[?25l[A[1Gpulling manifest [K
pulling 9657d5771484:  68% ▕████████████      ▏ 4.2 GB/6.2 GB   18 MB/s   1m47s[K[?25h[?2026l[?2026h[?25l[A[1Gpulling manifest [K
pulling 9657d5771484:  68% ▕████████████      ▏ 4.2 GB/6.2 GB   18 MB/s   1m47s[K[?25h[?2026l[?2026h[?25l[A[1Gpulling manifest [K
pulling 9657d5771484:  68% ▕████████████      ▏ 4.2 GB/6.2 GB   18 MB/s   1m47s[K[?25h[?2026l[?2026h[?25l[A[1Gpulling manifest [K
pulling 9657d5771484:  68% ▕████████████      ▏ 4.2 GB/6.2 GB   18 MB/s   1m47s[K[?25h[?2026l[?2026h[?25l[A[1Gpulling manifest [K
pulling 9657d5771484:  68% ▕████████████      ▏ 4.2 GB/6.2 GB   18 MB/s   1m47s[K[?25h[?2026l[?2026h[?25l[A[1Gpulling manifest [K
pulling 9657d5771484:  68% ▕████████████      ▏ 4.2 GB/6.2 GB   18 MB/s   1m47s[K[?25h[?2026l[?2026h[?25l[A[1Gpulling manifest [K
pulling 9657d5771484:  68% ▕████████████      ▏ 4.2 GB/6.2 GB   18 MB/s   1m47s[K[?25h[?2026l[?2026h[?25l[A[1Gpulling manifest [K
pulling 9657d5771484:  68% ▕████████████      ▏ 4.2 GB/6.2 GB   18 MB/s   1m47s[K[?25h[?2026l[?2026h[?25l[A[1Gpulling manifest [K
pulling 9657d5771484:  68% ▕████████████      ▏ 4.2 GB/6.2 GB   18 MB/s   1m47s[K[?25h[?2026l[?2026h[?25l[A[1Gpulling manifest [K
pulling 9657d5771484:  68% ▕████████████      ▏ 4.2 GB/6.2 GB   17 MB/s   1m51s[K[?25h[?2026l[?2026h[?25l[A[1Gpulling manifest [K
pulling 9657d5771484:  68% ▕████████████      ▏ 4.2 GB/6.2 GB   17 MB/s   1m51s[K[?25h[?2026l[?2026h[?25l[A[1Gpulling manifest [K
pulling 9657d5771484:  68% ▕████████████      ▏ 4.2 GB/6.2 GB   17 MB/s   1m51s[K[?25h[?2026l[?2026h[?25l[A[1Gpulling manifest [K
pulling 9657d5771484:  68% ▕████████████      ▏ 4.3 GB/6.2 GB   17 MB/s   1m51s[K[?25h[?2026l[?2026h[?25l[A[1Gpulling manifest [K
pulling 9657d5771484:  68% ▕████████████      ▏ 4.3 GB/6.2 GB   17 MB/s   1m51s[K[?25h[?2026l[?2026h[?25l[A[1Gpulling manifest [K
pulling 9657d5771484:  68% ▕████████████      ▏ 4.3 GB/6.2 GB   17 MB/s   1m51s[K[?25h[?2026l[?2026h[?25l[A[1Gpulling manifest [K
pulling 9657d5771484:  68% ▕████████████      ▏ 4.3 GB/6.2 GB   17 MB/s   1m51s[K[?25h[?2026l[?2026h[?25l[A[1Gpulling manifest [K
pulling 9657d5771484:  68% ▕████████████      ▏ 4.3 GB/6.2 GB   17 MB/s   1m51s[K[?25h[?2026l[?2026h[?25l[A[1Gpulling manifest [K
pulling 9657d5771484:  68% ▕████████████      ▏ 4.3 GB/6.2 GB   17 MB/s   1m51s[K[?25h[?2026l[?2026h[?25l[A[1Gpulling manifest [K
pulling 9657d5771484:  69% ▕████████████      ▏ 4.3 GB/6.2 GB   17 MB/s   1m51s[K[?25h[?2026l[?2026h[?25l[A[1Gpulling manifest [K
pulling 9657d5771484:  69% ▕████████████      ▏ 4.3 GB/6.2 GB   17 MB/s   1m51s[K[?25h[?2026l[?2026h[?25l[A[1Gpulling manifest [K
pulling 9657d5771484:  69% ▕████████████      ▏ 4.3 GB/6.2 GB   17 MB/s   1m54s[K[?25h[?2026l[?2026h[?25l[A[1Gpulling manifest [K
pulling 9657d5771484:  69% ▕████████████      ▏ 4.3 GB/6.2 GB   17 MB/s   1m54s[K[?25h[?2026l[?2026h[?25l[A[1Gpulling manifest [K
pulling 9657d5771484:  69% ▕████████████      ▏ 4.3 GB/6.2 GB   17 MB/s   1m54s[K[?25h[?2026l[?2026h[?25l[A[1Gpulling manifest [K
pulling 9657d5771484:  69% ▕████████████      ▏ 4.3 GB/6.2 GB   17 MB/s   1m54s[K[?25h[?2026l[?2026h[?25l[A[1Gpulling manifest [K
pulling 9657d5771484:  69% ▕████████████      ▏ 4.3 GB/6.2 GB   17 MB/s   1m54s[K[?25h[?2026l[?2026h[?25l[A[1Gpulling manifest [K
pulling 9657d5771484:  69% ▕████████████      ▏ 4.3 GB/6.2 GB   17 MB/s   1m54s[K[?25h[?2026l[?2026h[?25l[A[1Gpulling manifest [K
pulling 9657d5771484:  69% ▕████████████      ▏ 4.3 GB/6.2 GB   17 MB/s   1m54s[K[?25h[?2026l[?2026h[?25l[A[1Gpulling manifest [K
pulling 9657d5771484:  69% ▕████████████      ▏ 4.3 GB/6.2 GB   17 MB/s   1m53s[K[?25h[?2026l[?2026h[?25l[A[1Gpulling manifest [K
pulling 9657d5771484:  69% ▕████████████      ▏ 4.3 GB/6.2 GB   17 MB/s   1m53s[K[?25h[?2026l[?2026h[?25l[A[1Gpulling manifest [K
pulling 9657d5771484:  69% ▕████████████      ▏ 4.3 GB/6.2 GB   17 MB/s   1m53s[K[?25h[?2026l[?2026h[?25l[A[1Gpulling manifest [K
pulling 9657d5771484:  69% ▕████████████      ▏ 4.3 GB/6.2 GB   17 MB/s   1m53s[K[?25h[?2026l[?2026h[?25l[A[1Gpulling manifest [K
pulling 9657d5771484:  69% ▕████████████      ▏ 4.3 GB/6.2 GB   17 MB/s   1m53s[K[?25h[?2026l[?2026h[?25l[A[1Gpulling manifest [K
pulling 9657d5771484:  69% ▕████████████      ▏ 4.3 GB/6.2 GB   17 MB/s   1m53s[K[?25h[?2026l[?2026h[?25l[A[1Gpulling manifest [K
pulling 9657d5771484:  69% ▕████████████      ▏ 4.3 GB/6.2 GB   17 MB/s   1m53s[K[?25h[?2026l[?2026h[?25l[A[1Gpulling manifest [K
pulling 9657d5771484:  69% ▕████████████      ▏ 4.3 GB/6.2 GB   17 MB/s   1m53s[K[?25h[?2026l[?2026h[?25l[A[1Gpulling manifest [K
pulling 9657d5771484:  69% ▕████████████      ▏ 4.3 GB/6.2 GB   17 MB/s   1m53s[K[?25h[?2026l[?2026h[?25l[A[1Gpulling manifest [K
pulling 9657d5771484:  69% ▕████████████      ▏ 4.3 GB/6.2 GB   17 MB/s   1m53s[K[?25h[?2026l[?2026h[?25l[A[1Gpulling manifest [K
pulling 9657d5771484:  69% ▕████████████      ▏ 4.3 GB/6.2 GB   17 MB/s   1m52s[K[?25h[?2026l[?2026h[?25l[A[1Gpulling manifest [K
pulling 9657d5771484:  69% ▕████████████      ▏ 4.3 GB/6.2 GB   17 MB/s   1m52s[K[?25h[?2026l[?2026h[?25l[A[1Gpulling manifest [K
pulling 9657d5771484:  69% ▕████████████      ▏ 4.3 GB/6.2 GB   17 MB/s   1m52s[K[?25h[?2026l[?2026h[?25l[A[1Gpulling manifest [K
pulling 9657d5771484:  69% ▕████████████      ▏ 4.3 GB/6.2 GB   16 MB/s   1m53s[K[?25h[?2026l[?2026h[?25l[A[1Gpulling manifest [K
pulling 9657d5771484:  69% ▕████████████      ▏ 4.3 GB/6.2 GB   16 MB/s   1m53s[K[?25h[?2026l[?2026h[?25l[A[1Gpulling manifest [K
pulling 9657d5771484:  69% ▕████████████      ▏ 4.3 GB/6.2 GB   16 MB/s   1m53s[K[?25h[?2026l[?2026h[?25l[A[1Gpulling manifest [K
pulling 9657d5771484:  69% ▕████████████      ▏ 4.3 GB/6.2 GB   16 MB/s   1m53s[K[?25h[?2026l[?2026h[?25l[A[1Gpulling manifest [K
pulling 9657d5771484:  69% ▕████████████      ▏ 4.3 GB/6.2 GB   16 MB/s   1m53s[K[?25h[?2026l[?2026h[?25l[A[1Gpulling manifest [K
pulling 9657d5771484:  69% ▕████████████      ▏ 4.3 GB/6.2 GB   16 MB/s   1m53s[K[?25h[?2026l[?2026h[?25l[A[1Gpulling manifest [K
pulling 9657d5771484:  69% ▕████████████      ▏ 4.3 GB/6.2 GB   16 MB/s   1m53s[K[?25h[?2026l[?2026h[?25l[A[1Gpulling manifest [K
pulling 9657d5771484:  69% ▕████████████      ▏ 4.3 GB/6.2 GB   16 MB/s   1m53s[K[?25h[?2026l[?2026h[?25l[A[1Gpulling manifest [K
pulling 9657d5771484:  69% ▕████████████      ▏ 4.3 GB/6.2 GB   16 MB/s   1m52s[K[?25h[?2026l[?2026h[?25l[A[1Gpulling manifest [K
pulling 9657d5771484:  69% ▕████████████      ▏ 4.3 GB/6.2 GB   16 MB/s   1m52s[K[?25h[?2026l[?2026h[?25l[A[1Gpulling manifest [K
pulling 9657d5771484:  69% ▕████████████      ▏ 4.3 GB/6.2 GB   17 MB/s   1m50s[K[?25h[?2026l[?2026h[?25l[A[1Gpulling manifest [K
pulling 9657d5771484:  70% ▕████████████      ▏ 4.3 GB/6.2 GB   17 MB/s   1m50s[K[?25h[?2026l[?2026h[?25l[A[1Gpulling manifest [K
pulling 9657d5771484:  70% ▕████████████      ▏ 4.3 GB/6.2 GB   17 MB/s   1m50s[K[?25h[?2026l[?2026h[?25l[A[1Gpulling manifest [K
pulling 9657d5771484:  70% ▕████████████      ▏ 4.3 GB/6.2 GB   17 MB/s   1m50s[K[?25h[?2026l[?2026h[?25l[A[1Gpulling manifest [K
pulling 9657d5771484:  70% ▕████████████      ▏ 4.3 GB/6.2 GB   17 MB/s   1m50s[K[?25h[?2026l[?2026h[?25l[A[1Gpulling manifest [K
pulling 9657d5771484:  70% ▕████████████      ▏ 4.3 GB/6.2 GB   17 MB/s   1m50s[K[?25h[?2026l[?2026h[?25l[A[1Gpulling manifest [K
pulling 9657d5771484:  70% ▕████████████      ▏ 4.3 GB/6.2 GB   17 MB/s   1m50s[K[?25h[?2026l[?2026h[?25l[A[1Gpulling manifest [K
pulling 9657d5771484:  70% ▕████████████      ▏ 4.3 GB/6.2 GB   17 MB/s   1m49s[K[?25h[?2026l[?2026h[?25l[A[1Gpulling manifest [K
pulling 9657d5771484:  70% ▕████████████      ▏ 4.3 GB/6.2 GB   17 MB/s   1m49s[K[?25h[?2026l[?2026h[?25l[A[1Gpulling manifest [K
pulling 9657d5771484:  70% ▕████████████      ▏ 4.3 GB/6.2 GB   17 MB/s   1m49s[K[?25h[?2026l[?2026h[?25l[A[1Gpulling manifest [K
pulling 9657d5771484:  70% ▕████████████      ▏ 4.3 GB/6.2 GB   17 MB/s   1m47s[K[?25h[?2026l[?2026h[?25l[A[1Gpulling manifest [K
pulling 9657d5771484:  70% ▕████████████      ▏ 4.3 GB/6.2 GB   17 MB/s   1m47s[K[?25h[?2026l[?2026h[?25l[A[1Gpulling manifest [K
pulling 9657d5771484:  70% ▕████████████      ▏ 4.3 GB/6.2 GB   17 MB/s   1m47s[K[?25h[?2026l[?2026h[?25l[A[1Gpulling manifest [K
pulling 9657d5771484:  70% ▕████████████      ▏ 4.3 GB/6.2 GB   17 MB/s   1m47s[K[?25h[?2026l[?2026h[?25l[A[1Gpulling manifest [K
pulling 9657d5771484:  70% ▕████████████      ▏ 4.3 GB/6.2 GB   17 MB/s   1m47s[K[?25h[?2026l[?2026h[?25l[A[1Gpulling manifest [K
pulling 9657d5771484:  70% ▕████████████      ▏ 4.4 GB/6.2 GB   17 MB/s   1m46s[K[?25h[?2026l[?2026h[?25l[A[1Gpulling manifest [K
pulling 9657d5771484:  70% ▕████████████      ▏ 4.4 GB/6.2 GB   17 MB/s   1m46s[K[?25h[?2026l[?2026h[?25l[A[1Gpulling manifest [K
pulling 9657d5771484:  70% ▕████████████      ▏ 4.4 GB/6.2 GB   17 MB/s   1m46s[K[?25h[?2026l[?2026h[?25l[A[1Gpulling manifest [K
pulling 9657d5771484:  70% ▕████████████      ▏ 4.4 GB/6.2 GB   17 MB/s   1m46s[K[?25h[?2026l[?2026h[?25l[A[1Gpulling manifest [K
pulling 9657d5771484:  70% ▕████████████      ▏ 4.4 GB/6.2 GB   17 MB/s   1m46s[K[?25h[?2026l[?2026h[?25l[A[1Gpulling manifest [K
pulling 9657d5771484:  70% ▕████████████      ▏ 4.4 GB/6.2 GB   17 MB/s   1m46s[K[?25h[?2026l[?2026h[?25l[A[1Gpulling manifest [K
pulling 9657d5771484:  70% ▕████████████      ▏ 4.4 GB/6.2 GB   17 MB/s   1m47s[K[?25h[?2026l[?2026h[?25l[A[1Gpulling manifest [K
pulling 9657d5771484:  70% ▕████████████      ▏ 4.4 GB/6.2 GB   17 MB/s   1m47s[K[?25h[?2026l[?2026h[?25l[A[1Gpulling manifest [K
pulling 9657d5771484:  70% ▕████████████      ▏ 4.4 GB/6.2 GB   17 MB/s   1m47s[K[?25h[?2026l[?2026h[?25l[A[1Gpulling manifest [K
pulling 9657d5771484:  70% ▕████████████      ▏ 4.4 GB/6.2 GB   17 MB/s   1m47s[K[?25h[?2026l[?2026h[?25l[A[1Gpulling manifest [K
pulling 9657d5771484:  70% ▕████████████      ▏ 4.4 GB/6.2 GB   17 MB/s   1m47s[K[?25h[?2026l[?2026h[?25l[A[1Gpulling manifest [K
pulling 9657d5771484:  70% ▕████████████      ▏ 4.4 GB/6.2 GB   17 MB/s   1m47s[K[?25h[?2026l[?2026h[?25l[A[1Gpulling manifest [K
pulling 9657d5771484:  70% ▕████████████      ▏ 4.4 GB/6.2 GB   17 MB/s   1m47s[K[?25h[?2026l[?2026h[?25l[A[1Gpulling manifest [K
pulling 9657d5771484:  70% ▕████████████      ▏ 4.4 GB/6.2 GB   17 MB/s   1m47s[K[?25h[?2026l[?2026h[?25l[A[1Gpulling manifest [K
pulling 9657d5771484:  70% ▕████████████      ▏ 4.4 GB/6.2 GB   17 MB/s   1m47s[K[?25h[?2026l[?2026h[?25l[A[1Gpulling manifest [K
pulling 9657d5771484:  70% ▕████████████      ▏ 4.4 GB/6.2 GB   17 MB/s   1m47s[K[?25h[?2026l[?2026h[?25l[A[1Gpulling manifest [K
pulling 9657d5771484:  70% ▕████████████      ▏ 4.4 GB/6.2 GB   17 MB/s   1m45s[K[?25h[?2026l[?2026h[?25l[A[1Gpulling manifest [K
pulling 9657d5771484:  70% ▕████████████      ▏ 4.4 GB/6.2 GB   17 MB/s   1m45s[K[?25h[?2026l[?2026h[?25l[A[1Gpulling manifest [K
pulling 9657d5771484:  70% ▕████████████      ▏ 4.4 GB/6.2 GB   17 MB/s   1m45s[K[?25h[?2026l[?2026h[?25l[A[1Gpulling manifest [K
pulling 9657d5771484:  71% ▕████████████      ▏ 4.4 GB/6.2 GB   17 MB/s   1m45s[K[?25h[?2026l[?2026h[?25l[A[1Gpulling manifest [K
pulling 9657d5771484:  71% ▕████████████      ▏ 4.4 GB/6.2 GB   17 MB/s   1m45s[K[?25h[?2026l[?2026h[?25l[A[1Gpulling manifest [K
pulling 9657d5771484:  71% ▕████████████      ▏ 4.4 GB/6.2 GB   17 MB/s   1m45s[K[?25h[?2026l[?2026h[?25l[A[1Gpulling manifest [K
pulling 9657d5771484:  71% ▕████████████      ▏ 4.4 GB/6.2 GB   17 MB/s   1m45s[K[?25h[?2026l[?2026h[?25l[A[1Gpulling manifest [K
pulling 9657d5771484:  71% ▕████████████      ▏ 4.4 GB/6.2 GB   17 MB/s   1m44s[K[?25h[?2026l[?2026h[?25l[A[1Gpulling manifest [K
pulling 9657d5771484:  71% ▕████████████      ▏ 4.4 GB/6.2 GB   17 MB/s   1m44s[K[?25h[?2026l[?2026h[?25l[A[1Gpulling manifest [K
pulling 9657d5771484:  71% ▕████████████      ▏ 4.4 GB/6.2 GB   17 MB/s   1m44s[K[?25h[?2026l[?2026h[?25l[A[1Gpulling manifest [K
pulling 9657d5771484:  71% ▕████████████      ▏ 4.4 GB/6.2 GB   17 MB/s   1m43s[K[?25h[?2026l[?2026h[?25l[A[1Gpulling manifest [K
pulling 9657d5771484:  71% ▕████████████      ▏ 4.4 GB/6.2 GB   17 MB/s   1m43s[K[?25h[?2026l[?2026h[?25l[A[1Gpulling manifest [K
pulling 9657d5771484:  71% ▕████████████      ▏ 4.4 GB/6.2 GB   17 MB/s   1m43s[K[?25h[?2026l[?2026h[?25l[A[1Gpulling manifest [K
pulling 9657d5771484:  71% ▕████████████      ▏ 4.4 GB/6.2 GB   17 MB/s   1m43s[K[?25h[?2026l[?2026h[?25l[A[1Gpulling manifest [K
pulling 9657d5771484:  71% ▕████████████      ▏ 4.4 GB/6.2 GB   17 MB/s   1m43s[K[?25h[?2026l[?2026h[?25l[A[1Gpulling manifest [K
pulling 9657d5771484:  71% ▕████████████      ▏ 4.4 GB/6.2 GB   17 MB/s   1m42s[K[?25h[?2026l[?2026h[?25l[A[1Gpulling manifest [K
pulling 9657d5771484:  71% ▕████████████      ▏ 4.4 GB/6.2 GB   17 MB/s   1m42s[K[?25h[?2026l[?2026h[?25l[A[1Gpulling manifest [K
pulling 9657d5771484:  71% ▕████████████      ▏ 4.4 GB/6.2 GB   17 MB/s   1m42s[K[?25h[?2026l[?2026h[?25l[A[1Gpulling manifest [K
pulling 9657d5771484:  71% ▕████████████      ▏ 4.4 GB/6.2 GB   17 MB/s   1m42s[K[?25h[?2026l[?2026h[?25l[A[1Gpulling manifest [K
pulling 9657d5771484:  71% ▕████████████      ▏ 4.4 GB/6.2 GB   17 MB/s   1m42s[K[?25h[?2026l[?2026h[?25l[A[1Gpulling manifest [K
pulling 9657d5771484:  71% ▕████████████      ▏ 4.4 GB/6.2 GB   18 MB/s   1m36s[K[?25h[?2026l[?2026h[?25l[A[1Gpulling manifest [K
pulling 9657d5771484:  71% ▕████████████      ▏ 4.4 GB/6.2 GB   18 MB/s   1m36s[K[?25h[?2026l[?2026h[?25l[A[1Gpulling manifest [K
pulling 9657d5771484:  71% ▕████████████      ▏ 4.4 GB/6.2 GB   18 MB/s   1m36s[K[?25h[?2026l[?2026h[?25l[A[1Gpulling manifest [K
pulling 9657d5771484:  71% ▕████████████      ▏ 4.4 GB/6.2 GB   18 MB/s   1m36s[K[?25h[?2026l[?2026h[?25l[A[1Gpulling manifest [K
pulling 9657d5771484:  71% ▕████████████      ▏ 4.4 GB/6.2 GB   18 MB/s   1m36s[K[?25h[?2026l[?2026h[?25l[A[1Gpulling manifest [K
pulling 9657d5771484:  71% ▕████████████      ▏ 4.4 GB/6.2 GB   18 MB/s   1m36s[K[?25h[?2026l[?2026h[?25l[A[1Gpulling manifest [K
pulling 9657d5771484:  71% ▕████████████      ▏ 4.4 GB/6.2 GB   18 MB/s   1m35s[K[?25h[?2026l[?2026h[?25l[A[1Gpulling manifest [K
pulling 9657d5771484:  71% ▕████████████      ▏ 4.4 GB/6.2 GB   18 MB/s   1m35s[K[?25h[?2026l[?2026h[?25l[A[1Gpulling manifest [K
pulling 9657d5771484:  71% ▕████████████      ▏ 4.4 GB/6.2 GB   18 MB/s   1m35s[K[?25h[?2026l[?2026h[?25l[A[1Gpulling manifest [K
pulling 9657d5771484:  71% ▕████████████      ▏ 4.4 GB/6.2 GB   18 MB/s   1m35s[K[?25h[?2026l[?2026h[?25l[A[1Gpulling manifest [K
pulling 9657d5771484:  71% ▕████████████      ▏ 4.4 GB/6.2 GB   19 MB/s   1m32s[K[?25h[?2026l[?2026h[?25l[A[1Gpulling manifest [K
pulling 9657d5771484:  71% ▕████████████      ▏ 4.4 GB/6.2 GB   19 MB/s   1m32s[K[?25h[?2026l[?2026h[?25l[A[1Gpulling manifest [K
pulling 9657d5771484:  71% ▕████████████      ▏ 4.4 GB/6.2 GB   19 MB/s   1m31s[K[?25h[?2026l[?2026h[?25l[A[1Gpulling manifest [K
pulling 9657d5771484:  71% ▕████████████      ▏ 4.4 GB/6.2 GB   19 MB/s   1m31s[K[?25h[?2026l[?2026h[?25l[A[1Gpulling manifest [K
pulling 9657d5771484:  71% ▕████████████      ▏ 4.4 GB/6.2 GB   19 MB/s   1m31s[K[?25h[?2026l[?2026h[?25l[A[1Gpulling manifest [K
pulling 9657d5771484:  72% ▕████████████      ▏ 4.4 GB/6.2 GB   19 MB/s   1m31s[K[?25h[?2026l[?2026h[?25l[A[1Gpulling manifest [K
pulling 9657d5771484:  72% ▕████████████      ▏ 4.4 GB/6.2 GB   19 MB/s   1m31s[K[?25h[?2026l[?2026h[?25l[A[1Gpulling manifest [K
pulling 9657d5771484:  72% ▕████████████      ▏ 4.5 GB/6.2 GB   19 MB/s   1m31s[K[?25h[?2026l[?2026h[?25l[A[1Gpulling manifest [K
pulling 9657d5771484:  72% ▕████████████      ▏ 4.5 GB/6.2 GB   19 MB/s   1m31s[K[?25h[?2026l[?2026h[?25l[A[1Gpulling manifest [K
pulling 9657d5771484:  72% ▕████████████      ▏ 4.5 GB/6.2 GB   19 MB/s   1m31s[K[?25h[?2026l[?2026h[?25l[A[1Gpulling manifest [K
pulling 9657d5771484:  72% ▕████████████      ▏ 4.5 GB/6.2 GB   19 MB/s   1m31s[K[?25h[?2026l[?2026h[?25l[A[1Gpulling manifest [K
pulling 9657d5771484:  72% ▕████████████      ▏ 4.5 GB/6.2 GB   19 MB/s   1m29s[K[?25h[?2026l[?2026h[?25l[A[1Gpulling manifest [K
pulling 9657d5771484:  72% ▕████████████      ▏ 4.5 GB/6.2 GB   19 MB/s   1m29s[K[?25h[?2026l[?2026h[?25l[A[1Gpulling manifest [K
pulling 9657d5771484:  72% ▕████████████      ▏ 4.5 GB/6.2 GB   19 MB/s   1m29s[K[?25h[?2026l[?2026h[?25l[A[1Gpulling manifest [K
pulling 9657d5771484:  72% ▕████████████      ▏ 4.5 GB/6.2 GB   19 MB/s   1m29s[K[?25h[?2026l[?2026h[?25l[A[1Gpulling manifest [K
pulling 9657d5771484:  72% ▕████████████      ▏ 4.5 GB/6.2 GB   19 MB/s   1m29s[K[?25h[?2026l[?2026h[?25l[A[1Gpulling manifest [K
pulling 9657d5771484:  72% ▕████████████      ▏ 4.5 GB/6.2 GB   19 MB/s   1m29s[K[?25h[?2026l[?2026h[?25l[A[1Gpulling manifest [K
pulling 9657d5771484:  72% ▕████████████      ▏ 4.5 GB/6.2 GB   19 MB/s   1m29s[K[?25h[?2026l[?2026h[?25l[A[1Gpulling manifest [K
pulling 9657d5771484:  72% ▕████████████      ▏ 4.5 GB/6.2 GB   19 MB/s   1m29s[K[?25h[?2026l[?2026h[?25l[A[1Gpulling manifest [K
pulling 9657d5771484:  72% ▕████████████      ▏ 4.5 GB/6.2 GB   19 MB/s   1m29s[K[?25h[?2026l[?2026h[?25l[A[1Gpulling manifest [K
pulling 9657d5771484:  72% ▕████████████      ▏ 4.5 GB/6.2 GB   19 MB/s   1m29s[K[?25h[?2026l[?2026h[?25l[A[1Gpulling manifest [K
pulling 9657d5771484:  72% ▕████████████      ▏ 4.5 GB/6.2 GB   19 MB/s   1m27s[K[?25h[?2026l[?2026h[?25l[A[1Gpulling manifest [K
pulling 9657d5771484:  72% ▕████████████      ▏ 4.5 GB/6.2 GB   19 MB/s   1m27s[K[?25h[?2026l[?2026h[?25l[A[1Gpulling manifest [K
pulling 9657d5771484:  72% ▕████████████      ▏ 4.5 GB/6.2 GB   19 MB/s   1m27s[K[?25h[?2026l[?2026h[?25l[A[1Gpulling manifest [K
pulling 9657d5771484:  72% ▕████████████      ▏ 4.5 GB/6.2 GB   19 MB/s   1m27s[K[?25h[?2026l[?2026h[?25l[A[1Gpulling manifest [K
pulling 9657d5771484:  72% ▕████████████      ▏ 4.5 GB/6.2 GB   19 MB/s   1m27s[K[?25h[?2026l[?2026h[?25l[A[1Gpulling manifest [K
pulling 9657d5771484:  72% ▕████████████      ▏ 4.5 GB/6.2 GB   19 MB/s   1m27s[K[?25h[?2026l[?2026h[?25l[A[1Gpulling manifest [K
pulling 9657d5771484:  72% ▕█████████████     ▏ 4.5 GB/6.2 GB   19 MB/s   1m26s[K[?25h[?2026l[?2026h[?25l[A[1Gpulling manifest [K
pulling 9657d5771484:  72% ▕█████████████     ▏ 4.5 GB/6.2 GB   19 MB/s   1m26s[K[?25h[?2026l[?2026h[?25l[A[1Gpulling manifest [K
pulling 9657d5771484:  72% ▕█████████████     ▏ 4.5 GB/6.2 GB   19 MB/s   1m26s[K[?25h[?2026l[?2026h[?25l[A[1Gpulling manifest [K
pulling 9657d5771484:  72% ▕█████████████     ▏ 4.5 GB/6.2 GB   19 MB/s   1m26s[K[?25h[?2026l[?2026h[?25l[A[1Gpulling manifest [K
pulling 9657d5771484:  72% ▕█████████████     ▏ 4.5 GB/6.2 GB   19 MB/s   1m27s[K[?25h[?2026l[?2026h[?25l[A[1Gpulling manifest [K
pulling 9657d5771484:  72% ▕█████████████     ▏ 4.5 GB/6.2 GB   19 MB/s   1m27s[K[?25h[?2026l[?2026h[?25l[A[1Gpulling manifest [K
pulling 9657d5771484:  72% ▕█████████████     ▏ 4.5 GB/6.2 GB   19 MB/s   1m27s[K[?25h[?2026l[?2026h[?25l[A[1Gpulling manifest [K
pulling 9657d5771484:  72% ▕█████████████     ▏ 4.5 GB/6.2 GB   19 MB/s   1m27s[K[?25h[?2026l[?2026h[?25l[A[1Gpulling manifest [K
pulling 9657d5771484:  72% ▕█████████████     ▏ 4.5 GB/6.2 GB   19 MB/s   1m26s[K[?25h[?2026l[?2026h[?25l[A[1Gpulling manifest [K
pulling 9657d5771484:  73% ▕█████████████     ▏ 4.5 GB/6.2 GB   19 MB/s   1m26s[K[?25h[?2026l[?2026h[?25l[A[1Gpulling manifest [K
pulling 9657d5771484:  73% ▕█████████████     ▏ 4.5 GB/6.2 GB   19 MB/s   1m26s[K[?25h[?2026l[?2026h[?25l[A[1Gpulling manifest [K
pulling 9657d5771484:  73% ▕█████████████     ▏ 4.5 GB/6.2 GB   19 MB/s   1m26s[K[?25h[?2026l[?2026h[?25l[A[1Gpulling manifest [K
pulling 9657d5771484:  73% ▕█████████████     ▏ 4.5 GB/6.2 GB   19 MB/s   1m26s[K[?25h[?2026l[?2026h[?25l[A[1Gpulling manifest [K
pulling 9657d5771484:  73% ▕█████████████     ▏ 4.5 GB/6.2 GB   19 MB/s   1m26s[K[?25h[?2026l[?2026h[?25l[A[1Gpulling manifest [K
pulling 9657d5771484:  73% ▕█████████████     ▏ 4.5 GB/6.2 GB   19 MB/s   1m27s[K[?25h[?2026l[?2026h[?25l[A[1Gpulling manifest [K
pulling 9657d5771484:  73% ▕█████████████     ▏ 4.5 GB/6.2 GB   19 MB/s   1m27s[K[?25h[?2026l[?2026h[?25l[A[1Gpulling manifest [K
pulling 9657d5771484:  73% ▕█████████████     ▏ 4.5 GB/6.2 GB   19 MB/s   1m27s[K[?25h[?2026l[?2026h[?25l[A[1Gpulling manifest [K
pulling 9657d5771484:  73% ▕█████████████     ▏ 4.5 GB/6.2 GB   19 MB/s   1m26s[K[?25h[?2026l[?2026h[?25l[A[1Gpulling manifest [K
pulling 9657d5771484:  73% ▕█████████████     ▏ 4.5 GB/6.2 GB   19 MB/s   1m26s[K[?25h[?2026l[?2026h[?25l[A[1Gpulling manifest [K
pulling 9657d5771484:  73% ▕█████████████     ▏ 4.5 GB/6.2 GB   19 MB/s   1m26s[K[?25h[?2026l[?2026h[?25l[A[1Gpulling manifest [K
pulling 9657d5771484:  73% ▕█████████████     ▏ 4.5 GB/6.2 GB   19 MB/s   1m26s[K[?25h[?2026l[?2026h[?25l[A[1Gpulling manifest [K
pulling 9657d5771484:  73% ▕█████████████     ▏ 4.5 GB/6.2 GB   19 MB/s   1m26s[K[?25h[?2026l[?2026h[?25l[A[1Gpulling manifest [K
pulling 9657d5771484:  73% ▕█████████████     ▏ 4.5 GB/6.2 GB   19 MB/s   1m26s[K[?25h[?2026l[?2026h[?25l[A[1Gpulling manifest [K
pulling 9657d5771484:  73% ▕█████████████     ▏ 4.5 GB/6.2 GB   19 MB/s   1m26s[K[?25h[?2026l[?2026h[?25l[A[1Gpulling manifest [K
pulling 9657d5771484:  73% ▕█████████████     ▏ 4.5 GB/6.2 GB   19 MB/s   1m25s[K[?25h[?2026l[?2026h[?25l[A[1Gpulling manifest [K
pulling 9657d5771484:  73% ▕█████████████     ▏ 4.5 GB/6.2 GB   19 MB/s   1m25s[K[?25h[?2026l[?2026h[?25l[A[1Gpulling manifest [K
pulling 9657d5771484:  73% ▕█████████████     ▏ 4.5 GB/6.2 GB   19 MB/s   1m24s[K[?25h[?2026l[?2026h[?25l[A[1Gpulling manifest [K
pulling 9657d5771484:  73% ▕█████████████     ▏ 4.5 GB/6.2 GB   19 MB/s   1m24s[K[?25h[?2026l[?2026h[?25l[A[1Gpulling manifest [K
pulling 9657d5771484:  73% ▕█████████████     ▏ 4.5 GB/6.2 GB   19 MB/s   1m24s[K[?25h[?2026l[?2026h[?25l[A[1Gpulling manifest [K
pulling 9657d5771484:  73% ▕█████████████     ▏ 4.5 GB/6.2 GB   19 MB/s   1m24s[K[?25h[?2026l[?2026h[?25l[A[1Gpulling manifest [K
pulling 9657d5771484:  73% ▕█████████████     ▏ 4.5 GB/6.2 GB   19 MB/s   1m24s[K[?25h[?2026l[?2026h[?25l[A[1Gpulling manifest [K
pulling 9657d5771484:  73% ▕█████████████     ▏ 4.6 GB/6.2 GB   19 MB/s   1m24s[K[?25h[?2026l[?2026h[?25l[A[1Gpulling manifest [K
pulling 9657d5771484:  73% ▕█████████████     ▏ 4.6 GB/6.2 GB   19 MB/s   1m24s[K[?25h[?2026l[?2026h[?25l[A[1Gpulling manifest [K
pulling 9657d5771484:  73% ▕█████████████     ▏ 4.6 GB/6.2 GB   19 MB/s   1m24s[K[?25h[?2026l[?2026h[?25l[A[1Gpulling manifest [K
pulling 9657d5771484:  73% ▕█████████████     ▏ 4.6 GB/6.2 GB   19 MB/s   1m24s[K[?25h[?2026l[?2026h[?25l[A[1Gpulling manifest [K
pulling 9657d5771484:  73% ▕█████████████     ▏ 4.6 GB/6.2 GB   20 MB/s   1m22s[K[?25h[?2026l[?2026h[?25l[A[1Gpulling manifest [K
pulling 9657d5771484:  73% ▕█████████████     ▏ 4.6 GB/6.2 GB   20 MB/s   1m22s[K[?25h[?2026l[?2026h[?25l[A[1Gpulling manifest [K
pulling 9657d5771484:  73% ▕█████████████     ▏ 4.6 GB/6.2 GB   20 MB/s   1m22s[K[?25h[?2026l[?2026h[?25l[A[1Gpulling manifest [K
pulling 9657d5771484:  73% ▕█████████████     ▏ 4.6 GB/6.2 GB   20 MB/s   1m21s[K[?25h[?2026l[?2026h[?25l[A[1Gpulling manifest [K
pulling 9657d5771484:  73% ▕█████████████     ▏ 4.6 GB/6.2 GB   20 MB/s   1m21s[K[?25h[?2026l[?2026h[?25l[A[1Gpulling manifest [K
pulling 9657d5771484:  73% ▕█████████████     ▏ 4.6 GB/6.2 GB   20 MB/s   1m21s[K[?25h[?2026l[?2026h[?25l[A[1Gpulling manifest [K
pulling 9657d5771484:  74% ▕█████████████     ▏ 4.6 GB/6.2 GB   20 MB/s   1m21s[K[?25h[?2026l[?2026h[?25l[A[1Gpulling manifest [K
pulling 9657d5771484:  74% ▕█████████████     ▏ 4.6 GB/6.2 GB   20 MB/s   1m21s[K[?25h[?2026l[?2026h[?25l[A[1Gpulling manifest [K
pulling 9657d5771484:  74% ▕█████████████     ▏ 4.6 GB/6.2 GB   20 MB/s   1m21s[K[?25h[?2026l[?2026h[?25l[A[1Gpulling manifest [K
pulling 9657d5771484:  74% ▕█████████████     ▏ 4.6 GB/6.2 GB   20 MB/s   1m21s[K[?25h[?2026l[?2026h[?25l[A[1Gpulling manifest [K
pulling 9657d5771484:  74% ▕█████████████     ▏ 4.6 GB/6.2 GB   20 MB/s   1m18s[K[?25h[?2026l[?2026h[?25l[A[1Gpulling manifest [K
pulling 9657d5771484:  74% ▕█████████████     ▏ 4.6 GB/6.2 GB   20 MB/s   1m18s[K[?25h[?2026l[?2026h[?25l[A[1Gpulling manifest [K
pulling 9657d5771484:  74% ▕█████████████     ▏ 4.6 GB/6.2 GB   20 MB/s   1m18s[K[?25h[?2026l[?2026h[?25l[A[1Gpulling manifest [K
pulling 9657d5771484:  74% ▕█████████████     ▏ 4.6 GB/6.2 GB   20 MB/s   1m18s[K[?25h[?2026l[?2026h[?25l[A[1Gpulling manifest [K
pulling 9657d5771484:  74% ▕█████████████     ▏ 4.6 GB/6.2 GB   20 MB/s   1m18s[K[?25h[?2026l[?2026h[?25l[A[1Gpulling manifest [K
pulling 9657d5771484:  74% ▕█████████████     ▏ 4.6 GB/6.2 GB   20 MB/s   1m18s[K[?25h[?2026l[?2026h[?25l[A[1Gpulling manifest [K
pulling 9657d5771484:  74% ▕█████████████     ▏ 4.6 GB/6.2 GB   20 MB/s   1m18s[K[?25h[?2026l[?2026h[?25l[A[1Gpulling manifest [K
pulling 9657d5771484:  74% ▕█████████████     ▏ 4.6 GB/6.2 GB   20 MB/s   1m18s[K[?25h[?2026l[?2026h[?25l[A[1Gpulling manifest [K
pulling 9657d5771484:  74% ▕█████████████     ▏ 4.6 GB/6.2 GB   20 MB/s   1m18s[K[?25h[?2026l[?2026h[?25l[A[1Gpulling manifest [K
pulling 9657d5771484:  74% ▕█████████████     ▏ 4.6 GB/6.2 GB   20 MB/s   1m18s[K[?25h[?2026l[?2026h[?25l[A[1Gpulling manifest [K
pulling 9657d5771484:  74% ▕█████████████     ▏ 4.6 GB/6.2 GB   19 MB/s   1m21s[K[?25h[?2026l[?2026h[?25l[A[1Gpulling manifest [K
pulling 9657d5771484:  74% ▕█████████████     ▏ 4.6 GB/6.2 GB   19 MB/s   1m21s[K[?25h[?2026l[?2026h[?25l[A[1Gpulling manifest [K
pulling 9657d5771484:  74% ▕█████████████     ▏ 4.6 GB/6.2 GB   19 MB/s   1m21s[K[?25h[?2026l[?2026h[?25l[A[1Gpulling manifest [K
pulling 9657d5771484:  74% ▕█████████████     ▏ 4.6 GB/6.2 GB   19 MB/s   1m21s[K[?25h[?2026l[?2026h[?25l[A[1Gpulling manifest [K
pulling 9657d5771484:  74% ▕█████████████     ▏ 4.6 GB/6.2 GB   19 MB/s   1m20s[K[?25h[?2026l[?2026h[?25l[A[1Gpulling manifest [K
pulling 9657d5771484:  74% ▕█████████████     ▏ 4.6 GB/6.2 GB   19 MB/s   1m20s[K[?25h[?2026l[?2026h[?25l[A[1Gpulling manifest [K
pulling 9657d5771484:  74% ▕█████████████     ▏ 4.6 GB/6.2 GB   19 MB/s   1m20s[K[?25h[?2026l[?2026h[?25l[A[1Gpulling manifest [K
pulling 9657d5771484:  74% ▕█████████████     ▏ 4.6 GB/6.2 GB   19 MB/s   1m20s[K[?25h[?2026l[?2026h[?25l[A[1Gpulling manifest [K
pulling 9657d5771484:  74% ▕█████████████     ▏ 4.6 GB/6.2 GB   19 MB/s   1m20s[K[?25h[?2026l[?2026h[?25l[A[1Gpulling manifest [K
pulling 9657d5771484:  74% ▕█████████████     ▏ 4.6 GB/6.2 GB   19 MB/s   1m20s[K[?25h[?2026l[?2026h[?25l[A[1Gpulling manifest [K
pulling 9657d5771484:  74% ▕█████████████     ▏ 4.6 GB/6.2 GB   19 MB/s   1m21s[K[?25h[?2026l[?2026h[?25l[A[1Gpulling manifest [K
pulling 9657d5771484:  74% ▕█████████████     ▏ 4.6 GB/6.2 GB   19 MB/s   1m21s[K[?25h[?2026l[?2026h[?25l[A[1Gpulling manifest [K
pulling 9657d5771484:  74% ▕█████████████     ▏ 4.6 GB/6.2 GB   19 MB/s   1m21s[K[?25h[?2026l[?2026h[?25l[A[1Gpulling manifest [K
pulling 9657d5771484:  74% ▕█████████████     ▏ 4.6 GB/6.2 GB   19 MB/s   1m21s[K[?25h[?2026l[?2026h[?25l[A[1Gpulling manifest [K
pulling 9657d5771484:  74% ▕█████████████     ▏ 4.6 GB/6.2 GB   19 MB/s   1m21s[K[?25h[?2026l[?2026h[?25l[A[1Gpulling manifest [K
pulling 9657d5771484:  74% ▕█████████████     ▏ 4.6 GB/6.2 GB   19 MB/s   1m21s[K[?25h[?2026l[?2026h[?25l[A[1Gpulling manifest [K
pulling 9657d5771484:  74% ▕█████████████     ▏ 4.6 GB/6.2 GB   19 MB/s   1m21s[K[?25h[?2026l[?2026h[?25l[A[1Gpulling manifest [K
pulling 9657d5771484:  74% ▕█████████████     ▏ 4.6 GB/6.2 GB   19 MB/s   1m21s[K[?25h[?2026l[?2026h[?25l[A[1Gpulling manifest [K
pulling 9657d5771484:  74% ▕█████████████     ▏ 4.6 GB/6.2 GB   19 MB/s   1m20s[K[?25h[?2026l[?2026h[?25l[A[1Gpulling manifest [K
pulling 9657d5771484:  74% ▕█████████████     ▏ 4.6 GB/6.2 GB   19 MB/s   1m20s[K[?25h[?2026l[?2026h[?25l[A[1Gpulling manifest [K
pulling 9657d5771484:  74% ▕█████████████     ▏ 4.6 GB/6.2 GB   19 MB/s   1m22s[K[?25h[?2026l[?2026h[?25l[A[1Gpulling manifest [K
pulling 9657d5771484:  74% ▕█████████████     ▏ 4.6 GB/6.2 GB   19 MB/s   1m22s[K[?25h[?2026l[?2026h[?25l[A[1Gpulling manifest [K
pulling 9657d5771484:  75% ▕█████████████     ▏ 4.6 GB/6.2 GB   19 MB/s   1m22s[K[?25h[?2026l[?2026h[?25l[A[1Gpulling manifest [K
pulling 9657d5771484:  75% ▕█████████████     ▏ 4.6 GB/6.2 GB   19 MB/s   1m21s[K[?25h[?2026l[?2026h[?25l[A[1Gpulling manifest [K
pulling 9657d5771484:  75% ▕█████████████     ▏ 4.6 GB/6.2 GB   19 MB/s   1m21s[K[?25h[?2026l[?2026h[?25l[A[1Gpulling manifest [K
pulling 9657d5771484:  75% ▕█████████████     ▏ 4.6 GB/6.2 GB   19 MB/s   1m21s[K[?25h[?2026l[?2026h[?25l[A[1Gpulling manifest [K
pulling 9657d5771484:  75% ▕█████████████     ▏ 4.6 GB/6.2 GB   19 MB/s   1m21s[K[?25h[?2026l[?2026h[?25l[A[1Gpulling manifest [K
pulling 9657d5771484:  75% ▕█████████████     ▏ 4.6 GB/6.2 GB   19 MB/s   1m21s[K[?25h[?2026l[?2026h[?25l[A[1Gpulling manifest [K
pulling 9657d5771484:  75% ▕█████████████     ▏ 4.6 GB/6.2 GB   19 MB/s   1m21s[K[?25h[?2026l[?2026h[?25l[A[1Gpulling manifest [K
pulling 9657d5771484:  75% ▕█████████████     ▏ 4.6 GB/6.2 GB   19 MB/s   1m21s[K[?25h[?2026l[?2026h[?25l[A[1Gpulling manifest [K
pulling 9657d5771484:  75% ▕█████████████     ▏ 4.6 GB/6.2 GB   19 MB/s   1m21s[K[?25h[?2026l[?2026h[?25l[A[1Gpulling manifest [K
pulling 9657d5771484:  75% ▕█████████████     ▏ 4.7 GB/6.2 GB   19 MB/s   1m21s[K[?25h[?2026l[?2026h[?25l[A[1Gpulling manifest [K
pulling 9657d5771484:  75% ▕█████████████     ▏ 4.7 GB/6.2 GB   19 MB/s   1m21s[K[?25h[?2026l[?2026h[?25l[A[1Gpulling manifest [K
pulling 9657d5771484:  75% ▕█████████████     ▏ 4.7 GB/6.2 GB   19 MB/s   1m21s[K[?25h[?2026l[?2026h[?25l[A[1Gpulling manifest [K
pulling 9657d5771484:  75% ▕█████████████     ▏ 4.7 GB/6.2 GB   19 MB/s   1m21s[K[?25h[?2026l[?2026h[?25l[A[1Gpulling manifest [K
pulling 9657d5771484:  75% ▕█████████████     ▏ 4.7 GB/6.2 GB   19 MB/s   1m21s[K[?25h[?2026l[?2026h[?25l[A[1Gpulling manifest [K
pulling 9657d5771484:  75% ▕█████████████     ▏ 4.7 GB/6.2 GB   19 MB/s   1m21s[K[?25h[?2026l[?2026h[?25l[A[1Gpulling manifest [K
pulling 9657d5771484:  75% ▕█████████████     ▏ 4.7 GB/6.2 GB   19 MB/s   1m21s[K[?25h[?2026l[?2026h[?25l[A[1Gpulling manifest [K
pulling 9657d5771484:  75% ▕█████████████     ▏ 4.7 GB/6.2 GB   19 MB/s   1m21s[K[?25h[?2026l[?2026h[?25l[A[1Gpulling manifest [K
pulling 9657d5771484:  75% ▕█████████████     ▏ 4.7 GB/6.2 GB   19 MB/s   1m21s[K[?25h[?2026l[?2026h[?25l[A[1Gpulling manifest [K
pulling 9657d5771484:  75% ▕█████████████     ▏ 4.7 GB/6.2 GB   19 MB/s   1m20s[K[?25h[?2026l[?2026h[?25l[A[1Gpulling manifest [K
pulling 9657d5771484:  75% ▕█████████████     ▏ 4.7 GB/6.2 GB   19 MB/s   1m19s[K[?25h[?2026l[?2026h[?25l[A[1Gpulling manifest [K
pulling 9657d5771484:  75% ▕█████████████     ▏ 4.7 GB/6.2 GB   19 MB/s   1m19s[K[?25h[?2026l[?2026h[?25l[A[1Gpulling manifest [K
pulling 9657d5771484:  75% ▕█████████████     ▏ 4.7 GB/6.2 GB   19 MB/s   1m19s[K[?25h[?2026l[?2026h[?25l[A[1Gpulling manifest [K
pulling 9657d5771484:  75% ▕█████████████     ▏ 4.7 GB/6.2 GB   19 MB/s   1m19s[K[?25h[?2026l[?2026h[?25l[A[1Gpulling manifest [K
pulling 9657d5771484:  75% ▕█████████████     ▏ 4.7 GB/6.2 GB   19 MB/s   1m19s[K[?25h[?2026l[?2026h[?25l[A[1Gpulling manifest [K
pulling 9657d5771484:  75% ▕█████████████     ▏ 4.7 GB/6.2 GB   19 MB/s   1m19s[K[?25h[?2026l[?2026h[?25l[A[1Gpulling manifest [K
pulling 9657d5771484:  75% ▕█████████████     ▏ 4.7 GB/6.2 GB   19 MB/s   1m19s[K[?25h[?2026l[?2026h[?25l[A[1Gpulling manifest [K
pulling 9657d5771484:  75% ▕█████████████     ▏ 4.7 GB/6.2 GB   19 MB/s   1m19s[K[?25h[?2026l[?2026h[?25l[A[1Gpulling manifest [K
pulling 9657d5771484:  75% ▕█████████████     ▏ 4.7 GB/6.2 GB   19 MB/s   1m18s[K[?25h[?2026l[?2026h[?25l[A[1Gpulling manifest [K
pulling 9657d5771484:  75% ▕█████████████     ▏ 4.7 GB/6.2 GB   19 MB/s   1m18s[K[?25h[?2026l[?2026h[?25l[A[1Gpulling manifest [K
pulling 9657d5771484:  75% ▕█████████████     ▏ 4.7 GB/6.2 GB   19 MB/s   1m20s[K[?25h[?2026l[?2026h[?25l[A[1Gpulling manifest [K
pulling 9657d5771484:  75% ▕█████████████     ▏ 4.7 GB/6.2 GB   19 MB/s   1m19s[K[?25h[?2026l[?2026h[?25l[A[1Gpulling manifest [K
pulling 9657d5771484:  75% ▕█████████████     ▏ 4.7 GB/6.2 GB   19 MB/s   1m19s[K[?25h[?2026l[?2026h[?25l[A[1Gpulling manifest [K
pulling 9657d5771484:  75% ▕█████████████     ▏ 4.7 GB/6.2 GB   19 MB/s   1m19s[K[?25h[?2026l[?2026h[?25l[A[1Gpulling manifest [K
pulling 9657d5771484:  76% ▕█████████████     ▏ 4.7 GB/6.2 GB   19 MB/s   1m19s[K[?25h[?2026l[?2026h[?25l[A[1Gpulling manifest [K
pulling 9657d5771484:  76% ▕█████████████     ▏ 4.7 GB/6.2 GB   19 MB/s   1m19s[K[?25h[?2026l[?2026h[?25l[A[1Gpulling manifest [K
pulling 9657d5771484:  76% ▕█████████████     ▏ 4.7 GB/6.2 GB   19 MB/s   1m19s[K[?25h[?2026l[?2026h[?25l[A[1Gpulling manifest [K
pulling 9657d5771484:  76% ▕█████████████     ▏ 4.7 GB/6.2 GB   19 MB/s   1m19s[K[?25h[?2026l[?2026h[?25l[A[1Gpulling manifest [K
pulling 9657d5771484:  76% ▕█████████████     ▏ 4.7 GB/6.2 GB   19 MB/s   1m19s[K[?25h[?2026l[?2026h[?25l[A[1Gpulling manifest [K
pulling 9657d5771484:  76% ▕█████████████     ▏ 4.7 GB/6.2 GB   19 MB/s   1m19s[K[?25h[?2026l[?2026h[?25l[A[1Gpulling manifest [K
pulling 9657d5771484:  76% ▕█████████████     ▏ 4.7 GB/6.2 GB   18 MB/s   1m19s[K[?25h[?2026l[?2026h[?25l[A[1Gpulling manifest [K
pulling 9657d5771484:  76% ▕█████████████     ▏ 4.7 GB/6.2 GB   18 MB/s   1m19s[K[?25h[?2026l[?2026h[?25l[A[1Gpulling manifest [K
pulling 9657d5771484:  76% ▕█████████████     ▏ 4.7 GB/6.2 GB   18 MB/s   1m19s[K[?25h[?2026l[?2026h[?25l[A[1Gpulling manifest [K
pulling 9657d5771484:  76% ▕█████████████     ▏ 4.7 GB/6.2 GB   18 MB/s   1m19s[K[?25h[?2026l[?2026h[?25l[A[1Gpulling manifest [K
pulling 9657d5771484:  76% ▕█████████████     ▏ 4.7 GB/6.2 GB   18 MB/s   1m19s[K[?25h[?2026l[?2026h[?25l[A[1Gpulling manifest [K
pulling 9657d5771484:  76% ▕█████████████     ▏ 4.7 GB/6.2 GB   18 MB/s   1m19s[K[?25h[?2026l[?2026h[?25l[A[1Gpulling manifest [K
pulling 9657d5771484:  76% ▕█████████████     ▏ 4.7 GB/6.2 GB   18 MB/s   1m19s[K[?25h[?2026l[?2026h[?25l[A[1Gpulling manifest [K
pulling 9657d5771484:  76% ▕█████████████     ▏ 4.7 GB/6.2 GB   18 MB/s   1m19s[K[?25h[?2026l[?2026h[?25l[A[1Gpulling manifest [K
pulling 9657d5771484:  76% ▕█████████████     ▏ 4.7 GB/6.2 GB   18 MB/s   1m19s[K[?25h[?2026l[?2026h[?25l[A[1Gpulling manifest [K
pulling 9657d5771484:  76% ▕█████████████     ▏ 4.7 GB/6.2 GB   18 MB/s   1m18s[K[?25h[?2026l[?2026h[?25l[A[1Gpulling manifest [K
pulling 9657d5771484:  76% ▕█████████████     ▏ 4.7 GB/6.2 GB   18 MB/s   1m18s[K[?25h[?2026l[?2026h[?25l[A[1Gpulling manifest [K
pulling 9657d5771484:  76% ▕█████████████     ▏ 4.7 GB/6.2 GB   18 MB/s   1m18s[K[?25h[?2026l[?2026h[?25l[A[1Gpulling manifest [K
pulling 9657d5771484:  76% ▕█████████████     ▏ 4.7 GB/6.2 GB   18 MB/s   1m18s[K[?25h[?2026l[?2026h[?25l[A[1Gpulling manifest [K
pulling 9657d5771484:  76% ▕█████████████     ▏ 4.7 GB/6.2 GB   18 MB/s   1m18s[K[?25h[?2026l[?2026h[?25l[A[1Gpulling manifest [K
pulling 9657d5771484:  76% ▕█████████████     ▏ 4.7 GB/6.2 GB   18 MB/s   1m18s[K[?25h[?2026l[?2026h[?25l[A[1Gpulling manifest [K
pulling 9657d5771484:  76% ▕█████████████     ▏ 4.7 GB/6.2 GB   18 MB/s   1m17s[K[?25h[?2026l[?2026h[?25l[A[1Gpulling manifest [K
pulling 9657d5771484:  76% ▕█████████████     ▏ 4.7 GB/6.2 GB   18 MB/s   1m17s[K[?25h[?2026l[?2026h[?25l[A[1Gpulling manifest [K
pulling 9657d5771484:  76% ▕█████████████     ▏ 4.7 GB/6.2 GB   18 MB/s   1m17s[K[?25h[?2026l[?2026h[?25l[A[1Gpulling manifest [K
pulling 9657d5771484:  76% ▕█████████████     ▏ 4.7 GB/6.2 GB   18 MB/s   1m17s[K[?25h[?2026l[?2026h[?25l[A[1Gpulling manifest [K
pulling 9657d5771484:  76% ▕█████████████     ▏ 4.7 GB/6.2 GB   18 MB/s   1m17s[K[?25h[?2026l[?2026h[?25l[A[1Gpulling manifest [K
pulling 9657d5771484:  76% ▕█████████████     ▏ 4.7 GB/6.2 GB   18 MB/s   1m17s[K[?25h[?2026l[?2026h[?25l[A[1Gpulling manifest [K
pulling 9657d5771484:  76% ▕█████████████     ▏ 4.7 GB/6.2 GB   18 MB/s   1m18s[K[?25h[?2026l[?2026h[?25l[A[1Gpulling manifest [K
pulling 9657d5771484:  76% ▕█████████████     ▏ 4.8 GB/6.2 GB   18 MB/s   1m18s[K[?25h[?2026l[?2026h[?25l[A[1Gpulling manifest [K
pulling 9657d5771484:  76% ▕█████████████     ▏ 4.8 GB/6.2 GB   18 MB/s   1m18s[K[?25h[?2026l[?2026h[?25l[A[1Gpulling manifest [K
pulling 9657d5771484:  76% ▕█████████████     ▏ 4.8 GB/6.2 GB   18 MB/s   1m18s[K[?25h[?2026l[?2026h[?25l[A[1Gpulling manifest [K
pulling 9657d5771484:  77% ▕█████████████     ▏ 4.8 GB/6.2 GB   18 MB/s   1m17s[K[?25h[?2026l[?2026h[?25l[A[1Gpulling manifest [K
pulling 9657d5771484:  77% ▕█████████████     ▏ 4.8 GB/6.2 GB   18 MB/s   1m17s[K[?25h[?2026l[?2026h[?25l[A[1Gpulling manifest [K
pulling 9657d5771484:  77% ▕█████████████     ▏ 4.8 GB/6.2 GB   18 MB/s   1m17s[K[?25h[?2026l[?2026h[?25l[A[1Gpulling manifest [K
pulling 9657d5771484:  77% ▕█████████████     ▏ 4.8 GB/6.2 GB   18 MB/s   1m17s[K[?25h[?2026l[?2026h[?25l[A[1Gpulling manifest [K
pulling 9657d5771484:  77% ▕█████████████     ▏ 4.8 GB/6.2 GB   18 MB/s   1m17s[K[?25h[?2026l[?2026h[?25l[A[1Gpulling manifest [K
pulling 9657d5771484:  77% ▕█████████████     ▏ 4.8 GB/6.2 GB   18 MB/s   1m17s[K[?25h[?2026l[?2026h[?25l[A[1Gpulling manifest [K
pulling 9657d5771484:  77% ▕█████████████     ▏ 4.8 GB/6.2 GB   19 MB/s   1m14s[K[?25h[?2026l[?2026h[?25l[A[1Gpulling manifest [K
pulling 9657d5771484:  77% ▕█████████████     ▏ 4.8 GB/6.2 GB   19 MB/s   1m14s[K[?25h[?2026l[?2026h[?25l[A[1Gpulling manifest [K
pulling 9657d5771484:  77% ▕█████████████     ▏ 4.8 GB/6.2 GB   19 MB/s   1m13s[K[?25h[?2026l[?2026h[?25l[A[1Gpulling manifest [K
pulling 9657d5771484:  77% ▕█████████████     ▏ 4.8 GB/6.2 GB   19 MB/s   1m13s[K[?25h[?2026l[?2026h[?25l[A[1Gpulling manifest [K
pulling 9657d5771484:  77% ▕█████████████     ▏ 4.8 GB/6.2 GB   19 MB/s   1m13s[K[?25h[?2026l[?2026h[?25l[A[1Gpulling manifest [K
pulling 9657d5771484:  77% ▕█████████████     ▏ 4.8 GB/6.2 GB   19 MB/s   1m13s[K[?25h[?2026l[?2026h[?25l[A[1Gpulling manifest [K
pulling 9657d5771484:  77% ▕█████████████     ▏ 4.8 GB/6.2 GB   19 MB/s   1m13s[K[?25h[?2026l[?2026h[?25l[A[1Gpulling manifest [K
pulling 9657d5771484:  77% ▕█████████████     ▏ 4.8 GB/6.2 GB   19 MB/s   1m13s[K[?25h[?2026l[?2026h[?25l[A[1Gpulling manifest [K
pulling 9657d5771484:  77% ▕█████████████     ▏ 4.8 GB/6.2 GB   19 MB/s   1m13s[K[?25h[?2026l[?2026h[?25l[A[1Gpulling manifest [K
pulling 9657d5771484:  77% ▕█████████████     ▏ 4.8 GB/6.2 GB   19 MB/s   1m13s[K[?25h[?2026l[?2026h[?25l[A[1Gpulling manifest [K
pulling 9657d5771484:  77% ▕█████████████     ▏ 4.8 GB/6.2 GB   19 MB/s   1m14s[K[?25h[?2026l[?2026h[?25l[A[1Gpulling manifest [K
pulling 9657d5771484:  77% ▕█████████████     ▏ 4.8 GB/6.2 GB   19 MB/s   1m14s[K[?25h[?2026l[?2026h[?25l[A[1Gpulling manifest [K
pulling 9657d5771484:  77% ▕█████████████     ▏ 4.8 GB/6.2 GB   19 MB/s   1m14s[K[?25h[?2026l[?2026h[?25l[A[1Gpulling manifest [K
pulling 9657d5771484:  77% ▕█████████████     ▏ 4.8 GB/6.2 GB   19 MB/s   1m14s[K[?25h[?2026l[?2026h[?25l[A[1Gpulling manifest [K
pulling 9657d5771484:  77% ▕█████████████     ▏ 4.8 GB/6.2 GB   19 MB/s   1m14s[K[?25h[?2026l[?2026h[?25l[A[1Gpulling manifest [K
pulling 9657d5771484:  77% ▕█████████████     ▏ 4.8 GB/6.2 GB   19 MB/s   1m14s[K[?25h[?2026l[?2026h[?25l[A[1Gpulling manifest [K
pulling 9657d5771484:  77% ▕█████████████     ▏ 4.8 GB/6.2 GB   19 MB/s   1m13s[K[?25h[?2026l[?2026h[?25l[A[1Gpulling manifest [K
pulling 9657d5771484:  77% ▕█████████████     ▏ 4.8 GB/6.2 GB   19 MB/s   1m13s[K[?25h[?2026l[?2026h[?25l[A[1Gpulling manifest [K
pulling 9657d5771484:  77% ▕█████████████     ▏ 4.8 GB/6.2 GB   19 MB/s   1m13s[K[?25h[?2026l[?2026h[?25l[A[1Gpulling manifest [K
pulling 9657d5771484:  77% ▕█████████████     ▏ 4.8 GB/6.2 GB   19 MB/s   1m13s[K[?25h[?2026l[?2026h[?25l[A[1Gpulling manifest [K
pulling 9657d5771484:  77% ▕█████████████     ▏ 4.8 GB/6.2 GB   19 MB/s   1m13s[K[?25h[?2026l[?2026h[?25l[A[1Gpulling manifest [K
pulling 9657d5771484:  77% ▕█████████████     ▏ 4.8 GB/6.2 GB   19 MB/s   1m13s[K[?25h[?2026l[?2026h[?25l[A[1Gpulling manifest [K
pulling 9657d5771484:  77% ▕█████████████     ▏ 4.8 GB/6.2 GB   19 MB/s   1m13s[K[?25h[?2026l[?2026h[?25l[A[1Gpulling manifest [K
pulling 9657d5771484:  77% ▕█████████████     ▏ 4.8 GB/6.2 GB   19 MB/s   1m13s[K[?25h[?2026l[?2026h[?25l[A[1Gpulling manifest [K
pulling 9657d5771484:  77% ▕█████████████     ▏ 4.8 GB/6.2 GB   19 MB/s   1m13s[K[?25h[?2026l[?2026h[?25l[A[1Gpulling manifest [K
pulling 9657d5771484:  77% ▕█████████████     ▏ 4.8 GB/6.2 GB   19 MB/s   1m13s[K[?25h[?2026l[?2026h[?25l[A[1Gpulling manifest [K
pulling 9657d5771484:  77% ▕█████████████     ▏ 4.8 GB/6.2 GB   19 MB/s   1m13s[K[?25h[?2026l[?2026h[?25l[A[1Gpulling manifest [K
pulling 9657d5771484:  77% ▕█████████████     ▏ 4.8 GB/6.2 GB   19 MB/s   1m13s[K[?25h[?2026l[?2026h[?25l[A[1Gpulling manifest [K
pulling 9657d5771484:  77% ▕█████████████     ▏ 4.8 GB/6.2 GB   19 MB/s   1m13s[K[?25h[?2026l[?2026h[?25l[A[1Gpulling manifest [K
pulling 9657d5771484:  78% ▕█████████████     ▏ 4.8 GB/6.2 GB   19 MB/s   1m13s[K[?25h[?2026l[?2026h[?25l[A[1Gpulling manifest [K
pulling 9657d5771484:  78% ▕█████████████     ▏ 4.8 GB/6.2 GB   18 MB/s   1m13s[K[?25h[?2026l[?2026h[?25l[A[1Gpulling manifest [K
pulling 9657d5771484:  78% ▕█████████████     ▏ 4.8 GB/6.2 GB   18 MB/s   1m13s[K[?25h[?2026l[?2026h[?25l[A[1Gpulling manifest [K
pulling 9657d5771484:  78% ▕█████████████     ▏ 4.8 GB/6.2 GB   18 MB/s   1m13s[K[?25h[?2026l[?2026h[?25l[A[1Gpulling manifest [K
pulling 9657d5771484:  78% ▕█████████████     ▏ 4.8 GB/6.2 GB   18 MB/s   1m13s[K[?25h[?2026l[?2026h[?25l[A[1Gpulling manifest [K
pulling 9657d5771484:  78% ▕█████████████     ▏ 4.8 GB/6.2 GB   18 MB/s   1m13s[K[?25h[?2026l[?2026h[?25l[A[1Gpulling manifest [K
pulling 9657d5771484:  78% ▕█████████████     ▏ 4.8 GB/6.2 GB   18 MB/s   1m13s[K[?25h[?2026l[?2026h[?25l[A[1Gpulling manifest [K
pulling 9657d5771484:  78% ▕█████████████     ▏ 4.8 GB/6.2 GB   18 MB/s   1m13s[K[?25h[?2026l[?2026h[?25l[A[1Gpulling manifest [K
pulling 9657d5771484:  78% ▕█████████████     ▏ 4.8 GB/6.2 GB   18 MB/s   1m13s[K[?25h[?2026l[?2026h[?25l[A[1Gpulling manifest [K
pulling 9657d5771484:  78% ▕█████████████     ▏ 4.8 GB/6.2 GB   18 MB/s   1m12s[K[?25h[?2026l[?2026h[?25l[A[1Gpulling manifest [K
pulling 9657d5771484:  78% ▕█████████████     ▏ 4.8 GB/6.2 GB   18 MB/s   1m12s[K[?25h[?2026l[?2026h[?25l[A[1Gpulling manifest [K
pulling 9657d5771484:  78% ▕█████████████     ▏ 4.8 GB/6.2 GB   18 MB/s   1m12s[K[?25h[?2026l[?2026h[?25l[A[1Gpulling manifest [K
pulling 9657d5771484:  78% ▕█████████████     ▏ 4.8 GB/6.2 GB   17 MB/s   1m16s[K[?25h[?2026l[?2026h[?25l[A[1Gpulling manifest [K
pulling 9657d5771484:  78% ▕██████████████    ▏ 4.8 GB/6.2 GB   17 MB/s   1m16s[K[?25h[?2026l[?2026h[?25l[A[1Gpulling manifest [K
pulling 9657d5771484:  78% ▕██████████████    ▏ 4.8 GB/6.2 GB   17 MB/s   1m16s[K[?25h[?2026l[?2026h[?25l[A[1Gpulling manifest [K
pulling 9657d5771484:  78% ▕██████████████    ▏ 4.8 GB/6.2 GB   17 MB/s   1m16s[K[?25h[?2026l[?2026h[?25l[A[1Gpulling manifest [K
pulling 9657d5771484:  78% ▕██████████████    ▏ 4.8 GB/6.2 GB   17 MB/s   1m16s[K[?25h[?2026l[?2026h[?25l[A[1Gpulling manifest [K
pulling 9657d5771484:  78% ▕██████████████    ▏ 4.8 GB/6.2 GB   17 MB/s   1m16s[K[?25h[?2026l[?2026h[?25l[A[1Gpulling manifest [K
pulling 9657d5771484:  78% ▕██████████████    ▏ 4.8 GB/6.2 GB   17 MB/s   1m16s[K[?25h[?2026l[?2026h[?25l[A[1Gpulling manifest [K
pulling 9657d5771484:  78% ▕██████████████    ▏ 4.8 GB/6.2 GB   17 MB/s   1m16s[K[?25h[?2026l[?2026h[?25l[A[1Gpulling manifest [K
pulling 9657d5771484:  78% ▕██████████████    ▏ 4.8 GB/6.2 GB   17 MB/s   1m16s[K[?25h[?2026l[?2026h[?25l[A[1Gpulling manifest [K
pulling 9657d5771484:  78% ▕██████████████    ▏ 4.8 GB/6.2 GB   17 MB/s   1m16s[K[?25h[?2026l[?2026h[?25l[A[1Gpulling manifest [K
pulling 9657d5771484:  78% ▕██████████████    ▏ 4.8 GB/6.2 GB   17 MB/s   1m17s[K[?25h[?2026l[?2026h[?25l[A[1Gpulling manifest [K
pulling 9657d5771484:  78% ▕██████████████    ▏ 4.9 GB/6.2 GB   17 MB/s   1m17s[K[?25h[?2026l[?2026h[?25l[A[1Gpulling manifest [K
pulling 9657d5771484:  78% ▕██████████████    ▏ 4.9 GB/6.2 GB   17 MB/s   1m17s[K[?25h[?2026l[?2026h[?25l[A[1Gpulling manifest [K
pulling 9657d5771484:  78% ▕██████████████    ▏ 4.9 GB/6.2 GB   17 MB/s   1m17s[K[?25h[?2026l[?2026h[?25l[A[1Gpulling manifest [K
pulling 9657d5771484:  78% ▕██████████████    ▏ 4.9 GB/6.2 GB   17 MB/s   1m17s[K[?25h[?2026l[?2026h[?25l[A[1Gpulling manifest [K
pulling 9657d5771484:  78% ▕██████████████    ▏ 4.9 GB/6.2 GB   17 MB/s   1m16s[K[?25h[?2026l[?2026h[?25l[A[1Gpulling manifest [K
pulling 9657d5771484:  78% ▕██████████████    ▏ 4.9 GB/6.2 GB   17 MB/s   1m16s[K[?25h[?2026l[?2026h[?25l[A[1Gpulling manifest [K
pulling 9657d5771484:  78% ▕██████████████    ▏ 4.9 GB/6.2 GB   17 MB/s   1m16s[K[?25h[?2026l[?2026h[?25l[A[1Gpulling manifest [K
pulling 9657d5771484:  78% ▕██████████████    ▏ 4.9 GB/6.2 GB   17 MB/s   1m16s[K[?25h[?2026l[?2026h[?25l[A[1Gpulling manifest [K
pulling 9657d5771484:  78% ▕██████████████    ▏ 4.9 GB/6.2 GB   17 MB/s   1m16s[K[?25h[?2026l[?2026h[?25l[A[1Gpulling manifest [K
pulling 9657d5771484:  78% ▕██████████████    ▏ 4.9 GB/6.2 GB   17 MB/s   1m19s[K[?25h[?2026l[?2026h[?25l[A[1Gpulling manifest [K
pulling 9657d5771484:  78% ▕██████████████    ▏ 4.9 GB/6.2 GB   17 MB/s   1m19s[K[?25h[?2026l[?2026h[?25l[A[1Gpulling manifest [K
pulling 9657d5771484:  78% ▕██████████████    ▏ 4.9 GB/6.2 GB   17 MB/s   1m19s[K[?25h[?2026l[?2026h[?25l[A[1Gpulling manifest [K
pulling 9657d5771484:  78% ▕██████████████    ▏ 4.9 GB/6.2 GB   17 MB/s   1m19s[K[?25h[?2026l[?2026h[?25l[A[1Gpulling manifest [K
pulling 9657d5771484:  78% ▕██████████████    ▏ 4.9 GB/6.2 GB   17 MB/s   1m19s[K[?25h[?2026l[?2026h[?25l[A[1Gpulling manifest [K
pulling 9657d5771484:  78% ▕██████████████    ▏ 4.9 GB/6.2 GB   17 MB/s   1m19s[K[?25h[?2026l[?2026h[?25l[A[1Gpulling manifest [K
pulling 9657d5771484:  78% ▕██████████████    ▏ 4.9 GB/6.2 GB   17 MB/s   1m18s[K[?25h[?2026l[?2026h[?25l[A[1Gpulling manifest [K
pulling 9657d5771484:  78% ▕██████████████    ▏ 4.9 GB/6.2 GB   17 MB/s   1m18s[K[?25h[?2026l[?2026h[?25l[A[1Gpulling manifest [K
pulling 9657d5771484:  78% ▕██████████████    ▏ 4.9 GB/6.2 GB   17 MB/s   1m18s[K[?25h[?2026l[?2026h[?25l[A[1Gpulling manifest [K
pulling 9657d5771484:  78% ▕██████████████    ▏ 4.9 GB/6.2 GB   17 MB/s   1m18s[K[?25h[?2026l[?2026h[?25l[A[1Gpulling manifest [K
pulling 9657d5771484:  78% ▕██████████████    ▏ 4.9 GB/6.2 GB   16 MB/s   1m20s[K[?25h[?2026l[?2026h[?25l[A[1Gpulling manifest [K
pulling 9657d5771484:  79% ▕██████████████    ▏ 4.9 GB/6.2 GB   16 MB/s   1m20s[K[?25h[?2026l[?2026h[?25l[A[1Gpulling manifest [K
pulling 9657d5771484:  79% ▕██████████████    ▏ 4.9 GB/6.2 GB   16 MB/s   1m19s[K[?25h[?2026l[?2026h[?25l[A[1Gpulling manifest [K
pulling 9657d5771484:  79% ▕██████████████    ▏ 4.9 GB/6.2 GB   16 MB/s   1m19s[K[?25h[?2026l[?2026h[?25l[A[1Gpulling manifest [K
pulling 9657d5771484:  79% ▕██████████████    ▏ 4.9 GB/6.2 GB   16 MB/s   1m19s[K[?25h[?2026l[?2026h[?25l[A[1Gpulling manifest [K
pulling 9657d5771484:  79% ▕██████████████    ▏ 4.9 GB/6.2 GB   16 MB/s   1m19s[K[?25h[?2026l[?2026h[?25l[A[1Gpulling manifest [K
pulling 9657d5771484:  79% ▕██████████████    ▏ 4.9 GB/6.2 GB   16 MB/s   1m19s[K[?25h[?2026l[?2026h[?25l[A[1Gpulling manifest [K
pulling 9657d5771484:  79% ▕██████████████    ▏ 4.9 GB/6.2 GB   16 MB/s   1m19s[K[?25h[?2026l[?2026h[?25l[A[1Gpulling manifest [K
pulling 9657d5771484:  79% ▕██████████████    ▏ 4.9 GB/6.2 GB   16 MB/s   1m19s[K[?25h[?2026l[?2026h[?25l[A[1Gpulling manifest [K
pulling 9657d5771484:  79% ▕██████████████    ▏ 4.9 GB/6.2 GB   16 MB/s   1m19s[K[?25h[?2026l[?2026h[?25l[A[1Gpulling manifest [K
pulling 9657d5771484:  79% ▕██████████████    ▏ 4.9 GB/6.2 GB   16 MB/s   1m18s[K[?25h[?2026l[?2026h[?25l[A[1Gpulling manifest [K
pulling 9657d5771484:  79% ▕██████████████    ▏ 4.9 GB/6.2 GB   16 MB/s   1m18s[K[?25h[?2026l[?2026h[?25l[A[1Gpulling manifest [K
pulling 9657d5771484:  79% ▕██████████████    ▏ 4.9 GB/6.2 GB   16 MB/s   1m18s[K[?25h[?2026l[?2026h[?25l[A[1Gpulling manifest [K
pulling 9657d5771484:  79% ▕██████████████    ▏ 4.9 GB/6.2 GB   16 MB/s   1m18s[K[?25h[?2026l[?2026h[?25l[A[1Gpulling manifest [K
pulling 9657d5771484:  79% ▕██████████████    ▏ 4.9 GB/6.2 GB   16 MB/s   1m18s[K[?25h[?2026l[?2026h[?25l[A[1Gpulling manifest [K
pulling 9657d5771484:  79% ▕██████████████    ▏ 4.9 GB/6.2 GB   16 MB/s   1m18s[K[?25h[?2026l[?2026h[?25l[A[1Gpulling manifest [K
pulling 9657d5771484:  79% ▕██████████████    ▏ 4.9 GB/6.2 GB   16 MB/s   1m18s[K[?25h[?2026l[?2026h[?25l[A[1Gpulling manifest [K
pulling 9657d5771484:  79% ▕██████████████    ▏ 4.9 GB/6.2 GB   16 MB/s   1m18s[K[?25h[?2026l[?2026h[?25l[A[1Gpulling manifest [K
pulling 9657d5771484:  79% ▕██████████████    ▏ 4.9 GB/6.2 GB   16 MB/s   1m18s[K[?25h[?2026l[?2026h[?25l[A[1Gpulling manifest [K
pulling 9657d5771484:  79% ▕██████████████    ▏ 4.9 GB/6.2 GB   16 MB/s   1m17s[K[?25h[?2026l[?2026h[?25l[A[1Gpulling manifest [K
pulling 9657d5771484:  79% ▕██████████████    ▏ 4.9 GB/6.2 GB   16 MB/s   1m17s[K[?25h[?2026l[?2026h[?25l[A[1Gpulling manifest [K
pulling 9657d5771484:  79% ▕██████████████    ▏ 4.9 GB/6.2 GB   16 MB/s   1m17s[K[?25h[?2026l[?2026h[?25l[A[1Gpulling manifest [K
pulling 9657d5771484:  79% ▕██████████████    ▏ 4.9 GB/6.2 GB   16 MB/s   1m17s[K[?25h[?2026l[?2026h[?25l[A[1Gpulling manifest [K
pulling 9657d5771484:  79% ▕██████████████    ▏ 4.9 GB/6.2 GB   16 MB/s   1m17s[K[?25h[?2026l[?2026h[?25l[A[1Gpulling manifest [K
pulling 9657d5771484:  79% ▕██████████████    ▏ 4.9 GB/6.2 GB   16 MB/s   1m17s[K[?25h[?2026l[?2026h[?25l[A[1Gpulling manifest [K
pulling 9657d5771484:  79% ▕██████████████    ▏ 4.9 GB/6.2 GB   16 MB/s   1m17s[K[?25h[?2026l[?2026h[?25l[A[1Gpulling manifest [K
pulling 9657d5771484:  79% ▕██████████████    ▏ 4.9 GB/6.2 GB   16 MB/s   1m17s[K[?25h[?2026l[?2026h[?25l[A[1Gpulling manifest [K
pulling 9657d5771484:  79% ▕██████████████    ▏ 4.9 GB/6.2 GB   16 MB/s   1m17s[K[?25h[?2026l[?2026h[?25l[A[1Gpulling manifest [K
pulling 9657d5771484:  79% ▕██████████████    ▏ 4.9 GB/6.2 GB   16 MB/s   1m17s[K[?25h[?2026l[?2026h[?25l[A[1Gpulling manifest [K
pulling 9657d5771484:  79% ▕██████████████    ▏ 4.9 GB/6.2 GB   16 MB/s   1m17s[K[?25h[?2026l[?2026h[?25l[A[1Gpulling manifest [K
pulling 9657d5771484:  79% ▕██████████████    ▏ 4.9 GB/6.2 GB   16 MB/s   1m16s[K[?25h[?2026l[?2026h[?25l[A[1Gpulling manifest [K
pulling 9657d5771484:  79% ▕██████████████    ▏ 4.9 GB/6.2 GB   17 MB/s   1m14s[K[?25h[?2026l[?2026h[?25l[A[1Gpulling manifest [K
pulling 9657d5771484:  79% ▕██████████████    ▏ 4.9 GB/6.2 GB   17 MB/s   1m14s[K[?25h[?2026l[?2026h[?25l[A[1Gpulling manifest [K
pulling 9657d5771484:  80% ▕██████████████    ▏ 4.9 GB/6.2 GB   17 MB/s   1m14s[K[?25h[?2026l[?2026h[?25l[A[1Gpulling manifest [K
pulling 9657d5771484:  80% ▕██████████████    ▏ 4.9 GB/6.2 GB   17 MB/s   1m14s[K[?25h[?2026l[?2026h[?25l[A[1Gpulling manifest [K
pulling 9657d5771484:  80% ▕██████████████    ▏ 4.9 GB/6.2 GB   17 MB/s   1m14s[K[?25h[?2026l[?2026h[?25l[A[1Gpulling manifest [K
pulling 9657d5771484:  80% ▕██████████████    ▏ 5.0 GB/6.2 GB   17 MB/s   1m14s[K[?25h[?2026l[?2026h[?25l[A[1Gpulling manifest [K
pulling 9657d5771484:  80% ▕██████████████    ▏ 5.0 GB/6.2 GB   17 MB/s   1m13s[K[?25h[?2026l[?2026h[?25l[A[1Gpulling manifest [K
pulling 9657d5771484:  80% ▕██████████████    ▏ 5.0 GB/6.2 GB   17 MB/s   1m13s[K[?25h[?2026l[?2026h[?25l[A[1Gpulling manifest [K
pulling 9657d5771484:  80% ▕██████████████    ▏ 5.0 GB/6.2 GB   17 MB/s   1m13s[K[?25h[?2026l[?2026h[?25l[A[1Gpulling manifest [K
pulling 9657d5771484:  80% ▕██████████████    ▏ 5.0 GB/6.2 GB   17 MB/s   1m13s[K[?25h[?2026l[?2026h[?25l[A[1Gpulling manifest [K
pulling 9657d5771484:  80% ▕██████████████    ▏ 5.0 GB/6.2 GB   17 MB/s   1m13s[K[?25h[?2026l[?2026h[?25l[A[1Gpulling manifest [K
pulling 9657d5771484:  80% ▕██████████████    ▏ 5.0 GB/6.2 GB   17 MB/s   1m13s[K[?25h[?2026l[?2026h[?25l[A[1Gpulling manifest [K
pulling 9657d5771484:  80% ▕██████████████    ▏ 5.0 GB/6.2 GB   17 MB/s   1m13s[K[?25h[?2026l[?2026h[?25l[A[1Gpulling manifest [K
pulling 9657d5771484:  80% ▕██████████████    ▏ 5.0 GB/6.2 GB   17 MB/s   1m13s[K[?25h[?2026l[?2026h[?25l[A[1Gpulling manifest [K
pulling 9657d5771484:  80% ▕██████████████    ▏ 5.0 GB/6.2 GB   17 MB/s   1m13s[K[?25h[?2026l[?2026h[?25l[A[1Gpulling manifest [K
pulling 9657d5771484:  80% ▕██████████████    ▏ 5.0 GB/6.2 GB   17 MB/s   1m12s[K[?25h[?2026l[?2026h[?25l[A[1Gpulling manifest [K
pulling 9657d5771484:  80% ▕██████████████    ▏ 5.0 GB/6.2 GB   17 MB/s   1m12s[K[?25h[?2026l[?2026h[?25l[A[1Gpulling manifest [K
pulling 9657d5771484:  80% ▕██████████████    ▏ 5.0 GB/6.2 GB   17 MB/s   1m12s[K[?25h[?2026l[?2026h[?25l[A[1Gpulling manifest [K
pulling 9657d5771484:  80% ▕██████████████    ▏ 5.0 GB/6.2 GB   17 MB/s   1m12s[K[?25h[?2026l[?2026h[?25l[A[1Gpulling manifest [K
pulling 9657d5771484:  80% ▕██████████████    ▏ 5.0 GB/6.2 GB   17 MB/s   1m12s[K[?25h[?2026l[?2026h[?25l[A[1Gpulling manifest [K
pulling 9657d5771484:  80% ▕██████████████    ▏ 5.0 GB/6.2 GB   17 MB/s   1m11s[K[?25h[?2026l[?2026h[?25l[A[1Gpulling manifest [K
pulling 9657d5771484:  80% ▕██████████████    ▏ 5.0 GB/6.2 GB   17 MB/s   1m11s[K[?25h[?2026l[?2026h[?25l[A[1Gpulling manifest [K
pulling 9657d5771484:  80% ▕██████████████    ▏ 5.0 GB/6.2 GB   17 MB/s   1m11s[K[?25h[?2026l[?2026h[?25l[A[1Gpulling manifest [K
pulling 9657d5771484:  80% ▕██████████████    ▏ 5.0 GB/6.2 GB   17 MB/s   1m11s[K[?25h[?2026l[?2026h[?25l[A[1Gpulling manifest [K
pulling 9657d5771484:  80% ▕██████████████    ▏ 5.0 GB/6.2 GB   17 MB/s   1m11s[K[?25h[?2026l[?2026h[?25l[A[1Gpulling manifest [K
pulling 9657d5771484:  80% ▕██████████████    ▏ 5.0 GB/6.2 GB   17 MB/s   1m11s[K[?25h[?2026l[?2026h[?25l[A[1Gpulling manifest [K
pulling 9657d5771484:  80% ▕██████████████    ▏ 5.0 GB/6.2 GB   17 MB/s   1m11s[K[?25h[?2026l[?2026h[?25l[A[1Gpulling manifest [K
pulling 9657d5771484:  80% ▕██████████████    ▏ 5.0 GB/6.2 GB   17 MB/s   1m11s[K[?25h[?2026l[?2026h[?25l[A[1Gpulling manifest [K
pulling 9657d5771484:  80% ▕██████████████    ▏ 5.0 GB/6.2 GB   17 MB/s   1m11s[K[?25h[?2026l[?2026h[?25l[A[1Gpulling manifest [K
pulling 9657d5771484:  80% ▕██████████████    ▏ 5.0 GB/6.2 GB   17 MB/s   1m10s[K[?25h[?2026l[?2026h[?25l[A[1Gpulling manifest [K
pulling 9657d5771484:  80% ▕██████████████    ▏ 5.0 GB/6.2 GB   18 MB/s    1m6s[K[?25h[?2026l[?2026h[?25l[A[1Gpulling manifest [K
pulling 9657d5771484:  80% ▕██████████████    ▏ 5.0 GB/6.2 GB   18 MB/s    1m6s[K[?25h[?2026l[?2026h[?25l[A[1Gpulling manifest [K
pulling 9657d5771484:  80% ▕██████████████    ▏ 5.0 GB/6.2 GB   18 MB/s    1m6s[K[?25h[?2026l[?2026h[?25l[A[1Gpulling manifest [K
pulling 9657d5771484:  80% ▕██████████████    ▏ 5.0 GB/6.2 GB   18 MB/s    1m6s[K[?25h[?2026l[?2026h[?25l[A[1Gpulling manifest [K
pulling 9657d5771484:  81% ▕██████████████    ▏ 5.0 GB/6.2 GB   18 MB/s    1m6s[K[?25h[?2026l[?2026h[?25l[A[1Gpulling manifest [K
pulling 9657d5771484:  81% ▕██████████████    ▏ 5.0 GB/6.2 GB   18 MB/s    1m6s[K[?25h[?2026l[?2026h[?25l[A[1Gpulling manifest [K
pulling 9657d5771484:  81% ▕██████████████    ▏ 5.0 GB/6.2 GB   18 MB/s    1m5s[K[?25h[?2026l[?2026h[?25l[A[1Gpulling manifest [K
pulling 9657d5771484:  81% ▕██████████████    ▏ 5.0 GB/6.2 GB   18 MB/s    1m5s[K[?25h[?2026l[?2026h[?25l[A[1Gpulling manifest [K
pulling 9657d5771484:  81% ▕██████████████    ▏ 5.0 GB/6.2 GB   18 MB/s    1m5s[K[?25h[?2026l[?2026h[?25l[A[1Gpulling manifest [K
pulling 9657d5771484:  81% ▕██████████████    ▏ 5.0 GB/6.2 GB   18 MB/s    1m5s[K[?25h[?2026l[?2026h[?25l[A[1Gpulling manifest [K
pulling 9657d5771484:  81% ▕██████████████    ▏ 5.0 GB/6.2 GB   18 MB/s    1m5s[K[?25h[?2026l[?2026h[?25l[A[1Gpulling manifest [K
pulling 9657d5771484:  81% ▕██████████████    ▏ 5.0 GB/6.2 GB   19 MB/s    1m2s[K[?25h[?2026l[?2026h[?25l[A[1Gpulling manifest [K
pulling 9657d5771484:  81% ▕██████████████    ▏ 5.0 GB/6.2 GB   19 MB/s    1m2s[K[?25h[?2026l[?2026h[?25l[A[1Gpulling manifest [K
pulling 9657d5771484:  81% ▕██████████████    ▏ 5.0 GB/6.2 GB   19 MB/s    1m2s[K[?25h[?2026l[?2026h[?25l[A[1Gpulling manifest [K
pulling 9657d5771484:  81% ▕██████████████    ▏ 5.0 GB/6.2 GB   19 MB/s    1m2s[K[?25h[?2026l[?2026h[?25l[A[1Gpulling manifest [K
pulling 9657d5771484:  81% ▕██████████████    ▏ 5.0 GB/6.2 GB   19 MB/s    1m2s[K[?25h[?2026l[?2026h[?25l[A[1Gpulling manifest [K
pulling 9657d5771484:  81% ▕██████████████    ▏ 5.0 GB/6.2 GB   19 MB/s    1m1s[K[?25h[?2026l[?2026h[?25l[A[1Gpulling manifest [K
pulling 9657d5771484:  81% ▕██████████████    ▏ 5.0 GB/6.2 GB   19 MB/s    1m1s[K[?25h[?2026l[?2026h[?25l[A[1Gpulling manifest [K
pulling 9657d5771484:  81% ▕██████████████    ▏ 5.0 GB/6.2 GB   19 MB/s    1m1s[K[?25h[?2026l[?2026h[?25l[A[1Gpulling manifest [K
pulling 9657d5771484:  81% ▕██████████████    ▏ 5.0 GB/6.2 GB   19 MB/s    1m1s[K[?25h[?2026l[?2026h[?25l[A[1Gpulling manifest [K
pulling 9657d5771484:  81% ▕██████████████    ▏ 5.0 GB/6.2 GB   19 MB/s    1m1s[K[?25h[?2026l[?2026h[?25l[A[1Gpulling manifest [K
pulling 9657d5771484:  81% ▕██████████████    ▏ 5.0 GB/6.2 GB   19 MB/s     58s[K[?25h[?2026l[?2026h[?25l[A[1Gpulling manifest [K
pulling 9657d5771484:  81% ▕██████████████    ▏ 5.0 GB/6.2 GB   19 MB/s     58s[K[?25h[?2026l[?2026h[?25l[A[1Gpulling manifest [K
pulling 9657d5771484:  81% ▕██████████████    ▏ 5.0 GB/6.2 GB   19 MB/s     58s[K[?25h[?2026l[?2026h[?25l[A[1Gpulling manifest [K
pulling 9657d5771484:  81% ▕██████████████    ▏ 5.0 GB/6.2 GB   19 MB/s     58s[K[?25h[?2026l[?2026h[?25l[A[1Gpulling manifest [K
pulling 9657d5771484:  81% ▕██████████████    ▏ 5.0 GB/6.2 GB   19 MB/s     58s[K[?25h[?2026l[?2026h[?25l[A[1Gpulling manifest [K
pulling 9657d5771484:  81% ▕██████████████    ▏ 5.1 GB/6.2 GB   19 MB/s     58s[K[?25h[?2026l[?2026h[?25l[A[1Gpulling manifest [K
pulling 9657d5771484:  81% ▕██████████████    ▏ 5.1 GB/6.2 GB   19 MB/s     58s[K[?25h[?2026l[?2026h[?25l[A[1Gpulling manifest [K
pulling 9657d5771484:  81% ▕██████████████    ▏ 5.1 GB/6.2 GB   19 MB/s     58s[K[?25h[?2026l[?2026h[?25l[A[1Gpulling manifest [K
pulling 9657d5771484:  81% ▕██████████████    ▏ 5.1 GB/6.2 GB   19 MB/s     58s[K[?25h[?2026l[?2026h[?25l[A[1Gpulling manifest [K
pulling 9657d5771484:  81% ▕██████████████    ▏ 5.1 GB/6.2 GB   19 MB/s     58s[K[?25h[?2026l[?2026h[?25l[A[1Gpulling manifest [K
pulling 9657d5771484:  81% ▕██████████████    ▏ 5.1 GB/6.2 GB   20 MB/s     57s[K[?25h[?2026l[?2026h[?25l[A[1Gpulling manifest [K
pulling 9657d5771484:  81% ▕██████████████    ▏ 5.1 GB/6.2 GB   20 MB/s     57s[K[?25h[?2026l[?2026h[?25l[A[1Gpulling manifest [K
pulling 9657d5771484:  81% ▕██████████████    ▏ 5.1 GB/6.2 GB   20 MB/s     57s[K[?25h[?2026l[?2026h[?25l[A[1Gpulling manifest [K
pulling 9657d5771484:  81% ▕██████████████    ▏ 5.1 GB/6.2 GB   20 MB/s     57s[K[?25h[?2026l[?2026h[?25l[A[1Gpulling manifest [K
pulling 9657d5771484:  82% ▕██████████████    ▏ 5.1 GB/6.2 GB   20 MB/s     56s[K[?25h[?2026l[?2026h[?25l[A[1Gpulling manifest [K
pulling 9657d5771484:  82% ▕██████████████    ▏ 5.1 GB/6.2 GB   20 MB/s     56s[K[?25h[?2026l[?2026h[?25l[A[1Gpulling manifest [K
pulling 9657d5771484:  82% ▕██████████████    ▏ 5.1 GB/6.2 GB   20 MB/s     56s[K[?25h[?2026l[?2026h[?25l[A[1Gpulling manifest [K
pulling 9657d5771484:  82% ▕██████████████    ▏ 5.1 GB/6.2 GB   20 MB/s     56s[K[?25h[?2026l[?2026h[?25l[A[1Gpulling manifest [K
pulling 9657d5771484:  82% ▕██████████████    ▏ 5.1 GB/6.2 GB   20 MB/s     56s[K[?25h[?2026l[?2026h[?25l[A[1Gpulling manifest [K
pulling 9657d5771484:  82% ▕██████████████    ▏ 5.1 GB/6.2 GB   20 MB/s     56s[K[?25h[?2026l[?2026h[?25l[A[1Gpulling manifest [K
pulling 9657d5771484:  82% ▕██████████████    ▏ 5.1 GB/6.2 GB   20 MB/s     55s[K[?25h[?2026l[?2026h[?25l[A[1Gpulling manifest [K
pulling 9657d5771484:  82% ▕██████████████    ▏ 5.1 GB/6.2 GB   20 MB/s     55s[K[?25h[?2026l[?2026h[?25l[A[1Gpulling manifest [K
pulling 9657d5771484:  82% ▕██████████████    ▏ 5.1 GB/6.2 GB   20 MB/s     55s[K[?25h[?2026l[?2026h[?25l[A[1Gpulling manifest [K
pulling 9657d5771484:  82% ▕██████████████    ▏ 5.1 GB/6.2 GB   20 MB/s     55s[K[?25h[?2026l[?2026h[?25l[A[1Gpulling manifest [K
pulling 9657d5771484:  82% ▕██████████████    ▏ 5.1 GB/6.2 GB   20 MB/s     55s[K[?25h[?2026l[?2026h[?25l[A[1Gpulling manifest [K
pulling 9657d5771484:  82% ▕██████████████    ▏ 5.1 GB/6.2 GB   20 MB/s     55s[K[?25h[?2026l[?2026h[?25l[A[1Gpulling manifest [K
pulling 9657d5771484:  82% ▕██████████████    ▏ 5.1 GB/6.2 GB   20 MB/s     55s[K[?25h[?2026l[?2026h[?25l[A[1Gpulling manifest [K
pulling 9657d5771484:  82% ▕██████████████    ▏ 5.1 GB/6.2 GB   20 MB/s     54s[K[?25h[?2026l[?2026h[?25l[A[1Gpulling manifest [K
pulling 9657d5771484:  82% ▕██████████████    ▏ 5.1 GB/6.2 GB   20 MB/s     54s[K[?25h[?2026l[?2026h[?25l[A[1Gpulling manifest [K
pulling 9657d5771484:  82% ▕██████████████    ▏ 5.1 GB/6.2 GB   20 MB/s     54s[K[?25h[?2026l[?2026h[?25l[A[1Gpulling manifest [K
pulling 9657d5771484:  82% ▕██████████████    ▏ 5.1 GB/6.2 GB   20 MB/s     54s[K[?25h[?2026l[?2026h[?25l[A[1Gpulling manifest [K
pulling 9657d5771484:  82% ▕██████████████    ▏ 5.1 GB/6.2 GB   20 MB/s     54s[K[?25h[?2026l[?2026h[?25l[A[1Gpulling manifest [K
pulling 9657d5771484:  82% ▕██████████████    ▏ 5.1 GB/6.2 GB   20 MB/s     54s[K[?25h[?2026l[?2026h[?25l[A[1Gpulling manifest [K
pulling 9657d5771484:  82% ▕██████████████    ▏ 5.1 GB/6.2 GB   20 MB/s     54s[K[?25h[?2026l[?2026h[?25l[A[1Gpulling manifest [K
pulling 9657d5771484:  82% ▕██████████████    ▏ 5.1 GB/6.2 GB   20 MB/s     54s[K[?25h[?2026l[?2026h[?25l[A[1Gpulling manifest [K
pulling 9657d5771484:  82% ▕██████████████    ▏ 5.1 GB/6.2 GB   20 MB/s     54s[K[?25h[?2026l[?2026h[?25l[A[1Gpulling manifest [K
pulling 9657d5771484:  82% ▕██████████████    ▏ 5.1 GB/6.2 GB   20 MB/s     54s[K[?25h[?2026l[?2026h[?25l[A[1Gpulling manifest [K
pulling 9657d5771484:  82% ▕██████████████    ▏ 5.1 GB/6.2 GB   20 MB/s     53s[K[?25h[?2026l[?2026h[?25l[A[1Gpulling manifest [K
pulling 9657d5771484:  82% ▕██████████████    ▏ 5.1 GB/6.2 GB   20 MB/s     53s[K[?25h[?2026l[?2026h[?25l[A[1Gpulling manifest [K
pulling 9657d5771484:  82% ▕██████████████    ▏ 5.1 GB/6.2 GB   20 MB/s     53s[K[?25h[?2026l[?2026h[?25l[A[1Gpulling manifest [K
pulling 9657d5771484:  82% ▕██████████████    ▏ 5.1 GB/6.2 GB   20 MB/s     53s[K[?25h[?2026l[?2026h[?25l[A[1Gpulling manifest [K
pulling 9657d5771484:  82% ▕██████████████    ▏ 5.1 GB/6.2 GB   20 MB/s     53s[K[?25h[?2026l[?2026h[?25l[A[1Gpulling manifest [K
pulling 9657d5771484:  82% ▕██████████████    ▏ 5.1 GB/6.2 GB   20 MB/s     53s[K[?25h[?2026l[?2026h[?25l[A[1Gpulling manifest [K
pulling 9657d5771484:  82% ▕██████████████    ▏ 5.1 GB/6.2 GB   20 MB/s     53s[K[?25h[?2026l[?2026h[?25l[A[1Gpulling manifest [K
pulling 9657d5771484:  83% ▕██████████████    ▏ 5.1 GB/6.2 GB   20 MB/s     53s[K[?25h[?2026l[?2026h[?25l[A[1Gpulling manifest [K
pulling 9657d5771484:  83% ▕██████████████    ▏ 5.1 GB/6.2 GB   20 MB/s     53s[K[?25h[?2026l[?2026h[?25l[A[1Gpulling manifest [K
pulling 9657d5771484:  83% ▕██████████████    ▏ 5.1 GB/6.2 GB   20 MB/s     53s[K[?25h[?2026l[?2026h[?25l[A[1Gpulling manifest [K
pulling 9657d5771484:  83% ▕██████████████    ▏ 5.1 GB/6.2 GB   20 MB/s     53s[K[?25h[?2026l[?2026h[?25l[A[1Gpulling manifest [K
pulling 9657d5771484:  83% ▕██████████████    ▏ 5.1 GB/6.2 GB   20 MB/s     53s[K[?25h[?2026l[?2026h[?25l[A[1Gpulling manifest [K
pulling 9657d5771484:  83% ▕██████████████    ▏ 5.1 GB/6.2 GB   20 MB/s     52s[K[?25h[?2026l[?2026h[?25l[A[1Gpulling manifest [K
pulling 9657d5771484:  83% ▕██████████████    ▏ 5.1 GB/6.2 GB   20 MB/s     52s[K[?25h[?2026l[?2026h[?25l[A[1Gpulling manifest [K
pulling 9657d5771484:  83% ▕██████████████    ▏ 5.1 GB/6.2 GB   20 MB/s     51s[K[?25h[?2026l[?2026h[?25l[A[1Gpulling manifest [K
pulling 9657d5771484:  83% ▕██████████████    ▏ 5.1 GB/6.2 GB   20 MB/s     51s[K[?25h[?2026l[?2026h[?25l[A[1Gpulling manifest [K
pulling 9657d5771484:  83% ▕██████████████    ▏ 5.1 GB/6.2 GB   20 MB/s     51s[K[?25h[?2026l[?2026h[?25l[A[1Gpulling manifest [K
pulling 9657d5771484:  83% ▕██████████████    ▏ 5.2 GB/6.2 GB   20 MB/s     51s[K[?25h[?2026l[?2026h[?25l[A[1Gpulling manifest [K
pulling 9657d5771484:  83% ▕██████████████    ▏ 5.2 GB/6.2 GB   20 MB/s     51s[K[?25h[?2026l[?2026h[?25l[A[1Gpulling manifest [K
pulling 9657d5771484:  83% ▕██████████████    ▏ 5.2 GB/6.2 GB   20 MB/s     50s[K[?25h[?2026l[?2026h[?25l[A[1Gpulling manifest [K
pulling 9657d5771484:  83% ▕██████████████    ▏ 5.2 GB/6.2 GB   20 MB/s     50s[K[?25h[?2026l[?2026h[?25l[A[1Gpulling manifest [K
pulling 9657d5771484:  83% ▕██████████████    ▏ 5.2 GB/6.2 GB   20 MB/s     50s[K[?25h[?2026l[?2026h[?25l[A[1Gpulling manifest [K
pulling 9657d5771484:  83% ▕██████████████    ▏ 5.2 GB/6.2 GB   20 MB/s     50s[K[?25h[?2026l[?2026h[?25l[A[1Gpulling manifest [K
pulling 9657d5771484:  83% ▕██████████████    ▏ 5.2 GB/6.2 GB   20 MB/s     50s[K[?25h[?2026l[?2026h[?25l[A[1Gpulling manifest [K
pulling 9657d5771484:  83% ▕██████████████    ▏ 5.2 GB/6.2 GB   20 MB/s     50s[K[?25h[?2026l[?2026h[?25l[A[1Gpulling manifest [K
pulling 9657d5771484:  83% ▕██████████████    ▏ 5.2 GB/6.2 GB   20 MB/s     50s[K[?25h[?2026l[?2026h[?25l[A[1Gpulling manifest [K
pulling 9657d5771484:  83% ▕██████████████    ▏ 5.2 GB/6.2 GB   20 MB/s     50s[K[?25h[?2026l[?2026h[?25l[A[1Gpulling manifest [K
pulling 9657d5771484:  83% ▕██████████████    ▏ 5.2 GB/6.2 GB   20 MB/s     50s[K[?25h[?2026l[?2026h[?25l[A[1Gpulling manifest [K
pulling 9657d5771484:  83% ▕██████████████    ▏ 5.2 GB/6.2 GB   20 MB/s     50s[K[?25h[?2026l[?2026h[?25l[A[1Gpulling manifest [K
pulling 9657d5771484:  83% ▕██████████████    ▏ 5.2 GB/6.2 GB   20 MB/s     50s[K[?25h[?2026l[?2026h[?25l[A[1Gpulling manifest [K
pulling 9657d5771484:  83% ▕██████████████    ▏ 5.2 GB/6.2 GB   20 MB/s     50s[K[?25h[?2026l[?2026h[?25l[A[1Gpulling manifest [K
pulling 9657d5771484:  83% ▕██████████████    ▏ 5.2 GB/6.2 GB   20 MB/s     50s[K[?25h[?2026l[?2026h[?25l[A[1Gpulling manifest [K
pulling 9657d5771484:  83% ▕██████████████    ▏ 5.2 GB/6.2 GB   20 MB/s     50s[K[?25h[?2026l[?2026h[?25l[A[1Gpulling manifest [K
pulling 9657d5771484:  83% ▕██████████████    ▏ 5.2 GB/6.2 GB   20 MB/s     50s[K[?25h[?2026l[?2026h[?25l[A[1Gpulling manifest [K
pulling 9657d5771484:  83% ▕███████████████   ▏ 5.2 GB/6.2 GB   20 MB/s     50s[K[?25h[?2026l[?2026h[?25l[A[1Gpulling manifest [K
pulling 9657d5771484:  83% ▕███████████████   ▏ 5.2 GB/6.2 GB   20 MB/s     50s[K[?25h[?2026l[?2026h[?25l[A[1Gpulling manifest [K
pulling 9657d5771484:  83% ▕███████████████   ▏ 5.2 GB/6.2 GB   20 MB/s     50s[K[?25h[?2026l[?2026h[?25l[A[1Gpulling manifest [K
pulling 9657d5771484:  83% ▕███████████████   ▏ 5.2 GB/6.2 GB   20 MB/s     50s[K[?25h[?2026l[?2026h[?25l[A[1Gpulling manifest [K
pulling 9657d5771484:  83% ▕███████████████   ▏ 5.2 GB/6.2 GB   20 MB/s     50s[K[?25h[?2026l[?2026h[?25l[A[1Gpulling manifest [K
pulling 9657d5771484:  84% ▕███████████████   ▏ 5.2 GB/6.2 GB   20 MB/s     50s[K[?25h[?2026l[?2026h[?25l[A[1Gpulling manifest [K
pulling 9657d5771484:  84% ▕███████████████   ▏ 5.2 GB/6.2 GB   20 MB/s     50s[K[?25h[?2026l[?2026h[?25l[A[1Gpulling manifest [K
pulling 9657d5771484:  84% ▕███████████████   ▏ 5.2 GB/6.2 GB   20 MB/s     49s[K[?25h[?2026l[?2026h[?25l[A[1Gpulling manifest [K
pulling 9657d5771484:  84% ▕███████████████   ▏ 5.2 GB/6.2 GB   20 MB/s     49s[K[?25h[?2026l[?2026h[?25l[A[1Gpulling manifest [K
pulling 9657d5771484:  84% ▕███████████████   ▏ 5.2 GB/6.2 GB   20 MB/s     49s[K[?25h[?2026l[?2026h[?25l[A[1Gpulling manifest [K
pulling 9657d5771484:  84% ▕███████████████   ▏ 5.2 GB/6.2 GB   20 MB/s     49s[K[?25h[?2026l[?2026h[?25l[A[1Gpulling manifest [K
pulling 9657d5771484:  84% ▕███████████████   ▏ 5.2 GB/6.2 GB   20 MB/s     49s[K[?25h[?2026l[?2026h[?25l[A[1Gpulling manifest [K
pulling 9657d5771484:  84% ▕███████████████   ▏ 5.2 GB/6.2 GB   20 MB/s     49s[K[?25h[?2026l[?2026h[?25l[A[1Gpulling manifest [K
pulling 9657d5771484:  84% ▕███████████████   ▏ 5.2 GB/6.2 GB   20 MB/s     49s[K[?25h[?2026l[?2026h[?25l[A[1Gpulling manifest [K
pulling 9657d5771484:  84% ▕███████████████   ▏ 5.2 GB/6.2 GB   20 MB/s     49s[K[?25h[?2026l[?2026h[?25l[A[1Gpulling manifest [K
pulling 9657d5771484:  84% ▕███████████████   ▏ 5.2 GB/6.2 GB   20 MB/s     49s[K[?25h[?2026l[?2026h[?25l[A[1Gpulling manifest [K
pulling 9657d5771484:  84% ▕███████████████   ▏ 5.2 GB/6.2 GB   20 MB/s     49s[K[?25h[?2026l[?2026h[?25l[A[1Gpulling manifest [K
pulling 9657d5771484:  84% ▕███████████████   ▏ 5.2 GB/6.2 GB   20 MB/s     49s[K[?25h[?2026l[?2026h[?25l[A[1Gpulling manifest [K
pulling 9657d5771484:  84% ▕███████████████   ▏ 5.2 GB/6.2 GB   20 MB/s     49s[K[?25h[?2026l[?2026h[?25l[A[1Gpulling manifest [K
pulling 9657d5771484:  84% ▕███████████████   ▏ 5.2 GB/6.2 GB   20 MB/s     48s[K[?25h[?2026l[?2026h[?25l[A[1Gpulling manifest [K
pulling 9657d5771484:  84% ▕███████████████   ▏ 5.2 GB/6.2 GB   20 MB/s     48s[K[?25h[?2026l[?2026h[?25l[A[1Gpulling manifest [K
pulling 9657d5771484:  84% ▕███████████████   ▏ 5.2 GB/6.2 GB   20 MB/s     47s[K[?25h[?2026l[?2026h[?25l[A[1Gpulling manifest [K
pulling 9657d5771484:  84% ▕███████████████   ▏ 5.2 GB/6.2 GB   20 MB/s     47s[K[?25h[?2026l[?2026h[?25l[A[1Gpulling manifest [K
pulling 9657d5771484:  84% ▕███████████████   ▏ 5.2 GB/6.2 GB   20 MB/s     47s[K[?25h[?2026l[?2026h[?25l[A[1Gpulling manifest [K
pulling 9657d5771484:  84% ▕███████████████   ▏ 5.2 GB/6.2 GB   20 MB/s     47s[K[?25h[?2026l[?2026h[?25l[A[1Gpulling manifest [K
pulling 9657d5771484:  84% ▕███████████████   ▏ 5.2 GB/6.2 GB   20 MB/s     47s[K[?25h[?2026l[?2026h[?25l[A[1Gpulling manifest [K
pulling 9657d5771484:  84% ▕███████████████   ▏ 5.2 GB/6.2 GB   20 MB/s     47s[K[?25h[?2026l[?2026h[?25l[A[1Gpulling manifest [K
pulling 9657d5771484:  84% ▕███████████████   ▏ 5.2 GB/6.2 GB   20 MB/s     47s[K[?25h[?2026l[?2026h[?25l[A[1Gpulling manifest [K
pulling 9657d5771484:  84% ▕███████████████   ▏ 5.2 GB/6.2 GB   20 MB/s     47s[K[?25h[?2026l[?2026h[?25l[A[1Gpulling manifest [K
pulling 9657d5771484:  84% ▕███████████████   ▏ 5.2 GB/6.2 GB   20 MB/s     46s[K[?25h[?2026l[?2026h[?25l[A[1Gpulling manifest [K
pulling 9657d5771484:  84% ▕███████████████   ▏ 5.2 GB/6.2 GB   20 MB/s     46s[K[?25h[?2026l[?2026h[?25l[A[1Gpulling manifest [K
pulling 9657d5771484:  84% ▕███████████████   ▏ 5.2 GB/6.2 GB   20 MB/s     46s[K[?25h[?2026l[?2026h[?25l[A[1Gpulling manifest [K
pulling 9657d5771484:  84% ▕███████████████   ▏ 5.3 GB/6.2 GB   20 MB/s     45s[K[?25h[?2026l[?2026h[?25l[A[1Gpulling manifest [K
pulling 9657d5771484:  85% ▕███████████████   ▏ 5.3 GB/6.2 GB   20 MB/s     45s[K[?25h[?2026l[?2026h[?25l[A[1Gpulling manifest [K
pulling 9657d5771484:  85% ▕███████████████   ▏ 5.3 GB/6.2 GB   20 MB/s     45s[K[?25h[?2026l[?2026h[?25l[A[1Gpulling manifest [K
pulling 9657d5771484:  85% ▕███████████████   ▏ 5.3 GB/6.2 GB   20 MB/s     45s[K[?25h[?2026l[?2026h[?25l[A[1Gpulling manifest [K
pulling 9657d5771484:  85% ▕███████████████   ▏ 5.3 GB/6.2 GB   20 MB/s     45s[K[?25h[?2026l[?2026h[?25l[A[1Gpulling manifest [K
pulling 9657d5771484:  85% ▕███████████████   ▏ 5.3 GB/6.2 GB   20 MB/s     45s[K[?25h[?2026l[?2026h[?25l[A[1Gpulling manifest [K
pulling 9657d5771484:  85% ▕███████████████   ▏ 5.3 GB/6.2 GB   20 MB/s     45s[K[?25h[?2026l[?2026h[?25l[A[1Gpulling manifest [K
pulling 9657d5771484:  85% ▕███████████████   ▏ 5.3 GB/6.2 GB   20 MB/s     45s[K[?25h[?2026l[?2026h[?25l[A[1Gpulling manifest [K
pulling 9657d5771484:  85% ▕███████████████   ▏ 5.3 GB/6.2 GB   20 MB/s     45s[K[?25h[?2026l[?2026h[?25l[A[1Gpulling manifest [K
pulling 9657d5771484:  85% ▕███████████████   ▏ 5.3 GB/6.2 GB   20 MB/s     45s[K[?25h[?2026l[?2026h[?25l[A[1Gpulling manifest [K
pulling 9657d5771484:  85% ▕███████████████   ▏ 5.3 GB/6.2 GB   20 MB/s     44s[K[?25h[?2026l[?2026h[?25l[A[1Gpulling manifest [K
pulling 9657d5771484:  85% ▕███████████████   ▏ 5.3 GB/6.2 GB   20 MB/s     44s[K[?25h[?2026l[?2026h[?25l[A[1Gpulling manifest [K
pulling 9657d5771484:  85% ▕███████████████   ▏ 5.3 GB/6.2 GB   20 MB/s     44s[K[?25h[?2026l[?2026h[?25l[A[1Gpulling manifest [K
pulling 9657d5771484:  85% ▕███████████████   ▏ 5.3 GB/6.2 GB   20 MB/s     44s[K[?25h[?2026l[?2026h[?25l[A[1Gpulling manifest [K
pulling 9657d5771484:  85% ▕███████████████   ▏ 5.3 GB/6.2 GB   20 MB/s     44s[K[?25h[?2026l[?2026h[?25l[A[1Gpulling manifest [K
pulling 9657d5771484:  85% ▕███████████████   ▏ 5.3 GB/6.2 GB   20 MB/s     44s[K[?25h[?2026l[?2026h[?25l[A[1Gpulling manifest [K
pulling 9657d5771484:  85% ▕███████████████   ▏ 5.3 GB/6.2 GB   20 MB/s     44s[K[?25h[?2026l[?2026h[?25l[A[1Gpulling manifest [K
pulling 9657d5771484:  85% ▕███████████████   ▏ 5.3 GB/6.2 GB   20 MB/s     44s[K[?25h[?2026l[?2026h[?25l[A[1Gpulling manifest [K
pulling 9657d5771484:  85% ▕███████████████   ▏ 5.3 GB/6.2 GB   20 MB/s     44s[K[?25h[?2026l[?2026h[?25l[A[1Gpulling manifest [K
pulling 9657d5771484:  85% ▕███████████████   ▏ 5.3 GB/6.2 GB   20 MB/s     44s[K[?25h[?2026l[?2026h[?25l[A[1Gpulling manifest [K
pulling 9657d5771484:  85% ▕███████████████   ▏ 5.3 GB/6.2 GB   20 MB/s     44s[K[?25h[?2026l[?2026h[?25l[A[1Gpulling manifest [K
pulling 9657d5771484:  85% ▕███████████████   ▏ 5.3 GB/6.2 GB   20 MB/s     44s[K[?25h[?2026l[?2026h[?25l[A[1Gpulling manifest [K
pulling 9657d5771484:  85% ▕███████████████   ▏ 5.3 GB/6.2 GB   20 MB/s     44s[K[?25h[?2026l[?2026h[?25l[A[1Gpulling manifest [K
pulling 9657d5771484:  85% ▕███████████████   ▏ 5.3 GB/6.2 GB   20 MB/s     44s[K[?25h[?2026l[?2026h[?25l[A[1Gpulling manifest [K
pulling 9657d5771484:  85% ▕███████████████   ▏ 5.3 GB/6.2 GB   20 MB/s     44s[K[?25h[?2026l[?2026h[?25l[A[1Gpulling manifest [K
pulling 9657d5771484:  85% ▕███████████████   ▏ 5.3 GB/6.2 GB   20 MB/s     44s[K[?25h[?2026l[?2026h[?25l[A[1Gpulling manifest [K
pulling 9657d5771484:  85% ▕███████████████   ▏ 5.3 GB/6.2 GB   20 MB/s     43s[K[?25h[?2026l[?2026h[?25l[A[1Gpulling manifest [K
pulling 9657d5771484:  85% ▕███████████████   ▏ 5.3 GB/6.2 GB   20 MB/s     43s[K[?25h[?2026l[?2026h[?25l[A[1Gpulling manifest [K
pulling 9657d5771484:  85% ▕███████████████   ▏ 5.3 GB/6.2 GB   20 MB/s     43s[K[?25h[?2026l[?2026h[?25l[A[1Gpulling manifest [K
pulling 9657d5771484:  85% ▕███████████████   ▏ 5.3 GB/6.2 GB   20 MB/s     43s[K[?25h[?2026l[?2026h[?25l[A[1Gpulling manifest [K
pulling 9657d5771484:  85% ▕███████████████   ▏ 5.3 GB/6.2 GB   20 MB/s     43s[K[?25h[?2026l[?2026h[?25l[A[1Gpulling manifest [K
pulling 9657d5771484:  85% ▕███████████████   ▏ 5.3 GB/6.2 GB   20 MB/s     43s[K[?25h[?2026l[?2026h[?25l[A[1Gpulling manifest [K
pulling 9657d5771484:  86% ▕███████████████   ▏ 5.3 GB/6.2 GB   20 MB/s     42s[K[?25h[?2026l[?2026h[?25l[A[1Gpulling manifest [K
pulling 9657d5771484:  86% ▕███████████████   ▏ 5.3 GB/6.2 GB   20 MB/s     42s[K[?25h[?2026l[?2026h[?25l[A[1Gpulling manifest [K
pulling 9657d5771484:  86% ▕███████████████   ▏ 5.3 GB/6.2 GB   20 MB/s     42s[K[?25h[?2026l[?2026h[?25l[A[1Gpulling manifest [K
pulling 9657d5771484:  86% ▕███████████████   ▏ 5.3 GB/6.2 GB   20 MB/s     42s[K[?25h[?2026l[?2026h[?25l[A[1Gpulling manifest [K
pulling 9657d5771484:  86% ▕███████████████   ▏ 5.3 GB/6.2 GB   20 MB/s     42s[K[?25h[?2026l[?2026h[?25l[A[1Gpulling manifest [K
pulling 9657d5771484:  86% ▕███████████████   ▏ 5.3 GB/6.2 GB   20 MB/s     42s[K[?25h[?2026l[?2026h[?25l[A[1Gpulling manifest [K
pulling 9657d5771484:  86% ▕███████████████   ▏ 5.3 GB/6.2 GB   20 MB/s     42s[K[?25h[?2026l[?2026h[?25l[A[1Gpulling manifest [K
pulling 9657d5771484:  86% ▕███████████████   ▏ 5.3 GB/6.2 GB   20 MB/s     42s[K[?25h[?2026l[?2026h[?25l[A[1Gpulling manifest [K
pulling 9657d5771484:  86% ▕███████████████   ▏ 5.3 GB/6.2 GB   20 MB/s     42s[K[?25h[?2026l[?2026h[?25l[A[1Gpulling manifest [K
pulling 9657d5771484:  86% ▕███████████████   ▏ 5.3 GB/6.2 GB   20 MB/s     42s[K[?25h[?2026l[?2026h[?25l[A[1Gpulling manifest [K
pulling 9657d5771484:  86% ▕███████████████   ▏ 5.3 GB/6.2 GB   20 MB/s     42s[K[?25h[?2026l[?2026h[?25l[A[1Gpulling manifest [K
pulling 9657d5771484:  86% ▕███████████████   ▏ 5.3 GB/6.2 GB   20 MB/s     42s[K[?25h[?2026l[?2026h[?25l[A[1Gpulling manifest [K
pulling 9657d5771484:  86% ▕███████████████   ▏ 5.3 GB/6.2 GB   20 MB/s     42s[K[?25h[?2026l[?2026h[?25l[A[1Gpulling manifest [K
pulling 9657d5771484:  86% ▕███████████████   ▏ 5.3 GB/6.2 GB   20 MB/s     42s[K[?25h[?2026l[?2026h[?25l[A[1Gpulling manifest [K
pulling 9657d5771484:  86% ▕███████████████   ▏ 5.3 GB/6.2 GB   20 MB/s     41s[K[?25h[?2026l[?2026h[?25l[A[1Gpulling manifest [K
pulling 9657d5771484:  86% ▕███████████████   ▏ 5.3 GB/6.2 GB   20 MB/s     41s[K[?25h[?2026l[?2026h[?25l[A[1Gpulling manifest [K
pulling 9657d5771484:  86% ▕███████████████   ▏ 5.4 GB/6.2 GB   20 MB/s     41s[K[?25h[?2026l[?2026h[?25l[A[1Gpulling manifest [K
pulling 9657d5771484:  86% ▕███████████████   ▏ 5.4 GB/6.2 GB   20 MB/s     41s[K[?25h[?2026l[?2026h[?25l[A[1Gpulling manifest [K
pulling 9657d5771484:  86% ▕███████████████   ▏ 5.4 GB/6.2 GB   21 MB/s     40s[K[?25h[?2026l[?2026h[?25l[A[1Gpulling manifest [K
pulling 9657d5771484:  86% ▕███████████████   ▏ 5.4 GB/6.2 GB   21 MB/s     40s[K[?25h[?2026l[?2026h[?25l[A[1Gpulling manifest [K
pulling 9657d5771484:  86% ▕███████████████   ▏ 5.4 GB/6.2 GB   21 MB/s     40s[K[?25h[?2026l[?2026h[?25l[A[1Gpulling manifest [K
pulling 9657d5771484:  86% ▕███████████████   ▏ 5.4 GB/6.2 GB   21 MB/s     40s[K[?25h[?2026l[?2026h[?25l[A[1Gpulling manifest [K
pulling 9657d5771484:  86% ▕███████████████   ▏ 5.4 GB/6.2 GB   21 MB/s     40s[K[?25h[?2026l[?2026h[?25l[A[1Gpulling manifest [K
pulling 9657d5771484:  86% ▕███████████████   ▏ 5.4 GB/6.2 GB   21 MB/s     40s[K[?25h[?2026l[?2026h[?25l[A[1Gpulling manifest [K
pulling 9657d5771484:  86% ▕███████████████   ▏ 5.4 GB/6.2 GB   21 MB/s     39s[K[?25h[?2026l[?2026h[?25l[A[1Gpulling manifest [K
pulling 9657d5771484:  86% ▕███████████████   ▏ 5.4 GB/6.2 GB   21 MB/s     39s[K[?25h[?2026l[?2026h[?25l[A[1Gpulling manifest [K
pulling 9657d5771484:  86% ▕███████████████   ▏ 5.4 GB/6.2 GB   21 MB/s     39s[K[?25h[?2026l[?2026h[?25l[A[1Gpulling manifest [K
pulling 9657d5771484:  86% ▕███████████████   ▏ 5.4 GB/6.2 GB   21 MB/s     39s[K[?25h[?2026l[?2026h[?25l[A[1Gpulling manifest [K
pulling 9657d5771484:  86% ▕███████████████   ▏ 5.4 GB/6.2 GB   21 MB/s     39s[K[?25h[?2026l[?2026h[?25l[A[1Gpulling manifest [K
pulling 9657d5771484:  86% ▕███████████████   ▏ 5.4 GB/6.2 GB   21 MB/s     39s[K[?25h[?2026l[?2026h[?25l[A[1Gpulling manifest [K
pulling 9657d5771484:  86% ▕███████████████   ▏ 5.4 GB/6.2 GB   21 MB/s     39s[K[?25h[?2026l[?2026h[?25l[A[1Gpulling manifest [K
pulling 9657d5771484:  86% ▕███████████████   ▏ 5.4 GB/6.2 GB   21 MB/s     39s[K[?25h[?2026l[?2026h[?25l[A[1Gpulling manifest [K
pulling 9657d5771484:  87% ▕███████████████   ▏ 5.4 GB/6.2 GB   21 MB/s     38s[K[?25h[?2026l[?2026h[?25l[A[1Gpulling manifest [K
pulling 9657d5771484:  87% ▕███████████████   ▏ 5.4 GB/6.2 GB   21 MB/s     38s[K[?25h[?2026l[?2026h[?25l[A[1Gpulling manifest [K
pulling 9657d5771484:  87% ▕███████████████   ▏ 5.4 GB/6.2 GB   21 MB/s     38s[K[?25h[?2026l[?2026h[?25l[A[1Gpulling manifest [K
pulling 9657d5771484:  87% ▕███████████████   ▏ 5.4 GB/6.2 GB   21 MB/s     38s[K[?25h[?2026l[?2026h[?25l[A[1Gpulling manifest [K
pulling 9657d5771484:  87% ▕███████████████   ▏ 5.4 GB/6.2 GB   21 MB/s     38s[K[?25h[?2026l[?2026h[?25l[A[1Gpulling manifest [K
pulling 9657d5771484:  87% ▕███████████████   ▏ 5.4 GB/6.2 GB   21 MB/s     38s[K[?25h[?2026l[?2026h[?25l[A[1Gpulling manifest [K
pulling 9657d5771484:  87% ▕███████████████   ▏ 5.4 GB/6.2 GB   21 MB/s     39s[K[?25h[?2026l[?2026h[?25l[A[1Gpulling manifest [K
pulling 9657d5771484:  87% ▕███████████████   ▏ 5.4 GB/6.2 GB   21 MB/s     39s[K[?25h[?2026l[?2026h[?25l[A[1Gpulling manifest [K
pulling 9657d5771484:  87% ▕███████████████   ▏ 5.4 GB/6.2 GB   21 MB/s     39s[K[?25h[?2026l[?2026h[?25l[A[1Gpulling manifest [K
pulling 9657d5771484:  87% ▕███████████████   ▏ 5.4 GB/6.2 GB   21 MB/s     38s[K[?25h[?2026l[?2026h[?25l[A[1Gpulling manifest [K
pulling 9657d5771484:  87% ▕███████████████   ▏ 5.4 GB/6.2 GB   21 MB/s     38s[K[?25h[?2026l[?2026h[?25l[A[1Gpulling manifest [K
pulling 9657d5771484:  87% ▕███████████████   ▏ 5.4 GB/6.2 GB   21 MB/s     38s[K[?25h[?2026l[?2026h[?25l[A[1Gpulling manifest [K
pulling 9657d5771484:  87% ▕███████████████   ▏ 5.4 GB/6.2 GB   21 MB/s     38s[K[?25h[?2026l[?2026h[?25l[A[1Gpulling manifest [K
pulling 9657d5771484:  87% ▕███████████████   ▏ 5.4 GB/6.2 GB   21 MB/s     38s[K[?25h[?2026l[?2026h[?25l[A[1Gpulling manifest [K
pulling 9657d5771484:  87% ▕███████████████   ▏ 5.4 GB/6.2 GB   21 MB/s     38s[K[?25h[?2026l[?2026h[?25l[A[1Gpulling manifest [K
pulling 9657d5771484:  87% ▕███████████████   ▏ 5.4 GB/6.2 GB   21 MB/s     38s[K[?25h[?2026l[?2026h[?25l[A[1Gpulling manifest [K
pulling 9657d5771484:  87% ▕███████████████   ▏ 5.4 GB/6.2 GB   20 MB/s     38s[K[?25h[?2026l[?2026h[?25l[A[1Gpulling manifest [K
pulling 9657d5771484:  87% ▕███████████████   ▏ 5.4 GB/6.2 GB   20 MB/s     38s[K[?25h[?2026l[?2026h[?25l[A[1Gpulling manifest [K
pulling 9657d5771484:  87% ▕███████████████   ▏ 5.4 GB/6.2 GB   20 MB/s     38s[K[?25h[?2026l[?2026h[?25l[A[1Gpulling manifest [K
pulling 9657d5771484:  87% ▕███████████████   ▏ 5.4 GB/6.2 GB   20 MB/s     38s[K[?25h[?2026l[?2026h[?25l[A[1Gpulling manifest [K
pulling 9657d5771484:  87% ▕███████████████   ▏ 5.4 GB/6.2 GB   20 MB/s     38s[K[?25h[?2026l[?2026h[?25l[A[1Gpulling manifest [K
pulling 9657d5771484:  87% ▕███████████████   ▏ 5.4 GB/6.2 GB   20 MB/s     38s[K[?25h[?2026l[?2026h[?25l[A[1Gpulling manifest [K
pulling 9657d5771484:  87% ▕███████████████   ▏ 5.4 GB/6.2 GB   20 MB/s     38s[K[?25h[?2026l[?2026h[?25l[A[1Gpulling manifest [K
pulling 9657d5771484:  87% ▕███████████████   ▏ 5.4 GB/6.2 GB   20 MB/s     38s[K[?25h[?2026l[?2026h[?25l[A[1Gpulling manifest [K
pulling 9657d5771484:  87% ▕███████████████   ▏ 5.4 GB/6.2 GB   20 MB/s     37s[K[?25h[?2026l[?2026h[?25l[A[1Gpulling manifest [K
pulling 9657d5771484:  87% ▕███████████████   ▏ 5.4 GB/6.2 GB   20 MB/s     37s[K[?25h[?2026l[?2026h[?25l[A[1Gpulling manifest [K
pulling 9657d5771484:  87% ▕███████████████   ▏ 5.4 GB/6.2 GB   20 MB/s     37s[K[?25h[?2026l[?2026h[?25l[A[1Gpulling manifest [K
pulling 9657d5771484:  87% ▕███████████████   ▏ 5.4 GB/6.2 GB   20 MB/s     38s[K[?25h[?2026l[?2026h[?25l[A[1Gpulling manifest [K
pulling 9657d5771484:  87% ▕███████████████   ▏ 5.4 GB/6.2 GB   20 MB/s     38s[K[?25h[?2026l[?2026h[?25l[A[1Gpulling manifest [K
pulling 9657d5771484:  87% ▕███████████████   ▏ 5.4 GB/6.2 GB   20 MB/s     38s[K[?25h[?2026l[?2026h[?25l[A[1Gpulling manifest [K
pulling 9657d5771484:  88% ▕███████████████   ▏ 5.4 GB/6.2 GB   20 MB/s     37s[K[?25h[?2026l[?2026h[?25l[A[1Gpulling manifest [K
pulling 9657d5771484:  88% ▕███████████████   ▏ 5.4 GB/6.2 GB   20 MB/s     37s[K[?25h[?2026l[?2026h[?25l[A[1Gpulling manifest [K
pulling 9657d5771484:  88% ▕███████████████   ▏ 5.4 GB/6.2 GB   20 MB/s     37s[K[?25h[?2026l[?2026h[?25l[A[1Gpulling manifest [K
pulling 9657d5771484:  88% ▕███████████████   ▏ 5.4 GB/6.2 GB   20 MB/s     37s[K[?25h[?2026l[?2026h[?25l[A[1Gpulling manifest [K
pulling 9657d5771484:  88% ▕███████████████   ▏ 5.4 GB/6.2 GB   20 MB/s     37s[K[?25h[?2026l[?2026h[?25l[A[1Gpulling manifest [K
pulling 9657d5771484:  88% ▕███████████████   ▏ 5.5 GB/6.2 GB   20 MB/s     37s[K[?25h[?2026l[?2026h[?25l[A[1Gpulling manifest [K
pulling 9657d5771484:  88% ▕███████████████   ▏ 5.5 GB/6.2 GB   20 MB/s     37s[K[?25h[?2026l[?2026h[?25l[A[1Gpulling manifest [K
pulling 9657d5771484:  88% ▕███████████████   ▏ 5.5 GB/6.2 GB   20 MB/s     37s[K[?25h[?2026l[?2026h[?25l[A[1Gpulling manifest [K
pulling 9657d5771484:  88% ▕███████████████   ▏ 5.5 GB/6.2 GB   20 MB/s     36s[K[?25h[?2026l[?2026h[?25l[A[1Gpulling manifest [K
pulling 9657d5771484:  88% ▕███████████████   ▏ 5.5 GB/6.2 GB   20 MB/s     36s[K[?25h[?2026l[?2026h[?25l[A[1Gpulling manifest [K
pulling 9657d5771484:  88% ▕███████████████   ▏ 5.5 GB/6.2 GB   20 MB/s     36s[K[?25h[?2026l[?2026h[?25l[A[1Gpulling manifest [K
pulling 9657d5771484:  88% ▕███████████████   ▏ 5.5 GB/6.2 GB   20 MB/s     36s[K[?25h[?2026l[?2026h[?25l[A[1Gpulling manifest [K
pulling 9657d5771484:  88% ▕███████████████   ▏ 5.5 GB/6.2 GB   20 MB/s     36s[K[?25h[?2026l[?2026h[?25l[A[1Gpulling manifest [K
pulling 9657d5771484:  88% ▕███████████████   ▏ 5.5 GB/6.2 GB   20 MB/s     36s[K[?25h[?2026l[?2026h[?25l[A[1Gpulling manifest [K
pulling 9657d5771484:  88% ▕███████████████   ▏ 5.5 GB/6.2 GB   20 MB/s     36s[K[?25h[?2026l[?2026h[?25l[A[1Gpulling manifest [K
pulling 9657d5771484:  88% ▕███████████████   ▏ 5.5 GB/6.2 GB   20 MB/s     36s[K[?25h[?2026l[?2026h[?25l[A[1Gpulling manifest [K
pulling 9657d5771484:  88% ▕███████████████   ▏ 5.5 GB/6.2 GB   20 MB/s     36s[K[?25h[?2026l[?2026h[?25l[A[1Gpulling manifest [K
pulling 9657d5771484:  88% ▕███████████████   ▏ 5.5 GB/6.2 GB   20 MB/s     36s[K[?25h[?2026l[?2026h[?25l[A[1Gpulling manifest [K
pulling 9657d5771484:  88% ▕███████████████   ▏ 5.5 GB/6.2 GB   20 MB/s     35s[K[?25h[?2026l[?2026h[?25l[A[1Gpulling manifest [K
pulling 9657d5771484:  88% ▕███████████████   ▏ 5.5 GB/6.2 GB   20 MB/s     35s[K[?25h[?2026l[?2026h[?25l[A[1Gpulling manifest [K
pulling 9657d5771484:  88% ▕███████████████   ▏ 5.5 GB/6.2 GB   20 MB/s     35s[K[?25h[?2026l[?2026h[?25l[A[1Gpulling manifest [K
pulling 9657d5771484:  88% ▕███████████████   ▏ 5.5 GB/6.2 GB   20 MB/s     35s[K[?25h[?2026l[?2026h[?25l[A[1Gpulling manifest [K
pulling 9657d5771484:  88% ▕███████████████   ▏ 5.5 GB/6.2 GB   20 MB/s     35s[K[?25h[?2026l[?2026h[?25l[A[1Gpulling manifest [K
pulling 9657d5771484:  88% ▕███████████████   ▏ 5.5 GB/6.2 GB   20 MB/s     35s[K[?25h[?2026l[?2026h[?25l[A[1Gpulling manifest [K
pulling 9657d5771484:  88% ▕███████████████   ▏ 5.5 GB/6.2 GB   20 MB/s     35s[K[?25h[?2026l[?2026h[?25l[A[1Gpulling manifest [K
pulling 9657d5771484:  88% ▕███████████████   ▏ 5.5 GB/6.2 GB   20 MB/s     35s[K[?25h[?2026l[?2026h[?25l[A[1Gpulling manifest [K
pulling 9657d5771484:  88% ▕███████████████   ▏ 5.5 GB/6.2 GB   20 MB/s     35s[K[?25h[?2026l[?2026h[?25l[A[1Gpulling manifest [K
pulling 9657d5771484:  88% ▕███████████████   ▏ 5.5 GB/6.2 GB   19 MB/s     37s[K[?25h[?2026l[?2026h[?25l[A[1Gpulling manifest [K
pulling 9657d5771484:  88% ▕███████████████   ▏ 5.5 GB/6.2 GB   19 MB/s     36s[K[?25h[?2026l[?2026h[?25l[A[1Gpulling manifest [K
pulling 9657d5771484:  88% ▕███████████████   ▏ 5.5 GB/6.2 GB   19 MB/s     36s[K[?25h[?2026l[?2026h[?25l[A[1Gpulling manifest [K
pulling 9657d5771484:  88% ▕███████████████   ▏ 5.5 GB/6.2 GB   19 MB/s     36s[K[?25h[?2026l[?2026h[?25l[A[1Gpulling manifest [K
pulling 9657d5771484:  88% ▕███████████████   ▏ 5.5 GB/6.2 GB   19 MB/s     36s[K[?25h[?2026l[?2026h[?25l[A[1Gpulling manifest [K
pulling 9657d5771484:  88% ▕███████████████   ▏ 5.5 GB/6.2 GB   19 MB/s     36s[K[?25h[?2026l[?2026h[?25l[A[1Gpulling manifest [K
pulling 9657d5771484:  88% ▕███████████████   ▏ 5.5 GB/6.2 GB   19 MB/s     36s[K[?25h[?2026l[?2026h[?25l[A[1Gpulling manifest [K
pulling 9657d5771484:  88% ▕███████████████   ▏ 5.5 GB/6.2 GB   19 MB/s     36s[K[?25h[?2026l[?2026h[?25l[A[1Gpulling manifest [K
pulling 9657d5771484:  88% ▕███████████████   ▏ 5.5 GB/6.2 GB   19 MB/s     36s[K[?25h[?2026l[?2026h[?25l[A[1Gpulling manifest [K
pulling 9657d5771484:  88% ▕███████████████   ▏ 5.5 GB/6.2 GB   19 MB/s     36s[K[?25h[?2026l[?2026h[?25l[A[1Gpulling manifest [K
pulling 9657d5771484:  88% ▕███████████████   ▏ 5.5 GB/6.2 GB   18 MB/s     37s[K[?25h[?2026l[?2026h[?25l[A[1Gpulling manifest [K
pulling 9657d5771484:  88% ▕███████████████   ▏ 5.5 GB/6.2 GB   18 MB/s     37s[K[?25h[?2026l[?2026h[?25l[A[1Gpulling manifest [K
pulling 9657d5771484:  89% ▕███████████████   ▏ 5.5 GB/6.2 GB   18 MB/s     37s[K[?25h[?2026l[?2026h[?25l[A[1Gpulling manifest [K
pulling 9657d5771484:  89% ▕███████████████   ▏ 5.5 GB/6.2 GB   18 MB/s     37s[K[?25h[?2026l[?2026h[?25l[A[1Gpulling manifest [K
pulling 9657d5771484:  89% ▕███████████████   ▏ 5.5 GB/6.2 GB   18 MB/s     37s[K[?25h[?2026l[?2026h[?25l[A[1Gpulling manifest [K
pulling 9657d5771484:  89% ▕███████████████   ▏ 5.5 GB/6.2 GB   18 MB/s     37s[K[?25h[?2026l[?2026h[?25l[A[1Gpulling manifest [K
pulling 9657d5771484:  89% ▕███████████████   ▏ 5.5 GB/6.2 GB   18 MB/s     37s[K[?25h[?2026l[?2026h[?25l[A[1Gpulling manifest [K
pulling 9657d5771484:  89% ▕███████████████   ▏ 5.5 GB/6.2 GB   18 MB/s     37s[K[?25h[?2026l[?2026h[?25l[A[1Gpulling manifest [K
pulling 9657d5771484:  89% ▕███████████████   ▏ 5.5 GB/6.2 GB   18 MB/s     37s[K[?25h[?2026l[?2026h[?25l[A[1Gpulling manifest [K
pulling 9657d5771484:  89% ▕███████████████   ▏ 5.5 GB/6.2 GB   18 MB/s     37s[K[?25h[?2026l[?2026h[?25l[A[1Gpulling manifest [K
pulling 9657d5771484:  89% ▕███████████████   ▏ 5.5 GB/6.2 GB   18 MB/s     37s[K[?25h[?2026l[?2026h[?25l[A[1Gpulling manifest [K
pulling 9657d5771484:  89% ▕███████████████   ▏ 5.5 GB/6.2 GB   17 MB/s     40s[K[?25h[?2026l[?2026h[?25l[A[1Gpulling manifest [K
pulling 9657d5771484:  89% ▕███████████████   ▏ 5.5 GB/6.2 GB   17 MB/s     40s[K[?25h[?2026l[?2026h[?25l[A[1Gpulling manifest [K
pulling 9657d5771484:  89% ▕███████████████   ▏ 5.5 GB/6.2 GB   17 MB/s     40s[K[?25h[?2026l[?2026h[?25l[A[1Gpulling manifest [K
pulling 9657d5771484:  89% ▕███████████████   ▏ 5.5 GB/6.2 GB   17 MB/s     40s[K[?25h[?2026l[?2026h[?25l[A[1Gpulling manifest [K
pulling 9657d5771484:  89% ▕███████████████   ▏ 5.5 GB/6.2 GB   17 MB/s     40s[K[?25h[?2026l[?2026h[?25l[A[1Gpulling manifest [K
pulling 9657d5771484:  89% ▕███████████████   ▏ 5.5 GB/6.2 GB   17 MB/s     40s[K[?25h[?2026l[?2026h[?25l[A[1Gpulling manifest [K
pulling 9657d5771484:  89% ▕███████████████   ▏ 5.5 GB/6.2 GB   17 MB/s     40s[K[?25h[?2026l[?2026h[?25l[A[1Gpulling manifest [K
pulling 9657d5771484:  89% ▕███████████████   ▏ 5.5 GB/6.2 GB   17 MB/s     39s[K[?25h[?2026l[?2026h[?25l[A[1Gpulling manifest [K
pulling 9657d5771484:  89% ▕███████████████   ▏ 5.5 GB/6.2 GB   17 MB/s     39s[K[?25h[?2026l[?2026h[?25l[A[1Gpulling manifest [K
pulling 9657d5771484:  89% ▕███████████████   ▏ 5.5 GB/6.2 GB   17 MB/s     39s[K[?25h[?2026l[?2026h[?25l[A[1Gpulling manifest [K
pulling 9657d5771484:  89% ▕███████████████   ▏ 5.5 GB/6.2 GB   16 MB/s     42s[K[?25h[?2026l[?2026h[?25l[A[1Gpulling manifest [K
pulling 9657d5771484:  89% ▕███████████████   ▏ 5.5 GB/6.2 GB   16 MB/s     42s[K[?25h[?2026l[?2026h[?25l[A[1Gpulling manifest [K
pulling 9657d5771484:  89% ▕███████████████   ▏ 5.5 GB/6.2 GB   16 MB/s     42s[K[?25h[?2026l[?2026h[?25l[A[1Gpulling manifest [K
pulling 9657d5771484:  89% ▕███████████████   ▏ 5.5 GB/6.2 GB   16 MB/s     42s[K[?25h[?2026l[?2026h[?25l[A[1Gpulling manifest [K
pulling 9657d5771484:  89% ▕████████████████  ▏ 5.5 GB/6.2 GB   16 MB/s     42s[K[?25h[?2026l[?2026h[?25l[A[1Gpulling manifest [K
pulling 9657d5771484:  89% ▕████████████████  ▏ 5.5 GB/6.2 GB   16 MB/s     42s[K[?25h[?2026l[?2026h[?25l[A[1Gpulling manifest [K
pulling 9657d5771484:  89% ▕████████████████  ▏ 5.5 GB/6.2 GB   16 MB/s     42s[K[?25h[?2026l[?2026h[?25l[A[1Gpulling manifest [K
pulling 9657d5771484:  89% ▕████████████████  ▏ 5.5 GB/6.2 GB   16 MB/s     42s[K[?25h[?2026l[?2026h[?25l[A[1Gpulling manifest [K
pulling 9657d5771484:  89% ▕████████████████  ▏ 5.5 GB/6.2 GB   16 MB/s     42s[K[?25h[?2026l[?2026h[?25l[A[1Gpulling manifest [K
pulling 9657d5771484:  89% ▕████████████████  ▏ 5.5 GB/6.2 GB   16 MB/s     42s[K[?25h[?2026l[?2026h[?25l[A[1Gpulling manifest [K
pulling 9657d5771484:  89% ▕████████████████  ▏ 5.5 GB/6.2 GB   15 MB/s     43s[K[?25h[?2026l[?2026h[?25l[A[1Gpulling manifest [K
pulling 9657d5771484:  89% ▕████████████████  ▏ 5.5 GB/6.2 GB   15 MB/s     43s[K[?25h[?2026l[?2026h[?25l[A[1Gpulling manifest [K
pulling 9657d5771484:  89% ▕████████████████  ▏ 5.5 GB/6.2 GB   15 MB/s     42s[K[?25h[?2026l[?2026h[?25l[A[1Gpulling manifest [K
pulling 9657d5771484:  89% ▕████████████████  ▏ 5.5 GB/6.2 GB   15 MB/s     42s[K[?25h[?2026l[?2026h[?25l[A[1Gpulling manifest [K
pulling 9657d5771484:  89% ▕████████████████  ▏ 5.5 GB/6.2 GB   15 MB/s     42s[K[?25h[?2026l[?2026h[?25l[A[1Gpulling manifest [K
pulling 9657d5771484:  89% ▕████████████████  ▏ 5.5 GB/6.2 GB   15 MB/s     42s[K[?25h[?2026l[?2026h[?25l[A[1Gpulling manifest [K
pulling 9657d5771484:  89% ▕████████████████  ▏ 5.5 GB/6.2 GB   15 MB/s     42s[K[?25h[?2026l[?2026h[?25l[A[1Gpulling manifest [K
pulling 9657d5771484:  89% ▕████████████████  ▏ 5.5 GB/6.2 GB   15 MB/s     42s[K[?25h[?2026l[?2026h[?25l[A[1Gpulling manifest [K
pulling 9657d5771484:  89% ▕████████████████  ▏ 5.5 GB/6.2 GB   15 MB/s     42s[K[?25h[?2026l[?2026h[?25l[A[1Gpulling manifest [K
pulling 9657d5771484:  89% ▕████████████████  ▏ 5.5 GB/6.2 GB   15 MB/s     42s[K[?25h[?2026l[?2026h[?25l[A[1Gpulling manifest [K
pulling 9657d5771484:  89% ▕████████████████  ▏ 5.5 GB/6.2 GB   14 MB/s     44s[K[?25h[?2026l[?2026h[?25l[A[1Gpulling manifest [K
pulling 9657d5771484:  89% ▕████████████████  ▏ 5.5 GB/6.2 GB   14 MB/s     44s[K[?25h[?2026l[?2026h[?25l[A[1Gpulling manifest [K
pulling 9657d5771484:  89% ▕████████████████  ▏ 5.6 GB/6.2 GB   14 MB/s     44s[K[?25h[?2026l[?2026h[?25l[A[1Gpulling manifest [K
pulling 9657d5771484:  89% ▕████████████████  ▏ 5.6 GB/6.2 GB   14 MB/s     44s[K[?25h[?2026l[?2026h[?25l[A[1Gpulling manifest [K
pulling 9657d5771484:  89% ▕████████████████  ▏ 5.6 GB/6.2 GB   14 MB/s     44s[K[?25h[?2026l[?2026h[?25l[A[1Gpulling manifest [K
pulling 9657d5771484:  89% ▕████████████████  ▏ 5.6 GB/6.2 GB   14 MB/s     44s[K[?25h[?2026l[?2026h[?25l[A[1Gpulling manifest [K
pulling 9657d5771484:  89% ▕████████████████  ▏ 5.6 GB/6.2 GB   14 MB/s     44s[K[?25h[?2026l[?2026h[?25l[A[1Gpulling manifest [K
pulling 9657d5771484:  89% ▕████████████████  ▏ 5.6 GB/6.2 GB   14 MB/s     44s[K[?25h[?2026l[?2026h[?25l[A[1Gpulling manifest [K
pulling 9657d5771484:  89% ▕████████████████  ▏ 5.6 GB/6.2 GB   14 MB/s     43s[K[?25h[?2026l[?2026h[?25l[A[1Gpulling manifest [K
pulling 9657d5771484:  90% ▕████████████████  ▏ 5.6 GB/6.2 GB   14 MB/s     43s[K[?25h[?2026l[?2026h[?25l[A[1Gpulling manifest [K
pulling 9657d5771484:  90% ▕████████████████  ▏ 5.6 GB/6.2 GB   14 MB/s     43s[K[?25h[?2026l[?2026h[?25l[A[1Gpulling manifest [K
pulling 9657d5771484:  90% ▕████████████████  ▏ 5.6 GB/6.2 GB   14 MB/s     43s[K[?25h[?2026l[?2026h[?25l[A[1Gpulling manifest [K
pulling 9657d5771484:  90% ▕████████████████  ▏ 5.6 GB/6.2 GB   14 MB/s     43s[K[?25h[?2026l[?2026h[?25l[A[1Gpulling manifest [K
pulling 9657d5771484:  90% ▕████████████████  ▏ 5.6 GB/6.2 GB   14 MB/s     42s[K[?25h[?2026l[?2026h[?25l[A[1Gpulling manifest [K
pulling 9657d5771484:  90% ▕████████████████  ▏ 5.6 GB/6.2 GB   14 MB/s     42s[K[?25h[?2026l[?2026h[?25l[A[1Gpulling manifest [K
pulling 9657d5771484:  90% ▕████████████████  ▏ 5.6 GB/6.2 GB   14 MB/s     42s[K[?25h[?2026l[?2026h[?25l[A[1Gpulling manifest [K
pulling 9657d5771484:  90% ▕████████████████  ▏ 5.6 GB/6.2 GB   14 MB/s     42s[K[?25h[?2026l[?2026h[?25l[A[1Gpulling manifest [K
pulling 9657d5771484:  90% ▕████████████████  ▏ 5.6 GB/6.2 GB   14 MB/s     42s[K[?25h[?2026l[?2026h[?25l[A[1Gpulling manifest [K
pulling 9657d5771484:  90% ▕████████████████  ▏ 5.6 GB/6.2 GB   14 MB/s     42s[K[?25h[?2026l[?2026h[?25l[A[1Gpulling manifest [K
pulling 9657d5771484:  90% ▕████████████████  ▏ 5.6 GB/6.2 GB   14 MB/s     42s[K[?25h[?2026l[?2026h[?25l[A[1Gpulling manifest [K
pulling 9657d5771484:  90% ▕████████████████  ▏ 5.6 GB/6.2 GB   14 MB/s     41s[K[?25h[?2026l[?2026h[?25l[A[1Gpulling manifest [K
pulling 9657d5771484:  90% ▕████████████████  ▏ 5.6 GB/6.2 GB   15 MB/s     41s[K[?25h[?2026l[?2026h[?25l[A[1Gpulling manifest [K
pulling 9657d5771484:  90% ▕████████████████  ▏ 5.6 GB/6.2 GB   15 MB/s     41s[K[?25h[?2026l[?2026h[?25l[A[1Gpulling manifest [K
pulling 9657d5771484:  90% ▕████████████████  ▏ 5.6 GB/6.2 GB   15 MB/s     41s[K[?25h[?2026l[?2026h[?25l[A[1Gpulling manifest [K
pulling 9657d5771484:  90% ▕████████████████  ▏ 5.6 GB/6.2 GB   15 MB/s     41s[K[?25h[?2026l[?2026h[?25l[A[1Gpulling manifest [K
pulling 9657d5771484:  90% ▕████████████████  ▏ 5.6 GB/6.2 GB   15 MB/s     41s[K[?25h[?2026l[?2026h[?25l[A[1Gpulling manifest [K
pulling 9657d5771484:  90% ▕████████████████  ▏ 5.6 GB/6.2 GB   15 MB/s     40s[K[?25h[?2026l[?2026h[?25l[A[1Gpulling manifest [K
pulling 9657d5771484:  90% ▕████████████████  ▏ 5.6 GB/6.2 GB   15 MB/s     40s[K[?25h[?2026l[?2026h[?25l[A[1Gpulling manifest [K
pulling 9657d5771484:  90% ▕████████████████  ▏ 5.6 GB/6.2 GB   15 MB/s     40s[K[?25h[?2026l[?2026h[?25l[A[1Gpulling manifest [K
pulling 9657d5771484:  90% ▕████████████████  ▏ 5.6 GB/6.2 GB   15 MB/s     40s[K[?25h[?2026l[?2026h[?25l[A[1Gpulling manifest [K
pulling 9657d5771484:  90% ▕████████████████  ▏ 5.6 GB/6.2 GB   15 MB/s     40s[K[?25h[?2026l[?2026h[?25l[A[1Gpulling manifest [K
pulling 9657d5771484:  90% ▕████████████████  ▏ 5.6 GB/6.2 GB   15 MB/s     39s[K[?25h[?2026l[?2026h[?25l[A[1Gpulling manifest [K
pulling 9657d5771484:  90% ▕████████████████  ▏ 5.6 GB/6.2 GB   15 MB/s     39s[K[?25h[?2026l[?2026h[?25l[A[1Gpulling manifest [K
pulling 9657d5771484:  90% ▕████████████████  ▏ 5.6 GB/6.2 GB   15 MB/s     39s[K[?25h[?2026l[?2026h[?25l[A[1Gpulling manifest [K
pulling 9657d5771484:  90% ▕████████████████  ▏ 5.6 GB/6.2 GB   15 MB/s     38s[K[?25h[?2026l[?2026h[?25l[A[1Gpulling manifest [K
pulling 9657d5771484:  90% ▕████████████████  ▏ 5.6 GB/6.2 GB   15 MB/s     38s[K[?25h[?2026l[?2026h[?25l[A[1Gpulling manifest [K
pulling 9657d5771484:  90% ▕████████████████  ▏ 5.6 GB/6.2 GB   15 MB/s     38s[K[?25h[?2026l[?2026h[?25l[A[1Gpulling manifest [K
pulling 9657d5771484:  90% ▕████████████████  ▏ 5.6 GB/6.2 GB   15 MB/s     38s[K[?25h[?2026l[?2026h[?25l[A[1Gpulling manifest [K
pulling 9657d5771484:  91% ▕████████████████  ▏ 5.6 GB/6.2 GB   15 MB/s     38s[K[?25h[?2026l[?2026h[?25l[A[1Gpulling manifest [K
pulling 9657d5771484:  91% ▕████████████████  ▏ 5.6 GB/6.2 GB   15 MB/s     38s[K[?25h[?2026l[?2026h[?25l[A[1Gpulling manifest [K
pulling 9657d5771484:  91% ▕████████████████  ▏ 5.6 GB/6.2 GB   15 MB/s     38s[K[?25h[?2026l[?2026h[?25l[A[1Gpulling manifest [K
pulling 9657d5771484:  91% ▕████████████████  ▏ 5.6 GB/6.2 GB   16 MB/s     35s[K[?25h[?2026l[?2026h[?25l[A[1Gpulling manifest [K
pulling 9657d5771484:  91% ▕████████████████  ▏ 5.6 GB/6.2 GB   16 MB/s     35s[K[?25h[?2026l[?2026h[?25l[A[1Gpulling manifest [K
pulling 9657d5771484:  91% ▕████████████████  ▏ 5.6 GB/6.2 GB   16 MB/s     35s[K[?25h[?2026l[?2026h[?25l[A[1Gpulling manifest [K
pulling 9657d5771484:  91% ▕████████████████  ▏ 5.6 GB/6.2 GB   16 MB/s     35s[K[?25h[?2026l[?2026h[?25l[A[1Gpulling manifest [K
pulling 9657d5771484:  91% ▕████████████████  ▏ 5.6 GB/6.2 GB   16 MB/s     35s[K[?25h[?2026l[?2026h[?25l[A[1Gpulling manifest [K
pulling 9657d5771484:  91% ▕████████████████  ▏ 5.6 GB/6.2 GB   16 MB/s     35s[K[?25h[?2026l[?2026h[?25l[A[1Gpulling manifest [K
pulling 9657d5771484:  91% ▕████████████████  ▏ 5.6 GB/6.2 GB   16 MB/s     35s[K[?25h[?2026l[?2026h[?25l[A[1Gpulling manifest [K
pulling 9657d5771484:  91% ▕████████████████  ▏ 5.6 GB/6.2 GB   16 MB/s     34s[K[?25h[?2026l[?2026h[?25l[A[1Gpulling manifest [K
pulling 9657d5771484:  91% ▕████████████████  ▏ 5.7 GB/6.2 GB   16 MB/s     34s[K[?25h[?2026l[?2026h[?25l[A[1Gpulling manifest [K
pulling 9657d5771484:  91% ▕████████████████  ▏ 5.7 GB/6.2 GB   16 MB/s     34s[K[?25h[?2026l[?2026h[?25l[A[1Gpulling manifest [K
pulling 9657d5771484:  91% ▕████████████████  ▏ 5.7 GB/6.2 GB   17 MB/s     32s[K[?25h[?2026l[?2026h[?25l[A[1Gpulling manifest [K
pulling 9657d5771484:  91% ▕████████████████  ▏ 5.7 GB/6.2 GB   17 MB/s     32s[K[?25h[?2026l[?2026h[?25l[A[1Gpulling manifest [K
pulling 9657d5771484:  91% ▕████████████████  ▏ 5.7 GB/6.2 GB   17 MB/s     32s[K[?25h[?2026l[?2026h[?25l[A[1Gpulling manifest [K
pulling 9657d5771484:  91% ▕████████████████  ▏ 5.7 GB/6.2 GB   17 MB/s     32s[K[?25h[?2026l[?2026h[?25l[A[1Gpulling manifest [K
pulling 9657d5771484:  91% ▕████████████████  ▏ 5.7 GB/6.2 GB   17 MB/s     32s[K[?25h[?2026l[?2026h[?25l[A[1Gpulling manifest [K
pulling 9657d5771484:  91% ▕████████████████  ▏ 5.7 GB/6.2 GB   17 MB/s     32s[K[?25h[?2026l[?2026h[?25l[A[1Gpulling manifest [K
pulling 9657d5771484:  91% ▕████████████████  ▏ 5.7 GB/6.2 GB   17 MB/s     32s[K[?25h[?2026l[?2026h[?25l[A[1Gpulling manifest [K
pulling 9657d5771484:  91% ▕████████████████  ▏ 5.7 GB/6.2 GB   17 MB/s     31s[K[?25h[?2026l[?2026h[?25l[A[1Gpulling manifest [K
pulling 9657d5771484:  91% ▕████████████████  ▏ 5.7 GB/6.2 GB   17 MB/s     31s[K[?25h[?2026l[?2026h[?25l[A[1Gpulling manifest [K
pulling 9657d5771484:  91% ▕████████████████  ▏ 5.7 GB/6.2 GB   17 MB/s     31s[K[?25h[?2026l[?2026h[?25l[A[1Gpulling manifest [K
pulling 9657d5771484:  91% ▕████████████████  ▏ 5.7 GB/6.2 GB   18 MB/s     29s[K[?25h[?2026l[?2026h[?25l[A[1Gpulling manifest [K
pulling 9657d5771484:  91% ▕████████████████  ▏ 5.7 GB/6.2 GB   18 MB/s     29s[K[?25h[?2026l[?2026h[?25l[A[1Gpulling manifest [K
pulling 9657d5771484:  91% ▕████████████████  ▏ 5.7 GB/6.2 GB   18 MB/s     28s[K[?25h[?2026l[?2026h[?25l[A[1Gpulling manifest [K
pulling 9657d5771484:  91% ▕████████████████  ▏ 5.7 GB/6.2 GB   18 MB/s     28s[K[?25h[?2026l[?2026h[?25l[A[1Gpulling manifest [K
pulling 9657d5771484:  91% ▕████████████████  ▏ 5.7 GB/6.2 GB   18 MB/s     28s[K[?25h[?2026l[?2026h[?25l[A[1Gpulling manifest [K
pulling 9657d5771484:  91% ▕████████████████  ▏ 5.7 GB/6.2 GB   18 MB/s     28s[K[?25h[?2026l[?2026h[?25l[A[1Gpulling manifest [K
pulling 9657d5771484:  92% ▕████████████████  ▏ 5.7 GB/6.2 GB   18 MB/s     28s[K[?25h[?2026l[?2026h[?25l[A[1Gpulling manifest [K
pulling 9657d5771484:  92% ▕████████████████  ▏ 5.7 GB/6.2 GB   18 MB/s     28s[K[?25h[?2026l[?2026h[?25l[A[1Gpulling manifest [K
pulling 9657d5771484:  92% ▕████████████████  ▏ 5.7 GB/6.2 GB   18 MB/s     28s[K[?25h[?2026l[?2026h[?25l[A[1Gpulling manifest [K
pulling 9657d5771484:  92% ▕████████████████  ▏ 5.7 GB/6.2 GB   18 MB/s     28s[K[?25h[?2026l[?2026h[?25l[A[1Gpulling manifest [K
pulling 9657d5771484:  92% ▕████████████████  ▏ 5.7 GB/6.2 GB   18 MB/s     27s[K[?25h[?2026l[?2026h[?25l[A[1Gpulling manifest [K
pulling 9657d5771484:  92% ▕████████████████  ▏ 5.7 GB/6.2 GB   19 MB/s     26s[K[?25h[?2026l[?2026h[?25l[A[1Gpulling manifest [K
pulling 9657d5771484:  92% ▕████████████████  ▏ 5.7 GB/6.2 GB   19 MB/s     25s[K[?25h[?2026l[?2026h[?25l[A[1Gpulling manifest [K
pulling 9657d5771484:  92% ▕████████████████  ▏ 5.7 GB/6.2 GB   19 MB/s     25s[K[?25h[?2026l[?2026h[?25l[A[1Gpulling manifest [K
pulling 9657d5771484:  92% ▕████████████████  ▏ 5.7 GB/6.2 GB   19 MB/s     25s[K[?25h[?2026l[?2026h[?25l[A[1Gpulling manifest [K
pulling 9657d5771484:  92% ▕████████████████  ▏ 5.7 GB/6.2 GB   19 MB/s     25s[K[?25h[?2026l[?2026h[?25l[A[1Gpulling manifest [K
pulling 9657d5771484:  92% ▕████████████████  ▏ 5.7 GB/6.2 GB   19 MB/s     25s[K[?25h[?2026l[?2026h[?25l[A[1Gpulling manifest [K
pulling 9657d5771484:  92% ▕████████████████  ▏ 5.7 GB/6.2 GB   19 MB/s     25s[K[?25h[?2026l[?2026h[?25l[A[1Gpulling manifest [K
pulling 9657d5771484:  92% ▕████████████████  ▏ 5.7 GB/6.2 GB   19 MB/s     25s[K[?25h[?2026l[?2026h[?25l[A[1Gpulling manifest [K
pulling 9657d5771484:  92% ▕████████████████  ▏ 5.7 GB/6.2 GB   19 MB/s     25s[K[?25h[?2026l[?2026h[?25l[A[1Gpulling manifest [K
pulling 9657d5771484:  92% ▕████████████████  ▏ 5.7 GB/6.2 GB   19 MB/s     25s[K[?25h[?2026l[?2026h[?25l[A[1Gpulling manifest [K
pulling 9657d5771484:  92% ▕████████████████  ▏ 5.7 GB/6.2 GB   20 MB/s     23s[K[?25h[?2026l[?2026h[?25l[A[1Gpulling manifest [K
pulling 9657d5771484:  92% ▕████████████████  ▏ 5.7 GB/6.2 GB   20 MB/s     23s[K[?25h[?2026l[?2026h[?25l[A[1Gpulling manifest [K
pulling 9657d5771484:  92% ▕████████████████  ▏ 5.7 GB/6.2 GB   20 MB/s     23s[K[?25h[?2026l[?2026h[?25l[A[1Gpulling manifest [K
pulling 9657d5771484:  92% ▕████████████████  ▏ 5.7 GB/6.2 GB   20 MB/s     23s[K[?25h[?2026l[?2026h[?25l[A[1Gpulling manifest [K
pulling 9657d5771484:  92% ▕████████████████  ▏ 5.7 GB/6.2 GB   20 MB/s     23s[K[?25h[?2026l[?2026h[?25l[A[1Gpulling manifest [K
pulling 9657d5771484:  92% ▕████████████████  ▏ 5.7 GB/6.2 GB   20 MB/s     23s[K[?25h[?2026l[?2026h[?25l[A[1Gpulling manifest [K
pulling 9657d5771484:  92% ▕████████████████  ▏ 5.7 GB/6.2 GB   20 MB/s     22s[K[?25h[?2026l[?2026h[?25l[A[1Gpulling manifest [K
pulling 9657d5771484:  92% ▕████████████████  ▏ 5.7 GB/6.2 GB   20 MB/s     22s[K[?25h[?2026l[?2026h[?25l[A[1Gpulling manifest [K
pulling 9657d5771484:  92% ▕████████████████  ▏ 5.7 GB/6.2 GB   20 MB/s     22s[K[?25h[?2026l[?2026h[?25l[A[1Gpulling manifest [K
pulling 9657d5771484:  92% ▕████████████████  ▏ 5.7 GB/6.2 GB   20 MB/s     22s[K[?25h[?2026l[?2026h[?25l[A[1Gpulling manifest [K
pulling 9657d5771484:  92% ▕████████████████  ▏ 5.7 GB/6.2 GB   21 MB/s     21s[K[?25h[?2026l[?2026h[?25l[A[1Gpulling manifest [K
pulling 9657d5771484:  92% ▕████████████████  ▏ 5.7 GB/6.2 GB   21 MB/s     21s[K[?25h[?2026l[?2026h[?25l[A[1Gpulling manifest [K
pulling 9657d5771484:  92% ▕████████████████  ▏ 5.7 GB/6.2 GB   21 MB/s     21s[K[?25h[?2026l[?2026h[?25l[A[1Gpulling manifest [K
pulling 9657d5771484:  93% ▕████████████████  ▏ 5.8 GB/6.2 GB   21 MB/s     21s[K[?25h[?2026l[?2026h[?25l[A[1Gpulling manifest [K
pulling 9657d5771484:  93% ▕████████████████  ▏ 5.8 GB/6.2 GB   21 MB/s     21s[K[?25h[?2026l[?2026h[?25l[A[1Gpulling manifest [K
pulling 9657d5771484:  93% ▕████████████████  ▏ 5.8 GB/6.2 GB   21 MB/s     21s[K[?25h[?2026l[?2026h[?25l[A[1Gpulling manifest [K
pulling 9657d5771484:  93% ▕████████████████  ▏ 5.8 GB/6.2 GB   21 MB/s     21s[K[?25h[?2026l[?2026h[?25l[A[1Gpulling manifest [K
pulling 9657d5771484:  93% ▕████████████████  ▏ 5.8 GB/6.2 GB   21 MB/s     21s[K[?25h[?2026l[?2026h[?25l[A[1Gpulling manifest [K
pulling 9657d5771484:  93% ▕████████████████  ▏ 5.8 GB/6.2 GB   21 MB/s     20s[K[?25h[?2026l[?2026h[?25l[A[1Gpulling manifest [K
pulling 9657d5771484:  93% ▕████████████████  ▏ 5.8 GB/6.2 GB   21 MB/s     20s[K[?25h[?2026l[?2026h[?25l[A[1Gpulling manifest [K
pulling 9657d5771484:  93% ▕████████████████  ▏ 5.8 GB/6.2 GB   21 MB/s     21s[K[?25h[?2026l[?2026h[?25l[A[1Gpulling manifest [K
pulling 9657d5771484:  93% ▕████████████████  ▏ 5.8 GB/6.2 GB   21 MB/s     21s[K[?25h[?2026l[?2026h[?25l[A[1Gpulling manifest [K
pulling 9657d5771484:  93% ▕████████████████  ▏ 5.8 GB/6.2 GB   21 MB/s     20s[K[?25h[?2026l[?2026h[?25l[A[1Gpulling manifest [K
pulling 9657d5771484:  93% ▕████████████████  ▏ 5.8 GB/6.2 GB   21 MB/s     20s[K[?25h[?2026l[?2026h[?25l[A[1Gpulling manifest [K
pulling 9657d5771484:  93% ▕████████████████  ▏ 5.8 GB/6.2 GB   21 MB/s     20s[K[?25h[?2026l[?2026h[?25l[A[1Gpulling manifest [K
pulling 9657d5771484:  93% ▕████████████████  ▏ 5.8 GB/6.2 GB   21 MB/s     20s[K[?25h[?2026l[?2026h[?25l[A[1Gpulling manifest [K
pulling 9657d5771484:  93% ▕████████████████  ▏ 5.8 GB/6.2 GB   21 MB/s     20s[K[?25h[?2026l[?2026h[?25l[A[1Gpulling manifest [K
pulling 9657d5771484:  93% ▕████████████████  ▏ 5.8 GB/6.2 GB   21 MB/s     20s[K[?25h[?2026l[?2026h[?25l[A[1Gpulling manifest [K
pulling 9657d5771484:  93% ▕████████████████  ▏ 5.8 GB/6.2 GB   21 MB/s     20s[K[?25h[?2026l[?2026h[?25l[A[1Gpulling manifest [K
pulling 9657d5771484:  93% ▕████████████████  ▏ 5.8 GB/6.2 GB   21 MB/s     20s[K[?25h[?2026l[?2026h[?25l[A[1Gpulling manifest [K
pulling 9657d5771484:  93% ▕████████████████  ▏ 5.8 GB/6.2 GB   21 MB/s     20s[K[?25h[?2026l[?2026h[?25l[A[1Gpulling manifest [K
pulling 9657d5771484:  93% ▕████████████████  ▏ 5.8 GB/6.2 GB   21 MB/s     20s[K[?25h[?2026l[?2026h[?25l[A[1Gpulling manifest [K
pulling 9657d5771484:  93% ▕████████████████  ▏ 5.8 GB/6.2 GB   21 MB/s     19s[K[?25h[?2026l[?2026h[?25l[A[1Gpulling manifest [K
pulling 9657d5771484:  93% ▕████████████████  ▏ 5.8 GB/6.2 GB   21 MB/s     19s[K[?25h[?2026l[?2026h[?25l[A[1Gpulling manifest [K
pulling 9657d5771484:  93% ▕████████████████  ▏ 5.8 GB/6.2 GB   21 MB/s     19s[K[?25h[?2026l[?2026h[?25l[A[1Gpulling manifest [K
pulling 9657d5771484:  93% ▕████████████████  ▏ 5.8 GB/6.2 GB   21 MB/s     19s[K[?25h[?2026l[?2026h[?25l[A[1Gpulling manifest [K
pulling 9657d5771484:  93% ▕████████████████  ▏ 5.8 GB/6.2 GB   21 MB/s     19s[K[?25h[?2026l[?2026h[?25l[A[1Gpulling manifest [K
pulling 9657d5771484:  93% ▕████████████████  ▏ 5.8 GB/6.2 GB   21 MB/s     19s[K[?25h[?2026l[?2026h[?25l[A[1Gpulling manifest [K
pulling 9657d5771484:  93% ▕████████████████  ▏ 5.8 GB/6.2 GB   21 MB/s     19s[K[?25h[?2026l[?2026h[?25l[A[1Gpulling manifest [K
pulling 9657d5771484:  93% ▕████████████████  ▏ 5.8 GB/6.2 GB   21 MB/s     19s[K[?25h[?2026l[?2026h[?25l[A[1Gpulling manifest [K
pulling 9657d5771484:  93% ▕████████████████  ▏ 5.8 GB/6.2 GB   21 MB/s     19s[K[?25h[?2026l[?2026h[?25l[A[1Gpulling manifest [K
pulling 9657d5771484:  93% ▕████████████████  ▏ 5.8 GB/6.2 GB   21 MB/s     18s[K[?25h[?2026l[?2026h[?25l[A[1Gpulling manifest [K
pulling 9657d5771484:  93% ▕████████████████  ▏ 5.8 GB/6.2 GB   21 MB/s     18s[K[?25h[?2026l[?2026h[?25l[A[1Gpulling manifest [K
pulling 9657d5771484:  93% ▕████████████████  ▏ 5.8 GB/6.2 GB   21 MB/s     18s[K[?25h[?2026l[?2026h[?25l[A[1Gpulling manifest [K
pulling 9657d5771484:  94% ▕████████████████  ▏ 5.8 GB/6.2 GB   21 MB/s     18s[K[?25h[?2026l[?2026h[?25l[A[1Gpulling manifest [K
pulling 9657d5771484:  94% ▕████████████████  ▏ 5.8 GB/6.2 GB   21 MB/s     18s[K[?25h[?2026l[?2026h[?25l[A[1Gpulling manifest [K
pulling 9657d5771484:  94% ▕████████████████  ▏ 5.8 GB/6.2 GB   21 MB/s     18s[K[?25h[?2026l[?2026h[?25l[A[1Gpulling manifest [K
pulling 9657d5771484:  94% ▕████████████████  ▏ 5.8 GB/6.2 GB   21 MB/s     18s[K[?25h[?2026l[?2026h[?25l[A[1Gpulling manifest [K
pulling 9657d5771484:  94% ▕████████████████  ▏ 5.8 GB/6.2 GB   21 MB/s     18s[K[?25h[?2026l[?2026h[?25l[A[1Gpulling manifest [K
pulling 9657d5771484:  94% ▕████████████████  ▏ 5.8 GB/6.2 GB   21 MB/s     18s[K[?25h[?2026l[?2026h[?25l[A[1Gpulling manifest [K
pulling 9657d5771484:  94% ▕████████████████  ▏ 5.8 GB/6.2 GB   21 MB/s     17s[K[?25h[?2026l[?2026h[?25l[A[1Gpulling manifest [K
pulling 9657d5771484:  94% ▕████████████████  ▏ 5.8 GB/6.2 GB   21 MB/s     17s[K[?25h[?2026l[?2026h[?25l[A[1Gpulling manifest [K
pulling 9657d5771484:  94% ▕████████████████  ▏ 5.8 GB/6.2 GB   21 MB/s     17s[K[?25h[?2026l[?2026h[?25l[A[1Gpulling manifest [K
pulling 9657d5771484:  94% ▕████████████████  ▏ 5.8 GB/6.2 GB   21 MB/s     17s[K[?25h[?2026l[?2026h[?25l[A[1Gpulling manifest [K
pulling 9657d5771484:  94% ▕████████████████  ▏ 5.8 GB/6.2 GB   21 MB/s     17s[K[?25h[?2026l[?2026h[?25l[A[1Gpulling manifest [K
pulling 9657d5771484:  94% ▕████████████████  ▏ 5.8 GB/6.2 GB   21 MB/s     17s[K[?25h[?2026l[?2026h[?25l[A[1Gpulling manifest [K
pulling 9657d5771484:  94% ▕████████████████  ▏ 5.8 GB/6.2 GB   21 MB/s     17s[K[?25h[?2026l[?2026h[?25l[A[1Gpulling manifest [K
pulling 9657d5771484:  94% ▕████████████████  ▏ 5.8 GB/6.2 GB   21 MB/s     17s[K[?25h[?2026l[?2026h[?25l[A[1Gpulling manifest [K
pulling 9657d5771484:  94% ▕████████████████  ▏ 5.8 GB/6.2 GB   21 MB/s     17s[K[?25h[?2026l[?2026h[?25l[A[1Gpulling manifest [K
pulling 9657d5771484:  94% ▕████████████████  ▏ 5.8 GB/6.2 GB   21 MB/s     17s[K[?25h[?2026l[?2026h[?25l[A[1Gpulling manifest [K
pulling 9657d5771484:  94% ▕████████████████  ▏ 5.9 GB/6.2 GB   21 MB/s     16s[K[?25h[?2026l[?2026h[?25l[A[1Gpulling manifest [K
pulling 9657d5771484:  94% ▕████████████████  ▏ 5.9 GB/6.2 GB   21 MB/s     16s[K[?25h[?2026l[?2026h[?25l[A[1Gpulling manifest [K
pulling 9657d5771484:  94% ▕████████████████  ▏ 5.9 GB/6.2 GB   21 MB/s     16s[K[?25h[?2026l[?2026h[?25l[A[1Gpulling manifest [K
pulling 9657d5771484:  94% ▕████████████████  ▏ 5.9 GB/6.2 GB   21 MB/s     16s[K[?25h[?2026l[?2026h[?25l[A[1Gpulling manifest [K
pulling 9657d5771484:  94% ▕████████████████  ▏ 5.9 GB/6.2 GB   21 MB/s     16s[K[?25h[?2026l[?2026h[?25l[A[1Gpulling manifest [K
pulling 9657d5771484:  94% ▕████████████████  ▏ 5.9 GB/6.2 GB   21 MB/s     16s[K[?25h[?2026l[?2026h[?25l[A[1Gpulling manifest [K
pulling 9657d5771484:  94% ▕████████████████  ▏ 5.9 GB/6.2 GB   21 MB/s     16s[K[?25h[?2026l[?2026h[?25l[A[1Gpulling manifest [K
pulling 9657d5771484:  94% ▕████████████████  ▏ 5.9 GB/6.2 GB   21 MB/s     16s[K[?25h[?2026l[?2026h[?25l[A[1Gpulling manifest [K
pulling 9657d5771484:  94% ▕████████████████  ▏ 5.9 GB/6.2 GB   21 MB/s     16s[K[?25h[?2026l[?2026h[?25l[A[1Gpulling manifest [K
pulling 9657d5771484:  94% ▕████████████████  ▏ 5.9 GB/6.2 GB   21 MB/s     15s[K[?25h[?2026l[?2026h[?25l[A[1Gpulling manifest [K
pulling 9657d5771484:  94% ▕████████████████  ▏ 5.9 GB/6.2 GB   21 MB/s     15s[K[?25h[?2026l[?2026h[?25l[A[1Gpulling manifest [K
pulling 9657d5771484:  94% ▕█████████████████ ▏ 5.9 GB/6.2 GB   21 MB/s     15s[K[?25h[?2026l[?2026h[?25l[A[1Gpulling manifest [K
pulling 9657d5771484:  95% ▕█████████████████ ▏ 5.9 GB/6.2 GB   21 MB/s     15s[K[?25h[?2026l[?2026h[?25l[A[1Gpulling manifest [K
pulling 9657d5771484:  95% ▕█████████████████ ▏ 5.9 GB/6.2 GB   21 MB/s     15s[K[?25h[?2026l[?2026h[?25l[A[1Gpulling manifest [K
pulling 9657d5771484:  95% ▕█████████████████ ▏ 5.9 GB/6.2 GB   21 MB/s     15s[K[?25h[?2026l[?2026h[?25l[A[1Gpulling manifest [K
pulling 9657d5771484:  95% ▕█████████████████ ▏ 5.9 GB/6.2 GB   21 MB/s     15s[K[?25h[?2026l[?2026h[?25l[A[1Gpulling manifest [K
pulling 9657d5771484:  95% ▕█████████████████ ▏ 5.9 GB/6.2 GB   21 MB/s     15s[K[?25h[?2026l[?2026h[?25l[A[1Gpulling manifest [K
pulling 9657d5771484:  95% ▕█████████████████ ▏ 5.9 GB/6.2 GB   21 MB/s     15s[K[?25h[?2026l[?2026h[?25l[A[1Gpulling manifest [K
pulling 9657d5771484:  95% ▕█████████████████ ▏ 5.9 GB/6.2 GB   21 MB/s     15s[K[?25h[?2026l[?2026h[?25l[A[1Gpulling manifest [K
pulling 9657d5771484:  95% ▕█████████████████ ▏ 5.9 GB/6.2 GB   21 MB/s     15s[K[?25h[?2026l[?2026h[?25l[A[1Gpulling manifest [K
pulling 9657d5771484:  95% ▕█████████████████ ▏ 5.9 GB/6.2 GB   21 MB/s     14s[K[?25h[?2026l[?2026h[?25l[A[1Gpulling manifest [K
pulling 9657d5771484:  95% ▕█████████████████ ▏ 5.9 GB/6.2 GB   21 MB/s     14s[K[?25h[?2026l[?2026h[?25l[A[1Gpulling manifest [K
pulling 9657d5771484:  95% ▕█████████████████ ▏ 5.9 GB/6.2 GB   21 MB/s     14s[K[?25h[?2026l[?2026h[?25l[A[1Gpulling manifest [K
pulling 9657d5771484:  95% ▕█████████████████ ▏ 5.9 GB/6.2 GB   21 MB/s     14s[K[?25h[?2026l[?2026h[?25l[A[1Gpulling manifest [K
pulling 9657d5771484:  95% ▕█████████████████ ▏ 5.9 GB/6.2 GB   21 MB/s     14s[K[?25h[?2026l[?2026h[?25l[A[1Gpulling manifest [K
pulling 9657d5771484:  95% ▕█████████████████ ▏ 5.9 GB/6.2 GB   21 MB/s     14s[K[?25h[?2026l[?2026h[?25l[A[1Gpulling manifest [K
pulling 9657d5771484:  95% ▕█████████████████ ▏ 5.9 GB/6.2 GB   21 MB/s     14s[K[?25h[?2026l[?2026h[?25l[A[1Gpulling manifest [K
pulling 9657d5771484:  95% ▕█████████████████ ▏ 5.9 GB/6.2 GB   21 MB/s     14s[K[?25h[?2026l[?2026h[?25l[A[1Gpulling manifest [K
pulling 9657d5771484:  95% ▕█████████████████ ▏ 5.9 GB/6.2 GB   21 MB/s     14s[K[?25h[?2026l[?2026h[?25l[A[1Gpulling manifest [K
pulling 9657d5771484:  95% ▕█████████████████ ▏ 5.9 GB/6.2 GB   21 MB/s     14s[K[?25h[?2026l[?2026h[?25l[A[1Gpulling manifest [K
pulling 9657d5771484:  95% ▕█████████████████ ▏ 5.9 GB/6.2 GB   21 MB/s     13s[K[?25h[?2026l[?2026h[?25l[A[1Gpulling manifest [K
pulling 9657d5771484:  95% ▕█████████████████ ▏ 5.9 GB/6.2 GB   21 MB/s     13s[K[?25h[?2026l[?2026h[?25l[A[1Gpulling manifest [K
pulling 9657d5771484:  95% ▕█████████████████ ▏ 5.9 GB/6.2 GB   21 MB/s     13s[K[?25h[?2026l[?2026h[?25l[A[1Gpulling manifest [K
pulling 9657d5771484:  95% ▕█████████████████ ▏ 5.9 GB/6.2 GB   21 MB/s     13s[K[?25h[?2026l[?2026h[?25l[A[1Gpulling manifest [K
pulling 9657d5771484:  95% ▕█████████████████ ▏ 5.9 GB/6.2 GB   21 MB/s     13s[K[?25h[?2026l[?2026h[?25l[A[1Gpulling manifest [K
pulling 9657d5771484:  95% ▕█████████████████ ▏ 5.9 GB/6.2 GB   21 MB/s     13s[K[?25h[?2026l[?2026h[?25l[A[1Gpulling manifest [K
pulling 9657d5771484:  95% ▕█████████████████ ▏ 5.9 GB/6.2 GB   21 MB/s     13s[K[?25h[?2026l[?2026h[?25l[A[1Gpulling manifest [K
pulling 9657d5771484:  95% ▕█████████████████ ▏ 5.9 GB/6.2 GB   21 MB/s     13s[K[?25h[?2026l[?2026h[?25l[A[1Gpulling manifest [K
pulling 9657d5771484:  95% ▕█████████████████ ▏ 5.9 GB/6.2 GB   21 MB/s     13s[K[?25h[?2026l[?2026h[?25l[A[1Gpulling manifest [K
pulling 9657d5771484:  95% ▕█████████████████ ▏ 5.9 GB/6.2 GB   21 MB/s     12s[K[?25h[?2026l[?2026h[?25l[A[1Gpulling manifest [K
pulling 9657d5771484:  95% ▕█████████████████ ▏ 5.9 GB/6.2 GB   21 MB/s     12s[K[?25h[?2026l[?2026h[?25l[A[1Gpulling manifest [K
pulling 9657d5771484:  96% ▕█████████████████ ▏ 5.9 GB/6.2 GB   21 MB/s     12s[K[?25h[?2026l[?2026h[?25l[A[1Gpulling manifest [K
pulling 9657d5771484:  96% ▕█████████████████ ▏ 5.9 GB/6.2 GB   21 MB/s     12s[K[?25h[?2026l[?2026h[?25l[A[1Gpulling manifest [K
pulling 9657d5771484:  96% ▕█████████████████ ▏ 5.9 GB/6.2 GB   21 MB/s     12s[K[?25h[?2026l[?2026h[?25l[A[1Gpulling manifest [K
pulling 9657d5771484:  96% ▕█████████████████ ▏ 5.9 GB/6.2 GB   21 MB/s     12s[K[?25h[?2026l[?2026h[?25l[A[1Gpulling manifest [K
pulling 9657d5771484:  96% ▕█████████████████ ▏ 5.9 GB/6.2 GB   21 MB/s     12s[K[?25h[?2026l[?2026h[?25l[A[1Gpulling manifest [K
pulling 9657d5771484:  96% ▕█████████████████ ▏ 5.9 GB/6.2 GB   21 MB/s     12s[K[?25h[?2026l[?2026h[?25l[A[1Gpulling manifest [K
pulling 9657d5771484:  96% ▕█████████████████ ▏ 6.0 GB/6.2 GB   21 MB/s     12s[K[?25h[?2026l[?2026h[?25l[A[1Gpulling manifest [K
pulling 9657d5771484:  96% ▕█████████████████ ▏ 6.0 GB/6.2 GB   21 MB/s     12s[K[?25h[?2026l[?2026h[?25l[A[1Gpulling manifest [K
pulling 9657d5771484:  96% ▕█████████████████ ▏ 6.0 GB/6.2 GB   21 MB/s     12s[K[?25h[?2026l[?2026h[?25l[A[1Gpulling manifest [K
pulling 9657d5771484:  96% ▕█████████████████ ▏ 6.0 GB/6.2 GB   21 MB/s     11s[K[?25h[?2026l[?2026h[?25l[A[1Gpulling manifest [K
pulling 9657d5771484:  96% ▕█████████████████ ▏ 6.0 GB/6.2 GB   21 MB/s     11s[K[?25h[?2026l[?2026h[?25l[A[1Gpulling manifest [K
pulling 9657d5771484:  96% ▕█████████████████ ▏ 6.0 GB/6.2 GB   22 MB/s     11s[K[?25h[?2026l[?2026h[?25l[A[1Gpulling manifest [K
pulling 9657d5771484:  96% ▕█████████████████ ▏ 6.0 GB/6.2 GB   22 MB/s     11s[K[?25h[?2026l[?2026h[?25l[A[1Gpulling manifest [K
pulling 9657d5771484:  96% ▕█████████████████ ▏ 6.0 GB/6.2 GB   22 MB/s     11s[K[?25h[?2026l[?2026h[?25l[A[1Gpulling manifest [K
pulling 9657d5771484:  96% ▕█████████████████ ▏ 6.0 GB/6.2 GB   22 MB/s     11s[K[?25h[?2026l[?2026h[?25l[A[1Gpulling manifest [K
pulling 9657d5771484:  96% ▕█████████████████ ▏ 6.0 GB/6.2 GB   22 MB/s     10s[K[?25h[?2026l[?2026h[?25l[A[1Gpulling manifest [K
pulling 9657d5771484:  96% ▕█████████████████ ▏ 6.0 GB/6.2 GB   22 MB/s     10s[K[?25h[?2026l[?2026h[?25l[A[1Gpulling manifest [K
pulling 9657d5771484:  96% ▕█████████████████ ▏ 6.0 GB/6.2 GB   22 MB/s     10s[K[?25h[?2026l[?2026h[?25l[A[1Gpulling manifest [K
pulling 9657d5771484:  96% ▕█████████████████ ▏ 6.0 GB/6.2 GB   22 MB/s     10s[K[?25h[?2026l[?2026h[?25l[A[1Gpulling manifest [K
pulling 9657d5771484:  96% ▕█████████████████ ▏ 6.0 GB/6.2 GB   22 MB/s     10s[K[?25h[?2026l[?2026h[?25l[A[1Gpulling manifest [K
pulling 9657d5771484:  96% ▕█████████████████ ▏ 6.0 GB/6.2 GB   22 MB/s     10s[K[?25h[?2026l[?2026h[?25l[A[1Gpulling manifest [K
pulling 9657d5771484:  96% ▕█████████████████ ▏ 6.0 GB/6.2 GB   21 MB/s     10s[K[?25h[?2026l[?2026h[?25l[A[1Gpulling manifest [K
pulling 9657d5771484:  96% ▕█████████████████ ▏ 6.0 GB/6.2 GB   21 MB/s     10s[K[?25h[?2026l[?2026h[?25l[A[1Gpulling manifest [K
pulling 9657d5771484:  96% ▕█████████████████ ▏ 6.0 GB/6.2 GB   21 MB/s     10s[K[?25h[?2026l[?2026h[?25l[A[1Gpulling manifest [K
pulling 9657d5771484:  96% ▕█████████████████ ▏ 6.0 GB/6.2 GB   21 MB/s     10s[K[?25h[?2026l[?2026h[?25l[A[1Gpulling manifest [K
pulling 9657d5771484:  96% ▕█████████████████ ▏ 6.0 GB/6.2 GB   21 MB/s     10s[K[?25h[?2026l[?2026h[?25l[A[1Gpulling manifest [K
pulling 9657d5771484:  96% ▕█████████████████ ▏ 6.0 GB/6.2 GB   21 MB/s     10s[K[?25h[?2026l[?2026h[?25l[A[1Gpulling manifest [K
pulling 9657d5771484:  96% ▕█████████████████ ▏ 6.0 GB/6.2 GB   21 MB/s     10s[K[?25h[?2026l[?2026h[?25l[A[1Gpulling manifest [K
pulling 9657d5771484:  96% ▕█████████████████ ▏ 6.0 GB/6.2 GB   21 MB/s     10s[K[?25h[?2026l[?2026h[?25l[A[1Gpulling manifest [K
pulling 9657d5771484:  96% ▕█████████████████ ▏ 6.0 GB/6.2 GB   21 MB/s     10s[K[?25h[?2026l[?2026h[?25l[A[1Gpulling manifest [K
pulling 9657d5771484:  97% ▕█████████████████ ▏ 6.0 GB/6.2 GB   21 MB/s      9s[K[?25h[?2026l[?2026h[?25l[A[1Gpulling manifest [K
pulling 9657d5771484:  97% ▕█████████████████ ▏ 6.0 GB/6.2 GB   21 MB/s      9s[K[?25h[?2026l[?2026h[?25l[A[1Gpulling manifest [K
pulling 9657d5771484:  97% ▕█████████████████ ▏ 6.0 GB/6.2 GB   21 MB/s      9s[K[?25h[?2026l[?2026h[?25l[A[1Gpulling manifest [K
pulling 9657d5771484:  97% ▕█████████████████ ▏ 6.0 GB/6.2 GB   21 MB/s      9s[K[?25h[?2026l[?2026h[?25l[A[1Gpulling manifest [K
pulling 9657d5771484:  97% ▕█████████████████ ▏ 6.0 GB/6.2 GB   21 MB/s      9s[K[?25h[?2026l[?2026h[?25l[A[1Gpulling manifest [K
pulling 9657d5771484:  97% ▕█████████████████ ▏ 6.0 GB/6.2 GB   21 MB/s      9s[K[?25h[?2026l[?2026h[?25l[A[1Gpulling manifest [K
pulling 9657d5771484:  97% ▕█████████████████ ▏ 6.0 GB/6.2 GB   21 MB/s      9s[K[?25h[?2026l[?2026h[?25l[A[1Gpulling manifest [K
pulling 9657d5771484:  97% ▕█████████████████ ▏ 6.0 GB/6.2 GB   21 MB/s      9s[K[?25h[?2026l[?2026h[?25l[A[1Gpulling manifest [K
pulling 9657d5771484:  97% ▕█████████████████ ▏ 6.0 GB/6.2 GB   21 MB/s      9s[K[?25h[?2026l[?2026h[?25l[A[1Gpulling manifest [K
pulling 9657d5771484:  97% ▕█████████████████ ▏ 6.0 GB/6.2 GB   21 MB/s      8s[K[?25h[?2026l[?2026h[?25l[A[1Gpulling manifest [K
pulling 9657d5771484:  97% ▕█████████████████ ▏ 6.0 GB/6.2 GB   21 MB/s      8s[K[?25h[?2026l[?2026h[?25l[A[1Gpulling manifest [K
pulling 9657d5771484:  97% ▕█████████████████ ▏ 6.0 GB/6.2 GB   21 MB/s      8s[K[?25h[?2026l[?2026h[?25l[A[1Gpulling manifest [K
pulling 9657d5771484:  97% ▕█████████████████ ▏ 6.0 GB/6.2 GB   21 MB/s      8s[K[?25h[?2026l[?2026h[?25l[A[1Gpulling manifest [K
pulling 9657d5771484:  97% ▕█████████████████ ▏ 6.0 GB/6.2 GB   21 MB/s      8s[K[?25h[?2026l[?2026h[?25l[A[1Gpulling manifest [K
pulling 9657d5771484:  97% ▕█████████████████ ▏ 6.0 GB/6.2 GB   21 MB/s      8s[K[?25h[?2026l[?2026h[?25l[A[1Gpulling manifest [K
pulling 9657d5771484:  97% ▕█████████████████ ▏ 6.0 GB/6.2 GB   21 MB/s      8s[K[?25h[?2026l[?2026h[?25l[A[1Gpulling manifest [K
pulling 9657d5771484:  97% ▕█████████████████ ▏ 6.0 GB/6.2 GB   21 MB/s      8s[K[?25h[?2026l[?2026h[?25l[A[1Gpulling manifest [K
pulling 9657d5771484:  97% ▕█████████████████ ▏ 6.0 GB/6.2 GB   21 MB/s      8s[K[?25h[?2026l[?2026h[?25l[A[1Gpulling manifest [K
pulling 9657d5771484:  97% ▕█████████████████ ▏ 6.0 GB/6.2 GB   21 MB/s      7s[K[?25h[?2026l[?2026h[?25l[A[1Gpulling manifest [K
pulling 9657d5771484:  97% ▕█████████████████ ▏ 6.0 GB/6.2 GB   21 MB/s      7s[K[?25h[?2026l[?2026h[?25l[A[1Gpulling manifest [K
pulling 9657d5771484:  97% ▕█████████████████ ▏ 6.0 GB/6.2 GB   21 MB/s      7s[K[?25h[?2026l[?2026h[?25l[A[1Gpulling manifest [K
pulling 9657d5771484:  97% ▕█████████████████ ▏ 6.0 GB/6.2 GB   21 MB/s      7s[K[?25h[?2026l[?2026h[?25l[A[1Gpulling manifest [K
pulling 9657d5771484:  97% ▕█████████████████ ▏ 6.1 GB/6.2 GB   22 MB/s      7s[K[?25h[?2026l[?2026h[?25l[A[1Gpulling manifest [K
pulling 9657d5771484:  97% ▕█████████████████ ▏ 6.1 GB/6.2 GB   22 MB/s      7s[K[?25h[?2026l[?2026h[?25l[A[1Gpulling manifest [K
pulling 9657d5771484:  97% ▕█████████████████ ▏ 6.1 GB/6.2 GB   22 MB/s      7s[K[?25h[?2026l[?2026h[?25l[A[1Gpulling manifest [K
pulling 9657d5771484:  97% ▕█████████████████ ▏ 6.1 GB/6.2 GB   22 MB/s      7s[K[?25h[?2026l[?2026h[?25l[A[1Gpulling manifest [K
pulling 9657d5771484:  97% ▕█████████████████ ▏ 6.1 GB/6.2 GB   22 MB/s      7s[K[?25h[?2026l[?2026h[?25l[A[1Gpulling manifest [K
pulling 9657d5771484:  98% ▕█████████████████ ▏ 6.1 GB/6.2 GB   22 MB/s      6s[K[?25h[?2026l[?2026h[?25l[A[1Gpulling manifest [K
pulling 9657d5771484:  98% ▕█████████████████ ▏ 6.1 GB/6.2 GB   22 MB/s      6s[K[?25h[?2026l[?2026h[?25l[A[1Gpulling manifest [K
pulling 9657d5771484:  98% ▕█████████████████ ▏ 6.1 GB/6.2 GB   22 MB/s      6s[K[?25h[?2026l[?2026h[?25l[A[1Gpulling manifest [K
pulling 9657d5771484:  98% ▕█████████████████ ▏ 6.1 GB/6.2 GB   22 MB/s      6s[K[?25h[?2026l[?2026h[?25l[A[1Gpulling manifest [K
pulling 9657d5771484:  98% ▕█████████████████ ▏ 6.1 GB/6.2 GB   22 MB/s      6s[K[?25h[?2026l[?2026h[?25l[A[1Gpulling manifest [K
pulling 9657d5771484:  98% ▕█████████████████ ▏ 6.1 GB/6.2 GB   22 MB/s      6s[K[?25h[?2026l[?2026h[?25l[A[1Gpulling manifest [K
pulling 9657d5771484:  98% ▕█████████████████ ▏ 6.1 GB/6.2 GB   22 MB/s      6s[K[?25h[?2026l[?2026h[?25l[A[1Gpulling manifest [K
pulling 9657d5771484:  98% ▕█████████████████ ▏ 6.1 GB/6.2 GB   22 MB/s      6s[K[?25h[?2026l[?2026h[?25l[A[1Gpulling manifest [K
pulling 9657d5771484:  98% ▕█████████████████ ▏ 6.1 GB/6.2 GB   22 MB/s      6s[K[?25h[?2026l[?2026h[?25l[A[1Gpulling manifest [K
pulling 9657d5771484:  98% ▕█████████████████ ▏ 6.1 GB/6.2 GB   22 MB/s      5s[K[?25h[?2026l[?2026h[?25l[A[1Gpulling manifest [K
pulling 9657d5771484:  98% ▕█████████████████ ▏ 6.1 GB/6.2 GB   22 MB/s      5s[K[?25h[?2026l[?2026h[?25l[A[1Gpulling manifest [K
pulling 9657d5771484:  98% ▕█████████████████ ▏ 6.1 GB/6.2 GB   22 MB/s      5s[K[?25h[?2026l[?2026h[?25l[A[1Gpulling manifest [K
pulling 9657d5771484:  98% ▕█████████████████ ▏ 6.1 GB/6.2 GB   22 MB/s      5s[K[?25h[?2026l[?2026h[?25l[A[1Gpulling manifest [K
pulling 9657d5771484:  98% ▕█████████████████ ▏ 6.1 GB/6.2 GB   22 MB/s      5s[K[?25h[?2026l[?2026h[?25l[A[1Gpulling manifest [K
pulling 9657d5771484:  98% ▕█████████████████ ▏ 6.1 GB/6.2 GB   22 MB/s      5s[K[?25h[?2026l[?2026h[?25l[A[1Gpulling manifest [K
pulling 9657d5771484:  98% ▕█████████████████ ▏ 6.1 GB/6.2 GB   22 MB/s      5s[K[?25h[?2026l[?2026h[?25l[A[1Gpulling manifest [K
pulling 9657d5771484:  98% ▕█████████████████ ▏ 6.1 GB/6.2 GB   22 MB/s      5s[K[?25h[?2026l[?2026h[?25l[A[1Gpulling manifest [K
pulling 9657d5771484:  98% ▕█████████████████ ▏ 6.1 GB/6.2 GB   22 MB/s      4s[K[?25h[?2026l[?2026h[?25l[A[1Gpulling manifest [K
pulling 9657d5771484:  98% ▕█████████████████ ▏ 6.1 GB/6.2 GB   22 MB/s      4s[K[?25h[?2026l[?2026h[?25l[A[1Gpulling manifest [K
pulling 9657d5771484:  98% ▕█████████████████ ▏ 6.1 GB/6.2 GB   22 MB/s      4s[K[?25h[?2026l[?2026h[?25l[A[1Gpulling manifest [K
pulling 9657d5771484:  98% ▕█████████████████ ▏ 6.1 GB/6.2 GB   22 MB/s      4s[K[?25h[?2026l[?2026h[?25l[A[1Gpulling manifest [K
pulling 9657d5771484:  98% ▕█████████████████ ▏ 6.1 GB/6.2 GB   22 MB/s      4s[K[?25h[?2026l[?2026h[?25l[A[1Gpulling manifest [K
pulling 9657d5771484:  98% ▕█████████████████ ▏ 6.1 GB/6.2 GB   22 MB/s      4s[K[?25h[?2026l[?2026h[?25l[A[1Gpulling manifest [K
pulling 9657d5771484:  98% ▕█████████████████ ▏ 6.1 GB/6.2 GB   22 MB/s      4s[K[?25h[?2026l[?2026h[?25l[A[1Gpulling manifest [K
pulling 9657d5771484:  98% ▕█████████████████ ▏ 6.1 GB/6.2 GB   22 MB/s      4s[K[?25h[?2026l[?2026h[?25l[A[1Gpulling manifest [K
pulling 9657d5771484:  99% ▕█████████████████ ▏ 6.1 GB/6.2 GB   22 MB/s      4s[K[?25h[?2026l[?2026h[?25l[A[1Gpulling manifest [K
pulling 9657d5771484:  99% ▕█████████████████ ▏ 6.1 GB/6.2 GB   22 MB/s      3s[K[?25h[?2026l[?2026h[?25l[A[1Gpulling manifest [K
pulling 9657d5771484:  99% ▕█████████████████ ▏ 6.1 GB/6.2 GB   22 MB/s      3s[K[?25h[?2026l[?2026h[?25l[A[1Gpulling manifest [K
pulling 9657d5771484:  99% ▕█████████████████ ▏ 6.1 GB/6.2 GB   22 MB/s      3s[K[?25h[?2026l[?2026h[?25l[A[1Gpulling manifest [K
pulling 9657d5771484:  99% ▕█████████████████ ▏ 6.1 GB/6.2 GB   22 MB/s      3s[K[?25h[?2026l[?2026h[?25l[A[1Gpulling manifest [K
pulling 9657d5771484:  99% ▕█████████████████ ▏ 6.1 GB/6.2 GB   22 MB/s      3s[K[?25h[?2026l[?2026h[?25l[A[1Gpulling manifest [K
pulling 9657d5771484:  99% ▕█████████████████ ▏ 6.1 GB/6.2 GB   22 MB/s      3s[K[?25h[?2026l[?2026h[?25l[A[1Gpulling manifest [K
pulling 9657d5771484:  99% ▕█████████████████ ▏ 6.1 GB/6.2 GB   22 MB/s      3s[K[?25h[?2026l[?2026h[?25l[A[1Gpulling manifest [K
pulling 9657d5771484:  99% ▕█████████████████ ▏ 6.1 GB/6.2 GB   22 MB/s      3s[K[?25h[?2026l[?2026h[?25l[A[1Gpulling manifest [K
pulling 9657d5771484:  99% ▕█████████████████ ▏ 6.1 GB/6.2 GB   22 MB/s      3s[K[?25h[?2026l[?2026h[?25l[A[1Gpulling manifest [K
pulling 9657d5771484:  99% ▕█████████████████ ▏ 6.1 GB/6.2 GB   22 MB/s      3s[K[?25h[?2026l[?2026h[?25l[A[1Gpulling manifest [K
pulling 9657d5771484:  99% ▕█████████████████ ▏ 6.1 GB/6.2 GB   22 MB/s      3s[K[?25h[?2026l[?2026h[?25l[A[1Gpulling manifest [K
pulling 9657d5771484:  99% ▕█████████████████ ▏ 6.1 GB/6.2 GB   22 MB/s      2s[K[?25h[?2026l[?2026h[?25l[A[1Gpulling manifest [K
pulling 9657d5771484:  99% ▕█████████████████ ▏ 6.2 GB/6.2 GB   22 MB/s      2s[K[?25h[?2026l[?2026h[?25l[A[1Gpulling manifest [K
pulling 9657d5771484:  99% ▕█████████████████ ▏ 6.2 GB/6.2 GB   22 MB/s      2s[K[?25h[?2026l[?2026h[?25l[A[1Gpulling manifest [K
pulling 9657d5771484:  99% ▕█████████████████ ▏ 6.2 GB/6.2 GB   22 MB/s      2s[K[?25h[?2026l[?2026h[?25l[A[1Gpulling manifest [K
pulling 9657d5771484:  99% ▕█████████████████ ▏ 6.2 GB/6.2 GB   22 MB/s      2s[K[?25h[?2026l[?2026h[?25l[A[1Gpulling manifest [K
pulling 9657d5771484:  99% ▕█████████████████ ▏ 6.2 GB/6.2 GB   22 MB/s      2s[K[?25h[?2026l[?2026h[?25l[A[1Gpulling manifest [K
pulling 9657d5771484:  99% ▕█████████████████ ▏ 6.2 GB/6.2 GB   22 MB/s      2s[K[?25h[?2026l[?2026h[?25l[A[1Gpulling manifest [K
pulling 9657d5771484:  99% ▕█████████████████ ▏ 6.2 GB/6.2 GB   22 MB/s      2s[K[?25h[?2026l[?2026h[?25l[A[1Gpulling manifest [K
pulling 9657d5771484:  99% ▕█████████████████ ▏ 6.2 GB/6.2 GB   22 MB/s      2s[K[?25h[?2026l[?2026h[?25l[A[1Gpulling manifest [K
pulling 9657d5771484:  99% ▕█████████████████ ▏ 6.2 GB/6.2 GB   23 MB/s      1s[K[?25h[?2026l[?2026h[?25l[A[1Gpulling manifest [K
pulling 9657d5771484:  99% ▕█████████████████ ▏ 6.2 GB/6.2 GB   23 MB/s      1s[K[?25h[?2026l[?2026h[?25l[A[1Gpulling manifest [K
pulling 9657d5771484:  99% ▕█████████████████ ▏ 6.2 GB/6.2 GB   23 MB/s      1s[K[?25h[?2026l[?2026h[?25l[A[1Gpulling manifest [K
pulling 9657d5771484:  99% ▕█████████████████ ▏ 6.2 GB/6.2 GB   23 MB/s      1s[K[?25h[?2026l[?2026h[?25l[A[1Gpulling manifest [K
pulling 9657d5771484:  99% ▕█████████████████ ▏ 6.2 GB/6.2 GB   23 MB/s      1s[K[?25h[?2026l[?2026h[?25l[A[1Gpulling manifest [K
pulling 9657d5771484:  99% ▕█████████████████ ▏ 6.2 GB/6.2 GB   23 MB/s      1s[K[?25h[?2026l[?2026h[?25l[A[1Gpulling manifest [K
pulling 9657d5771484:  99% ▕█████████████████ ▏ 6.2 GB/6.2 GB   23 MB/s      1s[K[?25h[?2026l[?2026h[?25l[A[1Gpulling manifest [K
pulling 9657d5771484: 100% ▕█████████████████ ▏ 6.2 GB/6.2 GB   23 MB/s      1s[K[?25h[?2026l[?2026h[?25l[A[1Gpulling manifest [K
pulling 9657d5771484: 100% ▕█████████████████ ▏ 6.2 GB/6.2 GB   23 MB/s      1s[K[?25h[?2026l[?2026h[?25l[A[1Gpulling manifest [K
pulling 9657d5771484: 100% ▕█████████████████ ▏ 6.2 GB/6.2 GB   23 MB/s      1s[K[?25h[?2026l[?2026h[?25l[A[1Gpulling manifest [K
pulling 9657d5771484: 100% ▕█████████████████ ▏ 6.2 GB/6.2 GB   23 MB/s      1s[K[?25h[?2026l[?2026h[?25l[A[1Gpulling manifest [K
pulling 9657d5771484: 100% ▕█████████████████ ▏ 6.2 GB/6.2 GB   23 MB/s      1s[K[?25h[?2026l[?2026h[?25l[A[1Gpulling manifest [K
pulling 9657d5771484: 100% ▕█████████████████ ▏ 6.2 GB/6.2 GB   23 MB/s      0s[K[?25h[?2026l[?2026h[?25l[A[1Gpulling manifest [K
pulling 9657d5771484: 100% ▕█████████████████ ▏ 6.2 GB/6.2 GB   23 MB/s      0s[K[?25h[?2026l[?2026h[?25l[A[1Gpulling manifest [K
pulling 9657d5771484: 100% ▕█████████████████ ▏ 6.2 GB/6.2 GB   23 MB/s      0s[K[?25h[?2026l[?2026h[?25l[A[1Gpulling manifest [K
pulling 9657d5771484: 100% ▕█████████████████ ▏ 6.2 GB/6.2 GB   23 MB/s      0s[K[?25h[?2026l[?2026h[?25l[A[1Gpulling manifest [K
pulling 9657d5771484: 100% ▕█████████████████ ▏ 6.2 GB/6.2 GB   23 MB/s      0s[K[?25h[?2026l[?2026h[?25l[A[1Gpulling manifest [K
pulling 9657d5771484: 100% ▕█████████████████ ▏ 6.2 GB/6.2 GB   23 MB/s      0s[K[?25h[?2026l[?2026h[?25l[A[1Gpulling manifest [K
pulling 9657d5771484: 100% ▕█████████████████ ▏ 6.2 GB/6.2 GB   23 MB/s      0s[K[?25h[?2026l[?2026h[?25l[A[1Gpulling manifest [K
pulling 9657d5771484: 100% ▕█████████████████ ▏ 6.2 GB/6.2 GB   23 MB/s      0s[K[?25h[?2026l[?2026h[?25l[A[1Gpulling manifest [K
pulling 9657d5771484: 100% ▕█████████████████ ▏ 6.2 GB/6.2 GB   22 MB/s      0s[K[?25h[?2026l[?2026h[?25l[A[1Gpulling manifest [K
pulling 9657d5771484: 100% ▕█████████████████ ▏ 6.2 GB/6.2 GB   22 MB/s      0s[K[?25h[?2026l[?2026h[?25l[A[1Gpulling manifest [K
pulling 9657d5771484: 100% ▕█████████████████ ▏ 6.2 GB/6.2 GB   22 MB/s      0s[K[?25h[?2026l[?2026h[?25l[A[1Gpulling manifest [K
pulling 9657d5771484: 100% ▕█████████████████ ▏ 6.2 GB/6.2 GB   22 MB/s      0s[K[?25h[?2026l[?2026h[?25l[A[1Gpulling manifest [K
pulling 9657d5771484: 100% ▕█████████████████ ▏ 6.2 GB/6.2 GB   22 MB/s      0s[K[?25h[?2026l[?2026h[?25l[A[1Gpulling manifest [K
pulling 9657d5771484: 100% ▕█████████████████ ▏ 6.2 GB/6.2 GB   22 MB/s      0s[K[?25h[?2026l[?2026h[?25l[A[1Gpulling manifest [K
pulling 9657d5771484: 100% ▕█████████████████ ▏ 6.2 GB/6.2 GB   22 MB/s      0s[K[?25h[?2026l[?2026h[?25l[A[1Gpulling manifest [K
pulling 9657d5771484: 100% ▕█████████████████ ▏ 6.2 GB/6.2 GB   22 MB/s      0s[K[?25h[?2026l[?2026h[?25l[A[1Gpulling manifest [K
pulling 9657d5771484: 100% ▕█████████████████ ▏ 6.2 GB/6.2 GB   22 MB/s      0s[K[?25h[?2026l[?2026h[?25l[A[1Gpulling manifest [K
pulling 9657d5771484: 100% ▕█████████████████ ▏ 6.2 GB/6.2 GB   22 MB/s      0s[K[?25h[?2026l[?2026h[?25l[A[1Gpulling manifest [K
pulling 9657d5771484: 100% ▕█████████████████ ▏ 6.2 GB/6.2 GB   20 MB/s      0s[K[?25h[?2026l[?2026h[?25l[A[1Gpulling manifest [K
pulling 9657d5771484: 100% ▕█████████████████ ▏ 6.2 GB/6.2 GB   20 MB/s      0s[K[?25h[?2026l[?2026h[?25l[A[1Gpulling manifest [K
pulling 9657d5771484: 100% ▕█████████████████ ▏ 6.2 GB/6.2 GB   20 MB/s      0s[K[?25h[?2026l[?2026h[?25l[A[1Gpulling manifest [K
pulling 9657d5771484: 100% ▕█████████████████ ▏ 6.2 GB/6.2 GB   20 MB/s      0s[K
pulling c8472cd9daed: 100% ▕██████████████████▏   31 B                         [K
pulling 4657d3c61ff4: 100% ▕██████████████████▏   66 B                         [K[?25h[?2026l[?2026h[?25l[A[A[A[1Gpulling manifest [K
pulling 9657d5771484: 100% ▕█████████████████ ▏ 6.2 GB/6.2 GB   20 MB/s      0s[K
pulling c8472cd9daed: 100% ▕██████████████████▏   31 B                         [K
pulling 4657d3c61ff4: 100% ▕██████████████████▏   66 B                         [K[?25h[?2026l[?2026h[?25l[A[A[A[1Gpulling manifest [K
pulling 9657d5771484: 100% ▕█████████████████ ▏ 6.2 GB/6.2 GB   20 MB/s      0s[K
pulling c8472cd9daed: 100% ▕██████████████████▏   31 B                         [K
pulling 4657d3c61ff4: 100% ▕██████████████████▏   66 B                         [K[?25h[?2026l[?2026h[?25l[A[A[A[1Gpulling manifest [K
pulling 9657d5771484: 100% ▕█████████████████ ▏ 6.2 GB/6.2 GB   20 MB/s      0s[K
pulling c8472cd9daed: 100% ▕██████████████████▏   31 B                         [K
pulling 4657d3c61ff4: 100% ▕██████████████████▏   66 B                         [K[?25h[?2026l[?2026h[?25l[A[A[A[1Gpulling manifest [K
pulling 9657d5771484: 100% ▕█████████████████ ▏ 6.2 GB/6.2 GB   20 MB/s      0s[K
pulling c8472cd9daed: 100% ▕██████████████████▏   31 B                         [K
pulling 4657d3c61ff4: 100% ▕██████████████████▏   66 B                         [K[?25h[?2026l[?2026h[?25l[A[A[A[1Gpulling manifest [K
pulling 9657d5771484: 100% ▕█████████████████ ▏ 6.2 GB/6.2 GB   20 MB/s      0s[K
pulling c8472cd9daed: 100% ▕██████████████████▏   31 B                         [K
pulling 4657d3c61ff4: 100% ▕██████████████████▏   66 B                         [K
pulling 287c76b693ab: 100% ▕██████████████████▏  451 B                         [K
verifying sha256 digest ⠋ [K[?25h[?2026l[?2026h[?25l[A[A[A[A[A[1Gpulling manifest [K
pulling 9657d5771484: 100% ▕█████████████████ ▏ 6.2 GB/6.2 GB   20 MB/s      0s[K
pulling c8472cd9daed: 100% ▕██████████████████▏   31 B                         [K
pulling 4657d3c61ff4: 100% ▕██████████████████▏   66 B                         [K
pulling 287c76b693ab: 100% ▕██████████████████▏  451 B                         [K
verifying sha256 digest ⠙ [K[?25h[?2026l[?2026h[?25l[A[A[A[A[A[1Gpulling manifest [K
pulling 9657d5771484: 100% ▕█████████████████ ▏ 6.2 GB/6.2 GB   20 MB/s      0s[K
pulling c8472cd9daed: 100% ▕██████████████████▏   31 B                         [K
pulling 4657d3c61ff4: 100% ▕██████████████████▏   66 B                         [K
pulling 287c76b693ab: 100% ▕██████████████████▏  451 B                         [K
verifying sha256 digest ⠹ [K[?25h[?2026l[?2026h[?25l[A[A[A[A[A[1Gpulling manifest [K
pulling 9657d5771484: 100% ▕█████████████████ ▏ 6.2 GB/6.2 GB   20 MB/s      0s[K
pulling c8472cd9daed: 100% ▕██████████████████▏   31 B                         [K
pulling 4657d3c61ff4: 100% ▕██████████████████▏   66 B                         [K
pulling 287c76b693ab: 100% ▕██████████████████▏  451 B                         [K
verifying sha256 digest ⠸ [K[?25h[?2026l[?2026h[?25l[A[A[A[A[A[1Gpulling manifest [K
pulling 9657d5771484: 100% ▕█████████████████ ▏ 6.2 GB/6.2 GB   20 MB/s      0s[K
pulling c8472cd9daed: 100% ▕██████████████████▏   31 B                         [K
pulling 4657d3c61ff4: 100% ▕██████████████████▏   66 B                         [K
pulling 287c76b693ab: 100% ▕██████████████████▏  451 B                         [K
verifying sha256 digest ⠼ [K[?25h[?2026l[?2026h[?25l[A[A[A[A[A[1Gpulling manifest [K
pulling 9657d5771484: 100% ▕█████████████████ ▏ 6.2 GB/6.2 GB   20 MB/s      0s[K
pulling c8472cd9daed: 100% ▕██████████████████▏   31 B                         [K
pulling 4657d3c61ff4: 100% ▕██████████████████▏   66 B                         [K
pulling 287c76b693ab: 100% ▕██████████████████▏  451 B                         [K
verifying sha256 digest ⠴ [K[?25h[?2026l[?2026h[?25l[A[A[A[A[A[1Gpulling manifest [K
pulling 9657d5771484: 100% ▕█████████████████ ▏ 6.2 GB/6.2 GB   20 MB/s      0s[K
pulling c8472cd9daed: 100% ▕██████████████████▏   31 B                         [K
pulling 4657d3c61ff4: 100% ▕██████████████████▏   66 B                         [K
pulling 287c76b693ab: 100% ▕██████████████████▏  451 B                         [K
verifying sha256 digest ⠦ [K[?25h[?2026l[?2026h[?25l[A[A[A[A[A[1Gpulling manifest [K
pulling 9657d5771484: 100% ▕█████████████████ ▏ 6.2 GB/6.2 GB   20 MB/s      0s[K
pulling c8472cd9daed: 100% ▕██████████████████▏   31 B                         [K
pulling 4657d3c61ff4: 100% ▕██████████████████▏   66 B                         [K
pulling 287c76b693ab: 100% ▕██████████████████▏  451 B                         [K
verifying sha256 digest ⠧ [K[?25h[?2026l[?2026h[?25l[A[A[A[A[A[1Gpulling manifest [K
pulling 9657d5771484: 100% ▕█████████████████ ▏ 6.2 GB/6.2 GB   20 MB/s      0s[K
pulling c8472cd9daed: 100% ▕██████████████████▏   31 B                         [K
pulling 4657d3c61ff4: 100% ▕██████████████████▏   66 B                         [K
pulling 287c76b693ab: 100% ▕██████████████████▏  451 B                         [K
verifying sha256 digest ⠇ [K[?25h[?2026l[?2026h[?25l[A[A[A[A[A[1Gpulling manifest [K
pulling 9657d5771484: 100% ▕█████████████████ ▏ 6.2 GB/6.2 GB   20 MB/s      0s[K
pulling c8472cd9daed: 100% ▕██████████████████▏   31 B                         [K
pulling 4657d3c61ff4: 100% ▕██████████████████▏   66 B                         [K
pulling 287c76b693ab: 100% ▕██████████████████▏  451 B                         [K
verifying sha256 digest ⠏ [K[?25h[?2026l[?2026h[?25l[A[A[A[A[A[1Gpulling manifest [K
pulling 9657d5771484: 100% ▕█████████████████ ▏ 6.2 GB/6.2 GB   20 MB/s      0s[K
pulling c8472cd9daed: 100% ▕██████████████████▏   31 B                         [K
pulling 4657d3c61ff4: 100% ▕██████████████████▏   66 B                         [K
pulling 287c76b693ab: 100% ▕██████████████████▏  451 B                         [K
verifying sha256 digest ⠋ [K[?25h[?2026l[?2026h[?25l[A[A[A[A[A[1Gpulling manifest [K
pulling 9657d5771484: 100% ▕█████████████████ ▏ 6.2 GB/6.2 GB   20 MB/s      0s[K
pulling c8472cd9daed: 100% ▕██████████████████▏   31 B                         [K
pulling 4657d3c61ff4: 100% ▕██████████████████▏   66 B                         [K
pulling 287c76b693ab: 100% ▕██████████████████▏  451 B                         [K
verifying sha256 digest ⠙ [K[?25h[?2026l[?2026h[?25l[A[A[A[A[A[1Gpulling manifest [K
pulling 9657d5771484: 100% ▕█████████████████ ▏ 6.2 GB/6.2 GB   20 MB/s      0s[K
pulling c8472cd9daed: 100% ▕██████████████████▏   31 B                         [K
pulling 4657d3c61ff4: 100% ▕██████████████████▏   66 B                         [K
pulling 287c76b693ab: 100% ▕██████████████████▏  451 B                         [K
verifying sha256 digest ⠹ [K[?25h[?2026l[?2026h[?25l[A[A[A[A[A[1Gpulling manifest [K
pulling 9657d5771484: 100% ▕█████████████████ ▏ 6.2 GB/6.2 GB   20 MB/s      0s[K
pulling c8472cd9daed: 100% ▕██████████████████▏   31 B                         [K
pulling 4657d3c61ff4: 100% ▕██████████████████▏   66 B                         [K
pulling 287c76b693ab: 100% ▕██████████████████▏  451 B                         [K
verifying sha256 digest ⠸ [K[?25h[?2026l[?2026h[?25l[A[A[A[A[A[1Gpulling manifest [K
pulling 9657d5771484: 100% ▕█████████████████ ▏ 6.2 GB/6.2 GB   20 MB/s      0s[K
pulling c8472cd9daed: 100% ▕██████████████████▏   31 B                         [K
pulling 4657d3c61ff4: 100% ▕██████████████████▏   66 B                         [K
pulling 287c76b693ab: 100% ▕██████████████████▏  451 B                         [K
verifying sha256 digest ⠼ [K[?25h[?2026l[?2026h[?25l[A[A[A[A[A[1Gpulling manifest [K
pulling 9657d5771484: 100% ▕█████████████████ ▏ 6.2 GB/6.2 GB   20 MB/s      0s[K
pulling c8472cd9daed: 100% ▕██████████████████▏   31 B                         [K
pulling 4657d3c61ff4: 100% ▕██████████████████▏   66 B                         [K
pulling 287c76b693ab: 100% ▕██████████████████▏  451 B                         [K
verifying sha256 digest ⠴ [K[?25h[?2026l[?2026h[?25l[A[A[A[A[A[1Gpulling manifest [K
pulling 9657d5771484: 100% ▕█████████████████ ▏ 6.2 GB/6.2 GB   20 MB/s      0s[K
pulling c8472cd9daed: 100% ▕██████████████████▏   31 B                         [K
pulling 4657d3c61ff4: 100% ▕██████████████████▏   66 B                         [K
pulling 287c76b693ab: 100% ▕██████████████████▏  451 B                         [K
verifying sha256 digest ⠦ [K[?25h[?2026l[?2026h[?25l[A[A[A[A[A[1Gpulling manifest [K
pulling 9657d5771484: 100% ▕█████████████████ ▏ 6.2 GB/6.2 GB   20 MB/s      0s[K
pulling c8472cd9daed: 100% ▕██████████████████▏   31 B                         [K
pulling 4657d3c61ff4: 100% ▕██████████████████▏   66 B                         [K
pulling 287c76b693ab: 100% ▕██████████████████▏  451 B                         [K
verifying sha256 digest ⠧ [K[?25h[?2026l[?2026h[?25l[A[A[A[A[A[1Gpulling manifest [K
pulling 9657d5771484: 100% ▕█████████████████ ▏ 6.2 GB/6.2 GB   20 MB/s      0s[K
pulling c8472cd9daed: 100% ▕██████████████████▏   31 B                         [K
pulling 4657d3c61ff4: 100% ▕██████████████████▏   66 B                         [K
pulling 287c76b693ab: 100% ▕██████████████████▏  451 B                         [K
verifying sha256 digest ⠇ [K[?25h[?2026l[?2026h[?25l[A[A[A[A[A[1Gpulling manifest [K
pulling 9657d5771484: 100% ▕█████████████████ ▏ 6.2 GB/6.2 GB   20 MB/s      0s[K
pulling c8472cd9daed: 100% ▕██████████████████▏   31 B                         [K
pulling 4657d3c61ff4: 100% ▕██████████████████▏   66 B                         [K
pulling 287c76b693ab: 100% ▕██████████████████▏  451 B                         [K
verifying sha256 digest ⠏ [K[?25h[?2026l[?2026h[?25l[A[A[A[A[A[1Gpulling manifest [K
pulling 9657d5771484: 100% ▕█████████████████ ▏ 6.2 GB/6.2 GB   20 MB/s      0s[K
pulling c8472cd9daed: 100% ▕██████████████████▏   31 B                         [K
pulling 4657d3c61ff4: 100% ▕██████████████████▏   66 B                         [K
pulling 287c76b693ab: 100% ▕██████████████████▏  451 B                         [K
verifying sha256 digest ⠋ [K[?25h[?2026l[?2026h[?25l[A[A[A[A[A[1Gpulling manifest [K
pulling 9657d5771484: 100% ▕█████████████████ ▏ 6.2 GB/6.2 GB   20 MB/s      0s[K
pulling c8472cd9daed: 100% ▕██████████████████▏   31 B                         [K
pulling 4657d3c61ff4: 100% ▕██████████████████▏   66 B                         [K
pulling 287c76b693ab: 100% ▕██████████████████▏  451 B                         [K
verifying sha256 digest ⠙ [K[?25h[?2026l[?2026h[?25l[A[A[A[A[A[1Gpulling manifest [K
pulling 9657d5771484: 100% ▕█████████████████ ▏ 6.2 GB/6.2 GB   20 MB/s      0s[K
pulling c8472cd9daed: 100% ▕██████████████████▏   31 B                         [K
pulling 4657d3c61ff4: 100% ▕██████████████████▏   66 B                         [K
pulling 287c76b693ab: 100% ▕██████████████████▏  451 B                         [K
verifying sha256 digest ⠹ [K[?25h[?2026l[?2026h[?25l[A[A[A[A[A[1Gpulling manifest [K
pulling 9657d5771484: 100% ▕█████████████████ ▏ 6.2 GB/6.2 GB   20 MB/s      0s[K
pulling c8472cd9daed: 100% ▕██████████████████▏   31 B                         [K
pulling 4657d3c61ff4: 100% ▕██████████████████▏   66 B                         [K
pulling 287c76b693ab: 100% ▕██████████████████▏  451 B                         [K
verifying sha256 digest ⠸ [K[?25h[?2026l[?2026h[?25l[A[A[A[A[A[1Gpulling manifest [K
pulling 9657d5771484: 100% ▕█████████████████ ▏ 6.2 GB/6.2 GB   20 MB/s      0s[K
pulling c8472cd9daed: 100% ▕██████████████████▏   31 B                         [K
pulling 4657d3c61ff4: 100% ▕██████████████████▏   66 B                         [K
pulling 287c76b693ab: 100% ▕██████████████████▏  451 B                         [K
verifying sha256 digest ⠼ [K[?25h[?2026l[?2026h[?25l[A[A[A[A[A[1Gpulling manifest [K
pulling 9657d5771484: 100% ▕█████████████████ ▏ 6.2 GB/6.2 GB   20 MB/s      0s[K
pulling c8472cd9daed: 100% ▕██████████████████▏   31 B                         [K
pulling 4657d3c61ff4: 100% ▕██████████████████▏   66 B                         [K
pulling 287c76b693ab: 100% ▕██████████████████▏  451 B                         [K
verifying sha256 digest ⠴ [K[?25h[?2026l[?2026h[?25l[A[A[A[A[A[1Gpulling manifest [K
pulling 9657d5771484: 100% ▕█████████████████ ▏ 6.2 GB/6.2 GB   20 MB/s      0s[K
pulling c8472cd9daed: 100% ▕██████████████████▏   31 B                         [K
pulling 4657d3c61ff4: 100% ▕██████████████████▏   66 B                         [K
pulling 287c76b693ab: 100% ▕██████████████████▏  451 B                         [K
verifying sha256 digest ⠦ [K[?25h[?2026l[?2026h[?25l[A[A[A[A[A[1Gpulling manifest [K
pulling 9657d5771484: 100% ▕█████████████████ ▏ 6.2 GB/6.2 GB   20 MB/s      0s[K
pulling c8472cd9daed: 100% ▕██████████████████▏   31 B                         [K
pulling 4657d3c61ff4: 100% ▕██████████████████▏   66 B                         [K
pulling 287c76b693ab: 100% ▕██████████████████▏  451 B                         [K
verifying sha256 digest ⠧ [K[?25h[?2026l[?2026h[?25l[A[A[A[A[A[1Gpulling manifest [K
pulling 9657d5771484: 100% ▕█████████████████ ▏ 6.2 GB/6.2 GB   20 MB/s      0s[K
pulling c8472cd9daed: 100% ▕██████████████████▏   31 B                         [K
pulling 4657d3c61ff4: 100% ▕██████████████████▏   66 B                         [K
pulling 287c76b693ab: 100% ▕██████████████████▏  451 B                         [K
verifying sha256 digest ⠇ [K[?25h[?2026l[?2026h[?25l[A[A[A[A[A[1Gpulling manifest [K
pulling 9657d5771484: 100% ▕█████████████████ ▏ 6.2 GB/6.2 GB   20 MB/s      0s[K
pulling c8472cd9daed: 100% ▕██████████████████▏   31 B                         [K
pulling 4657d3c61ff4: 100% ▕██████████████████▏   66 B                         [K
pulling 287c76b693ab: 100% ▕██████████████████▏  451 B                         [K
verifying sha256 digest ⠏ [K[?25h[?2026l[?2026h[?25l[A[A[A[A[A[1Gpulling manifest [K
pulling 9657d5771484: 100% ▕█████████████████ ▏ 6.2 GB/6.2 GB   20 MB/s      0s[K
pulling c8472cd9daed: 100% ▕██████████████████▏   31 B                         [K
pulling 4657d3c61ff4: 100% ▕██████████████████▏   66 B                         [K
pulling 287c76b693ab: 100% ▕██████████████████▏  451 B                         [K
verifying sha256 digest ⠋ [K[?25h[?2026l[?2026h[?25l[A[A[A[A[A[1Gpulling manifest [K
pulling 9657d5771484: 100% ▕█████████████████ ▏ 6.2 GB/6.2 GB   20 MB/s      0s[K
pulling c8472cd9daed: 100% ▕██████████████████▏   31 B                         [K
pulling 4657d3c61ff4: 100% ▕██████████████████▏   66 B                         [K
pulling 287c76b693ab: 100% ▕██████████████████▏  451 B                         [K
verifying sha256 digest ⠙ [K[?25h[?2026l[?2026h[?25l[A[A[A[A[A[1Gpulling manifest [K
pulling 9657d5771484: 100% ▕█████████████████ ▏ 6.2 GB/6.2 GB   20 MB/s      0s[K
pulling c8472cd9daed: 100% ▕██████████████████▏   31 B                         [K
pulling 4657d3c61ff4: 100% ▕██████████████████▏   66 B                         [K
pulling 287c76b693ab: 100% ▕██████████████████▏  451 B                         [K
verifying sha256 digest ⠹ [K[?25h[?2026l[?2026h[?25l[A[A[A[A[A[1Gpulling manifest [K
pulling 9657d5771484: 100% ▕█████████████████ ▏ 6.2 GB/6.2 GB   20 MB/s      0s[K
pulling c8472cd9daed: 100% ▕██████████████████▏   31 B                         [K
pulling 4657d3c61ff4: 100% ▕██████████████████▏   66 B                         [K
pulling 287c76b693ab: 100% ▕██████████████████▏  451 B                         [K
verifying sha256 digest ⠸ [K[?25h[?2026l[?2026h[?25l[A[A[A[A[A[1Gpulling manifest [K
pulling 9657d5771484: 100% ▕█████████████████ ▏ 6.2 GB/6.2 GB   20 MB/s      0s[K
pulling c8472cd9daed: 100% ▕██████████████████▏   31 B                         [K
pulling 4657d3c61ff4: 100% ▕██████████████████▏   66 B                         [K
pulling 287c76b693ab: 100% ▕██████████████████▏  451 B                         [K
verifying sha256 digest [K
writing manifest [K
success [K[?25h[?2026l
